Step,Image,Issue Type,Detection Method,Treatment,Rationale
Part 3,evoDJI_0007_frame118,Blurry Image,Laplacian Var < 50,Flagged,Loss of 4K texture
Part 3,evoDJI_0009_frame168,Blurry Image,Laplacian Var < 50,Flagged,Loss of 4K texture
Part 3,evoDJI_0009_frame257,Blurry Image,Laplacian Var < 50,Flagged,Loss of 4K texture
Part 3,evoDJI_0001_frame3,Blurry Image,Laplacian Var < 50,Flagged,Loss of 4K texture
Part 3,evoDJI_0009_frame148,Blurry Image,Laplacian Var < 50,Flagged,Loss of 4K texture
Part 3,evoDJI_0007_frame326,Blurry Image,Laplacian Var < 50,Flagged,Loss of 4K texture
Part 3,heinola_DJI_0036_frame117,Blurry Image,Laplacian Var < 50,Flagged,Loss of 4K texture
Part 3,evoDJI_0009_frame126,Blurry Image,Laplacian Var < 50,Flagged,Loss of 4K texture
Part 3,heinola_DJI_0048_frame101,Blurry Image,Laplacian Var < 50,Flagged,Loss of 4K texture
Part 3,evoDJI_0007_frame146,Blurry Image,Laplacian Var < 50,Flagged,Loss of 4K texture
Part 3,evoDJI_0009_frame232,Blurry Image,Laplacian Var < 50,Flagged,Loss of 4K texture
Part 3,evoDJI_0001_frame1,Blurry Image,Laplacian Var < 50,Flagged,Loss of 4K texture
Part 3,heinola_DJI_0048_frame89,Blurry Image,Laplacian Var < 50,Flagged,Loss of 4K texture
Part 3,evoDJI_0009_frame122,Blurry Image,Laplacian Var < 50,Flagged,Loss of 4K texture
Part 3,heinola_DJI_0036_frame236,Blurry Image,Laplacian Var < 50,Flagged,Loss of 4K texture
Part 3,evoDJI_0009_frame179,Blurry Image,Laplacian Var < 50,Flagged,Loss of 4K texture
Part 3,evoDJI_0001_frame269,Blurry Image,Laplacian Var < 50,Flagged,Loss of 4K texture
Part 3,evoDJI_0009_frame92,Blurry Image,Laplacian Var < 50,Flagged,Loss of 4K texture
Part 3,evoDJI_0009_frame253,Blurry Image,Laplacian Var < 50,Flagged,Loss of 4K texture
Part 3,evoDJI_0009_frame235,Blurry Image,Laplacian Var < 50,Flagged,Loss of 4K texture
Part 3,evoDJI_0009_frame28,Blurry Image,Laplacian Var < 50,Flagged,Loss of 4K texture
Part 3,evoDJI_0009_frame114,Blurry Image,Laplacian Var < 50,Flagged,Loss of 4K texture
Part 3,evoDJI_0007_frame133,Blurry Image,Laplacian Var < 50,Flagged,Loss of 4K texture
Part 3,evoDJI_0009_frame54,Blurry Image,Laplacian Var < 50,Flagged,Loss of 4K texture
Part 3,heinola_DJI_0036_frame113,Blurry Image,Laplacian Var < 50,Flagged,Loss of 4K texture
Part 3,evoDJI_0009_frame233,Blurry Image,Laplacian Var < 50,Flagged,Loss of 4K texture
Part 3,heinola_DJI_0048_frame96,Blurry Image,Laplacian Var < 50,Flagged,Loss of 4K texture
Part 3,evoDJI_0007_frame214,Blurry Image,Laplacian Var < 50,Flagged,Loss of 4K texture
Part 3,evoDJI_0009_frame10,Blurry Image,Laplacian Var < 50,Flagged,Loss of 4K texture
Part 3,heinola_DJI_0033_frame174,Blurry Image,Laplacian Var < 50,Flagged,Loss of 4K texture
Part 3,heinola_DJI_0029_frame178,Blurry Image,Laplacian Var < 50,Flagged,Loss of 4K texture
Part 3,evoDJI_0009_frame101,Blurry Image,Laplacian Var < 50,Flagged,Loss of 4K texture
Part 3,evoDJI_0009_frame270,Blurry Image,Laplacian Var < 50,Flagged,Loss of 4K texture
Part 3,heinola_DJI_0033_frame179,Blurry Image,Laplacian Var < 50,Flagged,Loss of 4K texture
Part 3,evoDJI_0009_frame240,Blurry Image,Laplacian Var < 50,Flagged,Loss of 4K texture
Part 3,heinola_DJI_0030_frame207,Blurry Image,Laplacian Var < 50,Flagged,Loss of 4K texture
Part 3,evoDJI_0009_frame162,Blurry Image,Laplacian Var < 50,Flagged,Loss of 4K texture
Part 3,evoDJI_0009_frame116,Blurry Image,Laplacian Var < 50,Flagged,Loss of 4K texture
Part 3,evoDJI_0009_frame279,Blurry Image,Laplacian Var < 50,Flagged,Loss of 4K texture
Part 3,evoDJI_0009_frame211,Blurry Image,Laplacian Var < 50,Flagged,Loss of 4K texture
Part 3,evoDJI_0001_frame272,Blurry Image,Laplacian Var < 50,Flagged,Loss of 4K texture
Part 3,heinola_DJI_0030_frame222,Blurry Image,Laplacian Var < 50,Flagged,Loss of 4K texture
Part 3,evoDJI_0009_frame198,Blurry Image,Laplacian Var < 50,Flagged,Loss of 4K texture
Part 3,heinola_DJI_0048_frame178,Blurry Image,Laplacian Var < 50,Flagged,Loss of 4K texture
Part 3,evoDJI_0007_frame143,Blurry Image,Laplacian Var < 50,Flagged,Loss of 4K texture
Part 3,evoDJI_0009_frame133,Blurry Image,Laplacian Var < 50,Flagged,Loss of 4K texture
Part 3,evoDJI_0009_frame254,Blurry Image,Laplacian Var < 50,Flagged,Loss of 4K texture
Part 3,evoDJI_0007_frame327,Blurry Image,Laplacian Var < 50,Flagged,Loss of 4K texture
Part 3,evoDJI_0009_frame56,Blurry Image,Laplacian Var < 50,Flagged,Loss of 4K texture
Part 3,evoDJI_0007_frame244,Blurry Image,Laplacian Var < 50,Flagged,Loss of 4K texture
Part 3,evoDJI_0009_frame119,Blurry Image,Laplacian Var < 50,Flagged,Loss of 4K texture
Part 3,heinola_DJI_0036_frame234,Blurry Image,Laplacian Var < 50,Flagged,Loss of 4K texture
Part 3,heinola_DJI_0048_frame177,Blurry Image,Laplacian Var < 50,Flagged,Loss of 4K texture
Part 3,evoDJI_0007_frame138,Blurry Image,Laplacian Var < 50,Flagged,Loss of 4K texture
Part 3,evoDJI_0007_frame139,Blurry Image,Laplacian Var < 50,Flagged,Loss of 4K texture
Part 3,evoDJI_0009_frame59,Blurry Image,Laplacian Var < 50,Flagged,Loss of 4K texture
Part 3,evoDJI_0007_frame55,Blurry Image,Laplacian Var < 50,Flagged,Loss of 4K texture
Part 3,evoDJI_0009_frame166,Blurry Image,Laplacian Var < 50,Flagged,Loss of 4K texture
Part 3,evoDJI_0009_frame183,Blurry Image,Laplacian Var < 50,Flagged,Loss of 4K texture
Part 3,evoDJI_0009_frame171,Blurry Image,Laplacian Var < 50,Flagged,Loss of 4K texture
Part 3,heinola_DJI_0036_frame101,Blurry Image,Laplacian Var < 50,Flagged,Loss of 4K texture
Part 3,evoDJI_0009_frame226,Blurry Image,Laplacian Var < 50,Flagged,Loss of 4K texture
Part 3,evoDJI_0007_frame119,Blurry Image,Laplacian Var < 50,Flagged,Loss of 4K texture
Part 3,evoDJI_0007_frame117,Blurry Image,Laplacian Var < 50,Flagged,Loss of 4K texture
Part 3,evoDJI_0009_frame242,Blurry Image,Laplacian Var < 50,Flagged,Loss of 4K texture
Part 3,heinola_DJI_0038_frame44,Blurry Image,Laplacian Var < 50,Flagged,Loss of 4K texture
Part 3,evoDJI_0007_frame41,Blurry Image,Laplacian Var < 50,Flagged,Loss of 4K texture
Part 3,heinola_DJI_0036_frame108,Blurry Image,Laplacian Var < 50,Flagged,Loss of 4K texture
Part 3,evoDJI_0009_frame118,Blurry Image,Laplacian Var < 50,Flagged,Loss of 4K texture
Part 3,heinola_DJI_0036_frame119,Blurry Image,Laplacian Var < 50,Flagged,Loss of 4K texture
Part 3,evoDJI_0009_frame96,Blurry Image,Laplacian Var < 50,Flagged,Loss of 4K texture
Part 3,evoDJI_0009_frame139,Blurry Image,Laplacian Var < 50,Flagged,Loss of 4K texture
Part 3,heinola_DJI_0028_frame312,Blurry Image,Laplacian Var < 50,Flagged,Loss of 4K texture
Part 3,heinola_DJI_0028_frame337,Blurry Image,Laplacian Var < 50,Flagged,Loss of 4K texture
Part 3,evoDJI_0001_frame317,Blurry Image,Laplacian Var < 50,Flagged,Loss of 4K texture
Part 3,evoDJI_0007_frame148,Blurry Image,Laplacian Var < 50,Flagged,Loss of 4K texture
Part 3,evoDJI_0009_frame62,Blurry Image,Laplacian Var < 50,Flagged,Loss of 4K texture
Part 3,evoDJI_0009_frame252,Blurry Image,Laplacian Var < 50,Flagged,Loss of 4K texture
Part 3,evoDJI_0009_frame97,Blurry Image,Laplacian Var < 50,Flagged,Loss of 4K texture
Part 3,evoDJI_0001_frame278,Blurry Image,Laplacian Var < 50,Flagged,Loss of 4K texture
Part 3,heinola_DJI_0028_frame317,Blurry Image,Laplacian Var < 50,Flagged,Loss of 4K texture
Part 3,evoDJI_0009_frame79,Blurry Image,Laplacian Var < 50,Flagged,Loss of 4K texture
Part 3,evoDJI_0001_frame276,Blurry Image,Laplacian Var < 50,Flagged,Loss of 4K texture
Part 3,evoDJI_0001_frame2,Blurry Image,Laplacian Var < 50,Flagged,Loss of 4K texture
Part 3,heinola_DJI_0030_frame86,Blurry Image,Laplacian Var < 50,Flagged,Loss of 4K texture
Part 3,evoDJI_0009_frame158,Blurry Image,Laplacian Var < 50,Flagged,Loss of 4K texture
Part 3,evoDJI_0009_frame154,Blurry Image,Laplacian Var < 50,Flagged,Loss of 4K texture
Part 3,heinola_DJI_0030_frame204,Blurry Image,Laplacian Var < 50,Flagged,Loss of 4K texture
Part 3,heinola_DJI_0030_frame224,Blurry Image,Laplacian Var < 50,Flagged,Loss of 4K texture
Part 3,evoDJI_0009_frame66,Blurry Image,Laplacian Var < 50,Flagged,Loss of 4K texture
Part 3,evoDJI_0009_frame129,Blurry Image,Laplacian Var < 50,Flagged,Loss of 4K texture
Part 3,evoDJI_0009_frame271,Blurry Image,Laplacian Var < 50,Flagged,Loss of 4K texture
Part 3,evoDJI_0009_frame195,Blurry Image,Laplacian Var < 50,Flagged,Loss of 4K texture
Part 3,evoDJI_0009_frame197,Blurry Image,Laplacian Var < 50,Flagged,Loss of 4K texture
Part 3,heinola_DJI_0048_frame186,Blurry Image,Laplacian Var < 50,Flagged,Loss of 4K texture
Part 3,evoDJI_0009_frame214,Blurry Image,Laplacian Var < 50,Flagged,Loss of 4K texture
Part 3,evoDJI_0009_frame200,Blurry Image,Laplacian Var < 50,Flagged,Loss of 4K texture
Part 3,evoDJI_0007_frame130,Blurry Image,Laplacian Var < 50,Flagged,Loss of 4K texture
Part 3,heinola_DJI_0048_frame183,Blurry Image,Laplacian Var < 50,Flagged,Loss of 4K texture
Part 3,evoDJI_0001_frame119,Blurry Image,Laplacian Var < 50,Flagged,Loss of 4K texture
Part 3,evoDJI_0009_frame221,Blurry Image,Laplacian Var < 50,Flagged,Loss of 4K texture
Part 3,evoDJI_0007_frame58,Blurry Image,Laplacian Var < 50,Flagged,Loss of 4K texture
Part 3,evoDJI_0001_frame121,Blurry Image,Laplacian Var < 50,Flagged,Loss of 4K texture
Part 3,evoDJI_0001_frame282,Blurry Image,Laplacian Var < 50,Flagged,Loss of 4K texture
Part 3,evoDJI_0007_frame126,Blurry Image,Laplacian Var < 50,Flagged,Loss of 4K texture
Part 3,heinola_DJI_0036_frame112,Blurry Image,Laplacian Var < 50,Flagged,Loss of 4K texture
Part 3,heinola_DJI_0028_frame309,Blurry Image,Laplacian Var < 50,Flagged,Loss of 4K texture
Part 3,evoDJI_0009_frame237,Blurry Image,Laplacian Var < 50,Flagged,Loss of 4K texture
Part 3,evoDJI_0009_frame218,Blurry Image,Laplacian Var < 50,Flagged,Loss of 4K texture
Part 3,evoDJI_0001_frame5,Blurry Image,Laplacian Var < 50,Flagged,Loss of 4K texture
Part 3,heinola_DJI_0028_frame39,Blurry Image,Laplacian Var < 50,Flagged,Loss of 4K texture
Part 3,evoDJI_0009_frame199,Blurry Image,Laplacian Var < 50,Flagged,Loss of 4K texture
Part 3,heinola_DJI_0036_frame106,Blurry Image,Laplacian Var < 50,Flagged,Loss of 4K texture
Part 3,heinola_DJI_0036_frame242,Blurry Image,Laplacian Var < 50,Flagged,Loss of 4K texture
Part 3,evoDJI_0009_frame244,Blurry Image,Laplacian Var < 50,Flagged,Loss of 4K texture
Part 3,heinola_DJI_0030_frame219,Blurry Image,Laplacian Var < 50,Flagged,Loss of 4K texture
Part 3,heinola_DJI_0038_frame36,Blurry Image,Laplacian Var < 50,Flagged,Loss of 4K texture
Part 3,evoDJI_0009_frame268,Blurry Image,Laplacian Var < 50,Flagged,Loss of 4K texture
Part 3,heinola_DJI_0036_frame239,Blurry Image,Laplacian Var < 50,Flagged,Loss of 4K texture
Part 3,evoDJI_0009_frame93,Blurry Image,Laplacian Var < 50,Flagged,Loss of 4K texture
Part 3,heinola_DJI_0030_frame208,Blurry Image,Laplacian Var < 50,Flagged,Loss of 4K texture
Part 3,evoDJI_0009_frame151,Blurry Image,Laplacian Var < 50,Flagged,Loss of 4K texture
Part 3,evoDJI_0009_frame157,Blurry Image,Laplacian Var < 50,Flagged,Loss of 4K texture
Part 3,evoDJI_0009_frame152,Blurry Image,Laplacian Var < 50,Flagged,Loss of 4K texture
Part 3,evoDJI_0009_frame107,Blurry Image,Laplacian Var < 50,Flagged,Loss of 4K texture
Part 3,evoDJI_0009_frame188,Blurry Image,Laplacian Var < 50,Flagged,Loss of 4K texture
Part 3,evoDJI_0009_frame58,Blurry Image,Laplacian Var < 50,Flagged,Loss of 4K texture
Part 3,heinola_DJI_0048_frame184,Blurry Image,Laplacian Var < 50,Flagged,Loss of 4K texture
Part 3,evoDJI_0009_frame278,Blurry Image,Laplacian Var < 50,Flagged,Loss of 4K texture
Part 3,evoDJI_0007_frame207,Blurry Image,Laplacian Var < 50,Flagged,Loss of 4K texture
Part 3,evoDJI_0009_frame69,Blurry Image,Laplacian Var < 50,Flagged,Loss of 4K texture
Part 3,heinola_DJI_0030_frame329,Blurry Image,Laplacian Var < 50,Flagged,Loss of 4K texture
Part 3,evoDJI_0009_frame185,Blurry Image,Laplacian Var < 50,Flagged,Loss of 4K texture
Part 3,evoDJI_0009_frame49,Blurry Image,Laplacian Var < 50,Flagged,Loss of 4K texture
Part 3,evoDJI_0007_frame142,Blurry Image,Laplacian Var < 50,Flagged,Loss of 4K texture
Part 3,evoDJI_0009_frame81,Blurry Image,Laplacian Var < 50,Flagged,Loss of 4K texture
Part 3,evoDJI_0001_frame274,Blurry Image,Laplacian Var < 50,Flagged,Loss of 4K texture
Part 3,evoDJI_0009_frame193,Blurry Image,Laplacian Var < 50,Flagged,Loss of 4K texture
Part 3,heinola_DJI_0028_frame302,Blurry Image,Laplacian Var < 50,Flagged,Loss of 4K texture
Part 3,evoDJI_0009_frame187,Blurry Image,Laplacian Var < 50,Flagged,Loss of 4K texture
Part 3,heinola_DJI_0048_frame93,Blurry Image,Laplacian Var < 50,Flagged,Loss of 4K texture
Part 3,heinola_DJI_0036_frame122,Blurry Image,Laplacian Var < 50,Flagged,Loss of 4K texture
Part 3,evoDJI_0007_frame46,Blurry Image,Laplacian Var < 50,Flagged,Loss of 4K texture
Part 3,heinola_DJI_0028_frame326,Blurry Image,Laplacian Var < 50,Flagged,Loss of 4K texture
Part 3,heinola_DJI_0028_frame44,Blurry Image,Laplacian Var < 50,Flagged,Loss of 4K texture
Part 3,heinola_DJI_0033_frame178,Blurry Image,Laplacian Var < 50,Flagged,Loss of 4K texture
Part 3,evoDJI_0009_frame78,Blurry Image,Laplacian Var < 50,Flagged,Loss of 4K texture
Part 3,evoDJI_0001_frame117,Blurry Image,Laplacian Var < 50,Flagged,Loss of 4K texture
Part 3,heinola_DJI_0028_frame298,Blurry Image,Laplacian Var < 50,Flagged,Loss of 4K texture
Part 3,evoDJI_0009_frame177,Blurry Image,Laplacian Var < 50,Flagged,Loss of 4K texture
Part 3,evoDJI_0007_frame127,Blurry Image,Laplacian Var < 50,Flagged,Loss of 4K texture
Part 3,evoDJI_0009_frame189,Blurry Image,Laplacian Var < 50,Flagged,Loss of 4K texture
Part 3,evoDJI_0009_frame182,Blurry Image,Laplacian Var < 50,Flagged,Loss of 4K texture
Part 3,evoDJI_0009_frame276,Blurry Image,Laplacian Var < 50,Flagged,Loss of 4K texture
Part 3,evoDJI_0001_frame122,Blurry Image,Laplacian Var < 50,Flagged,Loss of 4K texture
Part 3,evoDJI_0009_frame4,Blurry Image,Laplacian Var < 50,Flagged,Loss of 4K texture
Part 3,heinola_DJI_0028_frame314,Blurry Image,Laplacian Var < 50,Flagged,Loss of 4K texture
Part 3,heinola_DJI_0028_frame297,Blurry Image,Laplacian Var < 50,Flagged,Loss of 4K texture
Part 3,evoDJI_0007_frame241,Blurry Image,Laplacian Var < 50,Flagged,Loss of 4K texture
Part 3,evoDJI_0009_frame281,Blurry Image,Laplacian Var < 50,Flagged,Loss of 4K texture
Part 3,evoDJI_0009_frame186,Blurry Image,Laplacian Var < 50,Flagged,Loss of 4K texture
Part 3,heinola_DJI_0048_frame173,Blurry Image,Laplacian Var < 50,Flagged,Loss of 4K texture
Part 3,evoDJI_0009_frame74,Blurry Image,Laplacian Var < 50,Flagged,Loss of 4K texture
Part 3,heinola_DJI_0036_frame100,Blurry Image,Laplacian Var < 50,Flagged,Loss of 4K texture
Part 3,heinola_DJI_0028_frame299,Blurry Image,Laplacian Var < 50,Flagged,Loss of 4K texture
Part 3,evoDJI_0009_frame91,Blurry Image,Laplacian Var < 50,Flagged,Loss of 4K texture
Part 3,evoDJI_0009_frame209,Blurry Image,Laplacian Var < 50,Flagged,Loss of 4K texture
Part 3,heinola_DJI_0036_frame111,Blurry Image,Laplacian Var < 50,Flagged,Loss of 4K texture
Part 3,evoDJI_0009_frame192,Blurry Image,Laplacian Var < 50,Flagged,Loss of 4K texture
Part 3,evoDJI_0009_frame215,Blurry Image,Laplacian Var < 50,Flagged,Loss of 4K texture
Part 3,evoDJI_0009_frame149,Blurry Image,Laplacian Var < 50,Flagged,Loss of 4K texture
Part 3,evoDJI_0009_frame255,Blurry Image,Laplacian Var < 50,Flagged,Loss of 4K texture
Part 3,evoDJI_0009_frame217,Blurry Image,Laplacian Var < 50,Flagged,Loss of 4K texture
Part 3,evoDJI_0009_frame227,Blurry Image,Laplacian Var < 50,Flagged,Loss of 4K texture
Part 3,evoDJI_0009_frame174,Blurry Image,Laplacian Var < 50,Flagged,Loss of 4K texture
Part 3,heinola_DJI_0036_frame104,Blurry Image,Laplacian Var < 50,Flagged,Loss of 4K texture
Part 3,evoDJI_0009_frame77,Blurry Image,Laplacian Var < 50,Flagged,Loss of 4K texture
Part 3,heinola_DJI_0048_frame102,Blurry Image,Laplacian Var < 50,Flagged,Loss of 4K texture
Part 3,evoDJI_0009_frame82,Blurry Image,Laplacian Var < 50,Flagged,Loss of 4K texture
Part 3,heinola_DJI_0036_frame232,Blurry Image,Laplacian Var < 50,Flagged,Loss of 4K texture
Part 3,evoDJI_0009_frame156,Blurry Image,Laplacian Var < 50,Flagged,Loss of 4K texture
Part 3,evoDJI_0007_frame47,Blurry Image,Laplacian Var < 50,Flagged,Loss of 4K texture
Part 3,heinola_DJI_0038_frame37,Blurry Image,Laplacian Var < 50,Flagged,Loss of 4K texture
Part 3,evoDJI_0009_frame219,Blurry Image,Laplacian Var < 50,Flagged,Loss of 4K texture
Part 3,heinola_DJI_0029_frame212,Blurry Image,Laplacian Var < 50,Flagged,Loss of 4K texture
Part 3,heinola_DJI_0036_frame124,Blurry Image,Laplacian Var < 50,Flagged,Loss of 4K texture
Part 3,evoDJI_0009_frame147,Blurry Image,Laplacian Var < 50,Flagged,Loss of 4K texture
Part 3,evoDJI_0007_frame128,Blurry Image,Laplacian Var < 50,Flagged,Loss of 4K texture
Part 3,evoDJI_0007_frame131,Blurry Image,Laplacian Var < 50,Flagged,Loss of 4K texture
Part 3,evoDJI_0009_frame27,Blurry Image,Laplacian Var < 50,Flagged,Loss of 4K texture
Part 3,heinola_DJI_0028_frame296,Blurry Image,Laplacian Var < 50,Flagged,Loss of 4K texture
Part 3,heinola_DJI_0030_frame202,Blurry Image,Laplacian Var < 50,Flagged,Loss of 4K texture
Part 3,heinola_DJI_0030_frame209,Blurry Image,Laplacian Var < 50,Flagged,Loss of 4K texture
Part 3,evoDJI_0009_frame61,Blurry Image,Laplacian Var < 50,Flagged,Loss of 4K texture
Part 3,evoDJI_0009_frame112,Blurry Image,Laplacian Var < 50,Flagged,Loss of 4K texture
Part 3,heinola_DJI_0030_frame211,Blurry Image,Laplacian Var < 50,Flagged,Loss of 4K texture
Part 3,evoDJI_0007_frame49,Blurry Image,Laplacian Var < 50,Flagged,Loss of 4K texture
Part 3,evoDJI_0009_frame132,Blurry Image,Laplacian Var < 50,Flagged,Loss of 4K texture
Part 3,evoDJI_0009_frame230,Blurry Image,Laplacian Var < 50,Flagged,Loss of 4K texture
Part 3,evoDJI_0009_frame11,Blurry Image,Laplacian Var < 50,Flagged,Loss of 4K texture
Part 3,evoDJI_0009_frame273,Blurry Image,Laplacian Var < 50,Flagged,Loss of 4K texture
Part 3,heinola_DJI_0048_frame97,Blurry Image,Laplacian Var < 50,Flagged,Loss of 4K texture
Part 3,evoDJI_0009_frame223,Blurry Image,Laplacian Var < 50,Flagged,Loss of 4K texture
Part 3,evoDJI_0009_frame194,Blurry Image,Laplacian Var < 50,Flagged,Loss of 4K texture
Part 3,evoDJI_0009_frame138,Blurry Image,Laplacian Var < 50,Flagged,Loss of 4K texture
Part 3,heinola_DJI_0036_frame126,Blurry Image,Laplacian Var < 50,Flagged,Loss of 4K texture
Part 3,evoDJI_0009_frame208,Blurry Image,Laplacian Var < 50,Flagged,Loss of 4K texture
Part 3,evoDJI_0009_frame236,Blurry Image,Laplacian Var < 50,Flagged,Loss of 4K texture
Part 3,evoDJI_0001_frame4,Blurry Image,Laplacian Var < 50,Flagged,Loss of 4K texture
Part 3,evoDJI_0009_frame99,Blurry Image,Laplacian Var < 50,Flagged,Loss of 4K texture
Part 3,heinola_DJI_0048_frame88,Blurry Image,Laplacian Var < 50,Flagged,Loss of 4K texture
Part 3,evoDJI_0009_frame144,Blurry Image,Laplacian Var < 50,Flagged,Loss of 4K texture
Part 3,heinola_DJI_0029_frame163,Blurry Image,Laplacian Var < 50,Flagged,Loss of 4K texture
Part 3,evoDJI_0007_frame54,Blurry Image,Laplacian Var < 50,Flagged,Loss of 4K texture
Part 3,evoDJI_0001_frame273,Blurry Image,Laplacian Var < 50,Flagged,Loss of 4K texture
Part 3,evoDJI_0009_frame191,Blurry Image,Laplacian Var < 50,Flagged,Loss of 4K texture
Part 3,evoDJI_0009_frame212,Blurry Image,Laplacian Var < 50,Flagged,Loss of 4K texture
Part 3,evoDJI_0009_frame71,Blurry Image,Laplacian Var < 50,Flagged,Loss of 4K texture
Part 3,evoDJI_0001_frame268,Blurry Image,Laplacian Var < 50,Flagged,Loss of 4K texture
Part 3,heinola_DJI_0029_frame77,Blurry Image,Laplacian Var < 50,Flagged,Loss of 4K texture
Part 3,evoDJI_0009_frame137,Blurry Image,Laplacian Var < 50,Flagged,Loss of 4K texture
Part 3,evoDJI_0007_frame149,Blurry Image,Laplacian Var < 50,Flagged,Loss of 4K texture
Part 3,evoDJI_0009_frame269,Blurry Image,Laplacian Var < 50,Flagged,Loss of 4K texture
Part 3,evoDJI_0009_frame128,Blurry Image,Laplacian Var < 50,Flagged,Loss of 4K texture
Part 3,heinola_DJI_0030_frame212,Blurry Image,Laplacian Var < 50,Flagged,Loss of 4K texture
Part 3,evoDJI_0009_frame201,Blurry Image,Laplacian Var < 50,Flagged,Loss of 4K texture
Part 3,evoDJI_0009_frame277,Blurry Image,Laplacian Var < 50,Flagged,Loss of 4K texture
Part 3,evoDJI_0001_frame8,Blurry Image,Laplacian Var < 50,Flagged,Loss of 4K texture
Part 3,evoDJI_0001_frame271,Blurry Image,Laplacian Var < 50,Flagged,Loss of 4K texture
Part 3,heinola_DJI_0036_frame107,Blurry Image,Laplacian Var < 50,Flagged,Loss of 4K texture
Part 3,evoDJI_0009_frame213,Blurry Image,Laplacian Var < 50,Flagged,Loss of 4K texture
Part 3,evoDJI_0009_frame229,Blurry Image,Laplacian Var < 50,Flagged,Loss of 4K texture
Part 3,evoDJI_0009_frame283,Blurry Image,Laplacian Var < 50,Flagged,Loss of 4K texture
Part 3,heinola_DJI_0038_frame43,Blurry Image,Laplacian Var < 50,Flagged,Loss of 4K texture
Part 3,heinola_DJI_0036_frame238,Blurry Image,Laplacian Var < 50,Flagged,Loss of 4K texture
Part 3,evoDJI_0009_frame123,Blurry Image,Laplacian Var < 50,Flagged,Loss of 4K texture
Part 3,heinola_DJI_0030_frame206,Blurry Image,Laplacian Var < 50,Flagged,Loss of 4K texture
Part 3,evoDJI_0009_frame8,Blurry Image,Laplacian Var < 50,Flagged,Loss of 4K texture
Part 3,evoDJI_0009_frame256,Blurry Image,Laplacian Var < 50,Flagged,Loss of 4K texture
Part 3,heinola_DJI_0048_frame176,Blurry Image,Laplacian Var < 50,Flagged,Loss of 4K texture
Part 3,evoDJI_0009_frame161,Blurry Image,Laplacian Var < 50,Flagged,Loss of 4K texture
Part 3,evoDJI_0001_frame6,Blurry Image,Laplacian Var < 50,Flagged,Loss of 4K texture
Part 3,evoDJI_0009_frame142,Blurry Image,Laplacian Var < 50,Flagged,Loss of 4K texture
Part 3,evoDJI_0009_frame87,Blurry Image,Laplacian Var < 50,Flagged,Loss of 4K texture
Part 3,evoDJI_0007_frame137,Blurry Image,Laplacian Var < 50,Flagged,Loss of 4K texture
Part 3,heinola_DJI_0036_frame102,Blurry Image,Laplacian Var < 50,Flagged,Loss of 4K texture
Part 3,evoDJI_0009_frame153,Blurry Image,Laplacian Var < 50,Flagged,Loss of 4K texture
Part 3,evoDJI_0007_frame166,Blurry Image,Laplacian Var < 50,Flagged,Loss of 4K texture
Part 3,evoDJI_0009_frame67,Blurry Image,Laplacian Var < 50,Flagged,Loss of 4K texture
Part 3,heinola_DJI_0033_frame176,Blurry Image,Laplacian Var < 50,Flagged,Loss of 4K texture
Part 3,heinola_DJI_0048_frame94,Blurry Image,Laplacian Var < 50,Flagged,Loss of 4K texture
Part 3,evoDJI_0009_frame241,Blurry Image,Laplacian Var < 50,Flagged,Loss of 4K texture
Part 3,evoDJI_0009_frame108,Blurry Image,Laplacian Var < 50,Flagged,Loss of 4K texture
Part 3,evoDJI_0007_frame52,Blurry Image,Laplacian Var < 50,Flagged,Loss of 4K texture
Part 3,evoDJI_0009_frame163,Blurry Image,Laplacian Var < 50,Flagged,Loss of 4K texture
Part 3,evoDJI_0009_frame216,Blurry Image,Laplacian Var < 50,Flagged,Loss of 4K texture
Part 3,evoDJI_0007_frame141,Blurry Image,Laplacian Var < 50,Flagged,Loss of 4K texture
Part 3,evoDJI_0007_frame129,Blurry Image,Laplacian Var < 50,Flagged,Loss of 4K texture
Part 3,evoDJI_0009_frame250,Blurry Image,Laplacian Var < 50,Flagged,Loss of 4K texture
Part 3,evoDJI_0007_frame132,Blurry Image,Laplacian Var < 50,Flagged,Loss of 4K texture
Part 3,evoDJI_0009_frame121,Blurry Image,Laplacian Var < 50,Flagged,Loss of 4K texture
Part 3,heinola_DJI_0036_frame231,Blurry Image,Laplacian Var < 50,Flagged,Loss of 4K texture
Part 3,evoDJI_0009_frame83,Blurry Image,Laplacian Var < 50,Flagged,Loss of 4K texture
Part 3,evoDJI_0009_frame102,Blurry Image,Laplacian Var < 50,Flagged,Loss of 4K texture
Part 3,evoDJI_0009_frame109,Blurry Image,Laplacian Var < 50,Flagged,Loss of 4K texture
Part 3,evoDJI_0009_frame282,Blurry Image,Laplacian Var < 50,Flagged,Loss of 4K texture
Part 3,evoDJI_0007_frame57,Blurry Image,Laplacian Var < 50,Flagged,Loss of 4K texture
Part 3,evoDJI_0009_frame63,Blurry Image,Laplacian Var < 50,Flagged,Loss of 4K texture
Part 3,evoDJI_0001_frame279,Blurry Image,Laplacian Var < 50,Flagged,Loss of 4K texture
Part 3,heinola_DJI_0028_frame319,Blurry Image,Laplacian Var < 50,Flagged,Loss of 4K texture
Part 3,evoDJI_0009_frame228,Blurry Image,Laplacian Var < 50,Flagged,Loss of 4K texture
Part 3,heinola_DJI_0036_frame123,Blurry Image,Laplacian Var < 50,Flagged,Loss of 4K texture
Part 3,evoDJI_0009_frame251,Blurry Image,Laplacian Var < 50,Flagged,Loss of 4K texture
Part 3,heinola_DJI_0033_frame181,Blurry Image,Laplacian Var < 50,Flagged,Loss of 4K texture
Part 3,heinola_DJI_0036_frame98,Blurry Image,Laplacian Var < 50,Flagged,Loss of 4K texture
Part 3,evoDJI_0001_frame124,Blurry Image,Laplacian Var < 50,Flagged,Loss of 4K texture
Part 3,evoDJI_0009_frame127,Blurry Image,Laplacian Var < 50,Flagged,Loss of 4K texture
Part 3,evoDJI_0001_frame281,Blurry Image,Laplacian Var < 50,Flagged,Loss of 4K texture
Part 3,heinola_DJI_0028_frame43,Blurry Image,Laplacian Var < 50,Flagged,Loss of 4K texture
Part 3,evoDJI_0009_frame7,Blurry Image,Laplacian Var < 50,Flagged,Loss of 4K texture
Part 3,heinola_DJI_0028_frame304,Blurry Image,Laplacian Var < 50,Flagged,Loss of 4K texture
Part 3,evoDJI_0007_frame51,Blurry Image,Laplacian Var < 50,Flagged,Loss of 4K texture
Part 3,evoDJI_0009_frame164,Blurry Image,Laplacian Var < 50,Flagged,Loss of 4K texture
Part 3,evoDJI_0007_frame134,Blurry Image,Laplacian Var < 50,Flagged,Loss of 4K texture
Part 3,heinola_DJI_0028_frame338,Blurry Image,Laplacian Var < 50,Flagged,Loss of 4K texture
Part 3,heinola_DJI_0048_frame238,Blurry Image,Laplacian Var < 50,Flagged,Loss of 4K texture
Part 3,evoDJI_0009_frame57,Blurry Image,Laplacian Var < 50,Flagged,Loss of 4K texture
Part 3,heinola_DJI_0036_frame241,Blurry Image,Laplacian Var < 50,Flagged,Loss of 4K texture
Part 3,heinola_DJI_0028_frame303,Blurry Image,Laplacian Var < 50,Flagged,Loss of 4K texture
Part 3,evoDJI_0007_frame147,Blurry Image,Laplacian Var < 50,Flagged,Loss of 4K texture
Part 3,heinola_DJI_0036_frame103,Blurry Image,Laplacian Var < 50,Flagged,Loss of 4K texture
Part 3,heinola_DJI_0036_frame99,Blurry Image,Laplacian Var < 50,Flagged,Loss of 4K texture
Part 3,evoDJI_0001_frame277,Blurry Image,Laplacian Var < 50,Flagged,Loss of 4K texture
Part 3,evoDJI_0009_frame131,Blurry Image,Laplacian Var < 50,Flagged,Loss of 4K texture
Part 3,evoDJI_0009_frame231,Blurry Image,Laplacian Var < 50,Flagged,Loss of 4K texture
Part 3,heinola_DJI_0030_frame226,Blurry Image,Laplacian Var < 50,Flagged,Loss of 4K texture
Part 3,heinola_DJI_0048_frame174,Blurry Image,Laplacian Var < 50,Flagged,Loss of 4K texture
Part 3,evoDJI_0009_frame222,Blurry Image,Laplacian Var < 50,Flagged,Loss of 4K texture
Part 3,evoDJI_0009_frame178,Blurry Image,Laplacian Var < 50,Flagged,Loss of 4K texture
Part 3,evoDJI_0009_frame73,Blurry Image,Laplacian Var < 50,Flagged,Loss of 4K texture
Part 3,evoDJI_0009_frame239,Blurry Image,Laplacian Var < 50,Flagged,Loss of 4K texture
Part 3,evoDJI_0009_frame173,Blurry Image,Laplacian Var < 50,Flagged,Loss of 4K texture
Part 3,heinola_DJI_0036_frame115,Blurry Image,Laplacian Var < 50,Flagged,Loss of 4K texture
Part 3,evoDJI_0009_frame68,Blurry Image,Laplacian Var < 50,Flagged,Loss of 4K texture
Part 3,evoDJI_0009_frame104,Blurry Image,Laplacian Var < 50,Flagged,Loss of 4K texture
Part 3,evoDJI_0009_frame5,Blurry Image,Laplacian Var < 50,Flagged,Loss of 4K texture
Part 3,evoDJI_0009_frame9,Blurry Image,Laplacian Var < 50,Flagged,Loss of 4K texture
Part 3,heinola_DJI_0033_frame173,Blurry Image,Laplacian Var < 50,Flagged,Loss of 4K texture
Part 3,evoDJI_0009_frame113,Blurry Image,Laplacian Var < 50,Flagged,Loss of 4K texture
Part 3,evoDJI_0001_frame283,Blurry Image,Laplacian Var < 50,Flagged,Loss of 4K texture
Part 3,heinola_DJI_0048_frame87,Blurry Image,Laplacian Var < 50,Flagged,Loss of 4K texture
Part 3,heinola_DJI_0036_frame109,Blurry Image,Laplacian Var < 50,Flagged,Loss of 4K texture
Part 3,evoDJI_0009_frame274,Blurry Image,Laplacian Var < 50,Flagged,Loss of 4K texture
Part 3,evoDJI_0009_frame181,Blurry Image,Laplacian Var < 50,Flagged,Loss of 4K texture
Part 3,evoDJI_0009_frame225,Blurry Image,Laplacian Var < 50,Flagged,Loss of 4K texture
Part 3,evoDJI_0007_frame136,Blurry Image,Laplacian Var < 50,Flagged,Loss of 4K texture
Part 3,evoDJI_0007_frame48,Blurry Image,Laplacian Var < 50,Flagged,Loss of 4K texture
Part 3,evoDJI_0001_frame116,Blurry Image,Laplacian Var < 50,Flagged,Loss of 4K texture
Part 3,evoDJI_0009_frame247,Blurry Image,Laplacian Var < 50,Flagged,Loss of 4K texture
Part 3,heinola_DJI_0048_frame182,Blurry Image,Laplacian Var < 50,Flagged,Loss of 4K texture
Part 3,evoDJI_0009_frame246,Blurry Image,Laplacian Var < 50,Flagged,Loss of 4K texture
Part 3,heinola_DJI_0036_frame105,Blurry Image,Laplacian Var < 50,Flagged,Loss of 4K texture
Part 3,heinola_DJI_0030_frame203,Blurry Image,Laplacian Var < 50,Flagged,Loss of 4K texture
Part 3,heinola_DJI_0036_frame127,Blurry Image,Laplacian Var < 50,Flagged,Loss of 4K texture
Part 3,evoDJI_0007_frame53,Blurry Image,Laplacian Var < 50,Flagged,Loss of 4K texture
Part 3,heinola_DJI_0030_frame201,Blurry Image,Laplacian Var < 50,Flagged,Loss of 4K texture
Part 3,evoDJI_0009_frame207,Blurry Image,Laplacian Var < 50,Flagged,Loss of 4K texture
Part 3,evoDJI_0009_frame94,Blurry Image,Laplacian Var < 50,Flagged,Loss of 4K texture
Part 3,evoDJI_0009_frame272,Blurry Image,Laplacian Var < 50,Flagged,Loss of 4K texture
Part 3,heinola_DJI_0036_frame233,Blurry Image,Laplacian Var < 50,Flagged,Loss of 4K texture
Part 3,evoDJI_0009_frame203,Blurry Image,Laplacian Var < 50,Flagged,Loss of 4K texture
Part 3,evoDJI_0009_frame72,Blurry Image,Laplacian Var < 50,Flagged,Loss of 4K texture
Part 3,evoDJI_0009_frame98,Blurry Image,Laplacian Var < 50,Flagged,Loss of 4K texture
Part 3,heinola_DJI_0028_frame41,Blurry Image,Laplacian Var < 50,Flagged,Loss of 4K texture
Part 3,evoDJI_0001_frame126,Blurry Image,Laplacian Var < 50,Flagged,Loss of 4K texture
Part 3,evoDJI_0007_frame135,Blurry Image,Laplacian Var < 50,Flagged,Loss of 4K texture
Part 3,evoDJI_0009_frame26,Blurry Image,Laplacian Var < 50,Flagged,Loss of 4K texture
Part 3,heinola_DJI_0048_frame241,Blurry Image,Laplacian Var < 50,Flagged,Loss of 4K texture
Part 3,heinola_DJI_0038_frame41,Blurry Image,Laplacian Var < 50,Flagged,Loss of 4K texture
Part 3,evoDJI_0009_frame202,Blurry Image,Laplacian Var < 50,Flagged,Loss of 4K texture
Part 3,heinola_DJI_0048_frame172,Blurry Image,Laplacian Var < 50,Flagged,Loss of 4K texture
Part 3,evoDJI_0009_frame1,Blurry Image,Laplacian Var < 50,Flagged,Loss of 4K texture
Part 3,evoDJI_0009_frame243,Blurry Image,Laplacian Var < 50,Flagged,Loss of 4K texture
Part 3,evoDJI_0009_frame84,Blurry Image,Laplacian Var < 50,Flagged,Loss of 4K texture
Part 3,evoDJI_0009_frame103,Blurry Image,Laplacian Var < 50,Flagged,Loss of 4K texture
Part 3,evoDJI_0009_frame64,Blurry Image,Laplacian Var < 50,Flagged,Loss of 4K texture
Part 3,evoDJI_0001_frame9,Blurry Image,Laplacian Var < 50,Flagged,Loss of 4K texture
Part 3,heinola_DJI_0033_frame177,Blurry Image,Laplacian Var < 50,Flagged,Loss of 4K texture
Part 3,evoDJI_0009_frame6,Blurry Image,Laplacian Var < 50,Flagged,Loss of 4K texture
Part 3,heinola_DJI_0048_frame237,Blurry Image,Laplacian Var < 50,Flagged,Loss of 4K texture
Part 3,heinola_DJI_0028_frame301,Blurry Image,Laplacian Var < 50,Flagged,Loss of 4K texture
Part 3,evoDJI_0009_frame220,Blurry Image,Laplacian Var < 50,Flagged,Loss of 4K texture
Part 3,heinola_DJI_0038_frame42,Blurry Image,Laplacian Var < 50,Flagged,Loss of 4K texture
Part 3,heinola_DJI_0048_frame187,Blurry Image,Laplacian Var < 50,Flagged,Loss of 4K texture
Part 3,evoDJI_0001_frame127,Blurry Image,Laplacian Var < 50,Flagged,Loss of 4K texture
Part 3,evoDJI_0009_frame111,Blurry Image,Laplacian Var < 50,Flagged,Loss of 4K texture
Part 3,heinola_DJI_0048_frame181,Blurry Image,Laplacian Var < 50,Flagged,Loss of 4K texture
Part 3,heinola_DJI_0048_frame86,Blurry Image,Laplacian Var < 50,Flagged,Loss of 4K texture
Part 3,evoDJI_0007_frame42,Blurry Image,Laplacian Var < 50,Flagged,Loss of 4K texture
Part 3,evoDJI_0009_frame190,Blurry Image,Laplacian Var < 50,Flagged,Loss of 4K texture
Part 3,evoDJI_0009_frame143,Blurry Image,Laplacian Var < 50,Flagged,Loss of 4K texture
Part 3,evoDJI_0009_frame204,Blurry Image,Laplacian Var < 50,Flagged,Loss of 4K texture
Part 3,evoDJI_0009_frame117,Blurry Image,Laplacian Var < 50,Flagged,Loss of 4K texture
Part 3,evoDJI_0009_frame120,Blurry Image,Laplacian Var < 50,Flagged,Loss of 4K texture
Part 3,evoDJI_0009_frame88,Blurry Image,Laplacian Var < 50,Flagged,Loss of 4K texture
Part 3,heinola_DJI_0030_frame81,Blurry Image,Laplacian Var < 50,Flagged,Loss of 4K texture
Part 3,evoDJI_0009_frame176,Blurry Image,Laplacian Var < 50,Flagged,Loss of 4K texture
Part 3,evoDJI_0009_frame31,Blurry Image,Laplacian Var < 50,Flagged,Loss of 4K texture
Part 3,evoDJI_0007_frame43,Blurry Image,Laplacian Var < 50,Flagged,Loss of 4K texture
Part 3,evoDJI_0009_frame106,Blurry Image,Laplacian Var < 50,Flagged,Loss of 4K texture
Part 3,evoDJI_0009_frame51,Blurry Image,Laplacian Var < 50,Flagged,Loss of 4K texture
Part 3,evoDJI_0009_frame275,Blurry Image,Laplacian Var < 50,Flagged,Loss of 4K texture
Part 3,evoDJI_0009_frame86,Blurry Image,Laplacian Var < 50,Flagged,Loss of 4K texture
Part 3,heinola_DJI_0036_frame97,Blurry Image,Laplacian Var < 50,Flagged,Loss of 4K texture
Part 3,evoDJI_0009_frame53,Blurry Image,Laplacian Var < 50,Flagged,Loss of 4K texture
Part 3,evoDJI_0007_frame144,Blurry Image,Laplacian Var < 50,Flagged,Loss of 4K texture
Part 3,heinola_DJI_0048_frame90,Blurry Image,Laplacian Var < 50,Flagged,Loss of 4K texture
Part 3,evoDJI_0009_frame249,Blurry Image,Laplacian Var < 50,Flagged,Loss of 4K texture
Part 3,evoDJI_0001_frame123,Blurry Image,Laplacian Var < 50,Flagged,Loss of 4K texture
Part 3,heinola_DJI_0036_frame121,Blurry Image,Laplacian Var < 50,Flagged,Loss of 4K texture
Part 3,evoDJI_0009_frame248,Blurry Image,Laplacian Var < 50,Flagged,Loss of 4K texture
Part 3,evoDJI_0009_frame234,Blurry Image,Laplacian Var < 50,Flagged,Loss of 4K texture
Part 3,heinola_DJI_0036_frame120,Blurry Image,Laplacian Var < 50,Flagged,Loss of 4K texture
Part 3,evoDJI_0009_frame196,Blurry Image,Laplacian Var < 50,Flagged,Loss of 4K texture
Part 3,evoDJI_0009_frame224,Blurry Image,Laplacian Var < 50,Flagged,Loss of 4K texture
Part 3,evoDJI_0009_frame141,Blurry Image,Laplacian Var < 50,Flagged,Loss of 4K texture
Part 3,evoDJI_0009_frame184,Blurry Image,Laplacian Var < 50,Flagged,Loss of 4K texture
Part 3,heinola_DJI_0036_frame237,Blurry Image,Laplacian Var < 50,Flagged,Loss of 4K texture
Part 3,heinola_DJI_0030_frame223,Blurry Image,Laplacian Var < 50,Flagged,Loss of 4K texture
Part 3,evoDJI_0009_frame280,Blurry Image,Laplacian Var < 50,Flagged,Loss of 4K texture
Part 3,evoDJI_0009_frame48,Blurry Image,Laplacian Var < 50,Flagged,Loss of 4K texture
Part 3,heinola_DJI_0048_frame91,Blurry Image,Laplacian Var < 50,Flagged,Loss of 4K texture
Part 3,heinola_DJI_0038_frame38,Blurry Image,Laplacian Var < 50,Flagged,Loss of 4K texture
Part 3,evoDJI_0007_frame243,Blurry Image,Laplacian Var < 50,Flagged,Loss of 4K texture
Part 3,evoDJI_0009_frame89,Blurry Image,Laplacian Var < 50,Flagged,Loss of 4K texture
Part 3,heinola_DJI_0030_frame221,Blurry Image,Laplacian Var < 50,Flagged,Loss of 4K texture
Part 3,heinola_DJI_0036_frame110,Blurry Image,Laplacian Var < 50,Flagged,Loss of 4K texture
Part 3,evoDJI_0009_frame245,Blurry Image,Laplacian Var < 50,Flagged,Loss of 4K texture
Part 3,evoDJI_0009_frame124,Blurry Image,Laplacian Var < 50,Flagged,Loss of 4K texture
Part 3,heinola_DJI_0030_frame93,Blurry Image,Laplacian Var < 50,Flagged,Loss of 4K texture
Part 3,evoDJI_0009_frame76,Blurry Image,Laplacian Var < 50,Flagged,Loss of 4K texture
Part 3,evoDJI_0009_frame29,Blurry Image,Laplacian Var < 50,Flagged,Loss of 4K texture
Part 3,evoDJI_0007_frame59,Blurry Image,Laplacian Var < 50,Flagged,Loss of 4K texture
Part 3,evoDJI_0007_frame56,Blurry Image,Laplacian Var < 50,Flagged,Loss of 4K texture
Part 3,heinola_DJI_0048_frame179,Blurry Image,Laplacian Var < 50,Flagged,Loss of 4K texture
Part 3,heinola_DJI_0036_frame125,Blurry Image,Laplacian Var < 50,Flagged,Loss of 4K texture
Part 3,evoDJI_0009_frame136,Blurry Image,Laplacian Var < 50,Flagged,Loss of 4K texture
Part 3,evoDJI_0009_frame3,Blurry Image,Laplacian Var < 50,Flagged,Loss of 4K texture
Part 3,evoDJI_0009_frame169,Blurry Image,Laplacian Var < 50,Flagged,Loss of 4K texture
Part 3,evoDJI_0009_frame146,Blurry Image,Laplacian Var < 50,Flagged,Loss of 4K texture
Part 3,evoDJI_0009_frame206,Blurry Image,Laplacian Var < 50,Flagged,Loss of 4K texture
Part 3,heinola_DJI_0038_frame39,Blurry Image,Laplacian Var < 50,Flagged,Loss of 4K texture
Part 3,evoDJI_0007_frame44,Blurry Image,Laplacian Var < 50,Flagged,Loss of 4K texture
Part 3,evoDJI_0001_frame7,Blurry Image,Laplacian Var < 50,Flagged,Loss of 4K texture
Part 3,heinola_DJI_0036_frame114,Blurry Image,Laplacian Var < 50,Flagged,Loss of 4K texture
Part 3,evoDJI_0001_frame118,Blurry Image,Laplacian Var < 50,Flagged,Loss of 4K texture
Part 3,evoDJI_0009_frame52,Blurry Image,Laplacian Var < 50,Flagged,Loss of 4K texture
Part 3,heinola_DJI_0028_frame46,Blurry Image,Laplacian Var < 50,Flagged,Loss of 4K texture
Part 3,heinola_DJI_0048_frame239,Blurry Image,Laplacian Var < 50,Flagged,Loss of 4K texture
Part 3,evoDJI_0009_frame205,Blurry Image,Laplacian Var < 50,Flagged,Loss of 4K texture
Part 3,evoDJI_0009_frame172,Blurry Image,Laplacian Var < 50,Flagged,Loss of 4K texture
Part 3,heinola_DJI_0048_frame92,Blurry Image,Laplacian Var < 50,Flagged,Loss of 4K texture
Part 3,evoDJI_0009_frame238,Blurry Image,Laplacian Var < 50,Flagged,Loss of 4K texture
Part 3,evoDJI_0007_frame140,Blurry Image,Laplacian Var < 50,Flagged,Loss of 4K texture
Part 3,evoDJI_0009_frame134,Blurry Image,Laplacian Var < 50,Flagged,Loss of 4K texture
Part 3,evoDJI_0009_frame2,Blurry Image,Laplacian Var < 50,Flagged,Loss of 4K texture
Part 3,heinola_DJI_0036_frame116,Blurry Image,Laplacian Var < 50,Flagged,Loss of 4K texture
Part 3,heinola_DJI_0036_frame118,Blurry Image,Laplacian Var < 50,Flagged,Loss of 4K texture
Part 3,evoDJI_0001_frame304,Blurry Image,Laplacian Var < 50,Flagged,Loss of 4K texture
Part 3,evoDJI_0009_frame167,Blurry Image,Laplacian Var < 50,Flagged,Loss of 4K texture
Part 3,evoDJI_0009_frame159,Blurry Image,Laplacian Var < 50,Flagged,Loss of 4K texture
Part 3,evoDJI_0009_frame168,AR Outlier,IQR Bounds,Flagged,AR: 1.84
Part 3,evoDJI_0009_frame148,AR Outlier,IQR Bounds,Flagged,AR: 1.56
Part 3,heinola_DJI_0030_frame39,AR Outlier,IQR Bounds,Flagged,AR: 1.89
Part 3,evoDJI_0009_frame126,AR Outlier,IQR Bounds,Flagged,AR: 1.62
Part 3,heinola_DJI_0030_frame53,AR Outlier,IQR Bounds,Flagged,AR: 2.11
Part 3,karkkila_DJI_0020_frame85,Area Outlier,Percentile Bounds,Flagged,Area: 0.9582
Part 3,evoDJI_0001_frame1,AR Outlier,IQR Bounds,Flagged,AR: 2.24
Part 3,heinola_DJI_0033_frame198,AR Outlier,IQR Bounds,Flagged,AR: 1.48
Part 3,karkkila_DJI_0008_frame75,AR Outlier,IQR Bounds,Flagged,AR: 0.31
Part 3,evoDJI_0009_frame122,AR Outlier,IQR Bounds,Flagged,AR: 1.51
Part 3,heinola_DJI_0038_frame45,AR Outlier,IQR Bounds,Flagged,AR: 1.76
Part 3,evoDJI_0009_frame179,AR Outlier,IQR Bounds,Flagged,AR: 1.77
Part 3,heinola_DJI_0029_frame198,AR Outlier,IQR Bounds,Flagged,AR: 1.54
Part 3,karkkila_DJI_0008_frame66,AR Outlier,IQR Bounds,Flagged,AR: 0.31
Part 3,heinola_DJI_0029_frame151,AR Outlier,IQR Bounds,Flagged,AR: 1.82
Part 3,heinola_DJI_0048_frame226,AR Outlier,IQR Bounds,Flagged,AR: 2.18
Part 3,karkkila_DJI_0007_frame122,AR Outlier,IQR Bounds,Flagged,AR: 0.28
Part 3,karkkila_DJI_0007_frame122,AR Outlier,IQR Bounds,Flagged,AR: 3.69
Part 3,karkkila_DJI_0007_frame122,AR Outlier,IQR Bounds,Flagged,AR: 2.13
Part 3,heinola_DJI_0048_frame224,AR Outlier,IQR Bounds,Flagged,AR: 2.27
Part 3,karkkila_DJI_0008_frame76,AR Outlier,IQR Bounds,Flagged,AR: 0.30
Part 3,evoDJI_0009_frame150,AR Outlier,IQR Bounds,Flagged,AR: 1.58
Part 3,heinola_DJI_0029_frame180,AR Outlier,IQR Bounds,Flagged,AR: 1.53
Part 3,evoDJI_0001_frame199,AR Outlier,IQR Bounds,Flagged,AR: 1.45
Part 3,evoDJI_0009_frame162,AR Outlier,IQR Bounds,Flagged,AR: 1.75
Part 3,evoDJI_0009_frame279,AR Outlier,IQR Bounds,Flagged,AR: 1.94
Part 3,evoDJI_0009_frame211,AR Outlier,IQR Bounds,Flagged,AR: 1.59
Part 3,heinola_DJI_0030_frame33,AR Outlier,IQR Bounds,Flagged,AR: 2.94
Part 3,ruokolahti_DJI_0089_frame94,AR Outlier,IQR Bounds,Flagged,AR: 3.84
Part 3,heinola_DJI_0048_frame230,AR Outlier,IQR Bounds,Flagged,AR: 1.83
Part 3,evoDJI_0009_frame198,AR Outlier,IQR Bounds,Flagged,AR: 1.79
Part 3,heinola_DJI_0030_frame37,AR Outlier,IQR Bounds,Flagged,AR: 2.12
Part 3,heinola_DJI_0030_frame62,AR Outlier,IQR Bounds,Flagged,AR: 2.33
Part 3,evoDJI_0007_frame36,AR Outlier,IQR Bounds,Flagged,AR: 1.53
Part 3,heinola_DJI_0030_frame30,AR Outlier,IQR Bounds,Flagged,AR: 3.26
Part 3,heinola_DJI_0029_frame182,AR Outlier,IQR Bounds,Flagged,AR: 1.64
Part 3,evoDJI_0007_frame152,AR Outlier,IQR Bounds,Flagged,AR: 1.87
Part 3,evoDJI_0001_frame207,AR Outlier,IQR Bounds,Flagged,AR: 1.64
Part 3,evoDJI_0009_frame133,AR Outlier,IQR Bounds,Flagged,AR: 1.79
Part 3,ruokolahti_DJI_0081_frame73,Area Outlier,Percentile Bounds,Flagged,Area: 0.9242
Part 3,evoDJI_0009_frame119,AR Outlier,IQR Bounds,Flagged,AR: 1.62
Part 3,evoDJI_0009_frame287,AR Outlier,IQR Bounds,Flagged,AR: 1.57
Part 3,evoDJI_0007_frame154,AR Outlier,IQR Bounds,Flagged,AR: 1.62
Part 3,heinola_DJI_0038_frame40,AR Outlier,IQR Bounds,Flagged,AR: 1.74
Part 3,evoDJI_0007_frame271,AR Outlier,IQR Bounds,Flagged,AR: 1.48
Part 3,evoDJI_0009_frame166,AR Outlier,IQR Bounds,Flagged,AR: 1.70
Part 3,heinola_DJI_0030_frame50,AR Outlier,IQR Bounds,Flagged,AR: 2.27
Part 3,evoDJI_0009_frame183,AR Outlier,IQR Bounds,Flagged,AR: 1.81
Part 3,evoDJI_0009_frame171,AR Outlier,IQR Bounds,Flagged,AR: 1.90
Part 3,evoDJI_0009_frame285,AR Outlier,IQR Bounds,Flagged,AR: 2.10
Part 3,evoDJI_0007_frame94,AR Outlier,IQR Bounds,Flagged,AR: 1.54
Part 3,heinola_DJI_0030_frame36,AR Outlier,IQR Bounds,Flagged,AR: 2.21
Part 3,karkkila_DJI_0020_frame109,Area Outlier,Percentile Bounds,Flagged,Area: 0.9359
Part 3,ruokolahti_DJI_0080_frame252,AR Outlier,IQR Bounds,Flagged,AR: 0.22
Part 3,heinola_DJI_0038_frame44,AR Outlier,IQR Bounds,Flagged,AR: 1.77
Part 3,karkkila_DJI_0020_frame111,Area Outlier,Percentile Bounds,Flagged,Area: 0.9646
Part 3,ruokolahti_DJI_0080_frame3,AR Outlier,IQR Bounds,Flagged,AR: 3.52
Part 3,ruokolahti_DJI_0081_frame57,Area Outlier,Percentile Bounds,Flagged,Area: 0.9563
Part 3,evoDJI_0007_frame263,AR Outlier,IQR Bounds,Flagged,AR: 1.51
Part 3,heinola_DJI_0030_frame64,AR Outlier,IQR Bounds,Flagged,AR: 2.39
Part 3,evoDJI_0009_frame118,AR Outlier,IQR Bounds,Flagged,AR: 1.54
Part 3,evoDJI_0009_frame165,AR Outlier,IQR Bounds,Flagged,AR: 1.67
Part 3,heinola_DJI_0030_frame35,AR Outlier,IQR Bounds,Flagged,AR: 2.34
Part 3,heinola_DJI_0048_frame229,AR Outlier,IQR Bounds,Flagged,AR: 2.34
Part 3,evoDJI_0009_frame139,AR Outlier,IQR Bounds,Flagged,AR: 1.83
Part 3,heinola_DJI_0025_frame181,AR Outlier,IQR Bounds,Flagged,AR: 1.46
Part 3,ruokolahti_DJI_0089_frame42,Area Outlier,Percentile Bounds,Flagged,Area: 0.9226
Part 3,heinola_DJI_0028_frame317,AR Outlier,IQR Bounds,Flagged,AR: 0.27
Part 3,heinola_DJI_0028_frame317,AR Outlier,IQR Bounds,Flagged,AR: 0.19
Part 3,karkkila_DJI_0020_frame86,Area Outlier,Percentile Bounds,Flagged,Area: 0.9704
Part 3,evoDJI_0007_frame253,AR Outlier,IQR Bounds,Flagged,AR: 1.48
Part 3,heinola_DJI_0030_frame71,AR Outlier,IQR Bounds,Flagged,AR: 1.69
Part 3,heinola_DJI_0028_frame30,AR Outlier,IQR Bounds,Flagged,AR: 1.48
Part 3,evoDJI_0001_frame2,AR Outlier,IQR Bounds,Flagged,AR: 1.70
Part 3,evoDJI_0007_frame98,AR Outlier,IQR Bounds,Flagged,AR: 1.51
Part 3,ruokolahti_DJI_0089_frame88,AR Outlier,IQR Bounds,Flagged,AR: 2.56
Part 3,evoDJI_0001_frame225,AR Outlier,IQR Bounds,Flagged,AR: 1.53
Part 3,karkkila_DJI_0006_frame95,AR Outlier,IQR Bounds,Flagged,AR: 2.27
Part 3,heinola_DJI_0030_frame55,AR Outlier,IQR Bounds,Flagged,AR: 2.20
Part 3,evoDJI_0001_frame229,AR Outlier,IQR Bounds,Flagged,AR: 1.47
Part 3,evoDJI_0009_frame158,AR Outlier,IQR Bounds,Flagged,AR: 1.82
Part 3,ruokolahti_DJI_0080_frame8,AR Outlier,IQR Bounds,Flagged,AR: 1.81
Part 3,karkkila_DJI_0020_frame107,Area Outlier,Percentile Bounds,Flagged,Area: 0.9300
Part 3,ruokolahti_DJI_0080_frame92,AR Outlier,IQR Bounds,Flagged,AR: 0.30
Part 3,ruokolahti_DJI_0080_frame92,AR Outlier,IQR Bounds,Flagged,AR: 0.30
Part 3,evoDJI_0009_frame154,AR Outlier,IQR Bounds,Flagged,AR: 2.27
Part 3,heinola_DJI_0029_frame187,AR Outlier,IQR Bounds,Flagged,AR: 1.63
Part 3,heinola_DJI_0030_frame48,AR Outlier,IQR Bounds,Flagged,AR: 2.31
Part 3,evoDJI_0007_frame219,AR Outlier,IQR Bounds,Flagged,AR: 1.59
Part 3,karkkila_DJI_0008_frame64,AR Outlier,IQR Bounds,Flagged,AR: 0.30
Part 3,evoDJI_0009_frame129,AR Outlier,IQR Bounds,Flagged,AR: 1.84
Part 3,heinola_DJI_0048_frame225,AR Outlier,IQR Bounds,Flagged,AR: 2.01
Part 3,evoDJI_0009_frame195,AR Outlier,IQR Bounds,Flagged,AR: 1.65
Part 3,evoDJI_0009_frame197,AR Outlier,IQR Bounds,Flagged,AR: 1.57
Part 3,evoDJI_0007_frame153,AR Outlier,IQR Bounds,Flagged,AR: 1.57
Part 3,evoDJI_0009_frame214,AR Outlier,IQR Bounds,Flagged,AR: 1.83
Part 3,evoDJI_0009_frame200,AR Outlier,IQR Bounds,Flagged,AR: 1.66
Part 3,evoDJI_0001_frame224,AR Outlier,IQR Bounds,Flagged,AR: 1.67
Part 3,heinola_DJI_0029_frame192,AR Outlier,IQR Bounds,Flagged,AR: 1.57
Part 3,ruokolahti_DJI_0089_frame90,AR Outlier,IQR Bounds,Flagged,AR: 3.03
Part 3,evoDJI_0009_frame130,AR Outlier,IQR Bounds,Flagged,AR: 1.70
Part 3,evoDJI_0007_frame58,AR Outlier,IQR Bounds,Flagged,AR: 1.58
Part 3,evoDJI_0007_frame126,AR Outlier,IQR Bounds,Flagged,AR: 1.48
Part 3,ruokolahti_DJI_0089_frame62,Area Outlier,Percentile Bounds,Flagged,Area: 0.9435
Part 3,evoDJI_0001_frame17,AR Outlier,IQR Bounds,Flagged,AR: 1.47
Part 3,heinola_DJI_0036_frame242,AR Outlier,IQR Bounds,Flagged,AR: 1.56
Part 3,ruokolahti_DJI_0081_frame56,Area Outlier,Percentile Bounds,Flagged,Area: 0.9355
Part 3,karkkila_DJI_0020_frame106,Area Outlier,Percentile Bounds,Flagged,Area: 0.9349
Part 3,evoDJI_0001_frame44,AR Outlier,IQR Bounds,Flagged,AR: 1.80
Part 3,heinola_DJI_0025_frame194,AR Outlier,IQR Bounds,Flagged,AR: 1.56
Part 3,heinola_DJI_0038_frame36,AR Outlier,IQR Bounds,Flagged,AR: 1.47
Part 3,heinola_DJI_0030_frame208,Area Outlier,Percentile Bounds,Flagged,Area: 0.9121
Part 3,evoDJI_0009_frame157,AR Outlier,IQR Bounds,Flagged,AR: 1.95
Part 3,evoDJI_0009_frame152,AR Outlier,IQR Bounds,Flagged,AR: 1.74
Part 3,evoDJI_0009_frame170,AR Outlier,IQR Bounds,Flagged,AR: 1.82
Part 3,evoDJI_0009_frame188,AR Outlier,IQR Bounds,Flagged,AR: 1.55
Part 3,evoDJI_0001_frame32,AR Outlier,IQR Bounds,Flagged,AR: 1.69
Part 3,heinola_DJI_0028_frame173,AR Outlier,IQR Bounds,Flagged,AR: 1.45
Part 3,heinola_DJI_0029_frame183,AR Outlier,IQR Bounds,Flagged,AR: 1.61
Part 3,ruokolahti_DJI_0080_frame302,AR Outlier,IQR Bounds,Flagged,AR: 0.31
Part 3,heinola_DJI_0029_frame156,AR Outlier,IQR Bounds,Flagged,AR: 1.46
Part 3,evoDJI_0009_frame155,AR Outlier,IQR Bounds,Flagged,AR: 1.78
Part 3,evoDJI_0009_frame278,AR Outlier,IQR Bounds,Flagged,AR: 1.81
Part 3,heinola_DJI_0025_frame195,AR Outlier,IQR Bounds,Flagged,AR: 1.64
Part 3,evoDJI_0009_frame185,AR Outlier,IQR Bounds,Flagged,AR: 1.72
Part 3,heinola_DJI_0033_frame95,AR Outlier,IQR Bounds,Flagged,AR: 1.49
Part 3,evoDJI_0001_frame208,AR Outlier,IQR Bounds,Flagged,AR: 1.68
Part 3,ruokolahti_DJI_0080_frame5,AR Outlier,IQR Bounds,Flagged,AR: 1.65
Part 3,ruokolahti_DJI_0086_frame237,AR Outlier,IQR Bounds,Flagged,AR: 0.29
Part 3,ruokolahti_DJI_0086_frame237,AR Outlier,IQR Bounds,Flagged,AR: 1.54
Part 3,ruokolahti_DJI_0086_frame237,AR Outlier,IQR Bounds,Flagged,AR: 0.20
Part 3,ruokolahti_DJI_0086_frame237,AR Outlier,IQR Bounds,Flagged,AR: 1.95
Part 3,ruokolahti_DJI_0086_frame237,AR Outlier,IQR Bounds,Flagged,AR: 0.10
Part 3,ruokolahti_DJI_0086_frame237,AR Outlier,IQR Bounds,Flagged,AR: 1.72
Part 3,evoDJI_0001_frame209,AR Outlier,IQR Bounds,Flagged,AR: 1.58
Part 3,evoDJI_0009_frame187,AR Outlier,IQR Bounds,Flagged,AR: 1.48
Part 3,evoDJI_0007_frame96,AR Outlier,IQR Bounds,Flagged,AR: 1.81
Part 3,heinola_DJI_0048_frame227,AR Outlier,IQR Bounds,Flagged,AR: 2.43
Part 3,heinola_DJI_0029_frame188,AR Outlier,IQR Bounds,Flagged,AR: 1.60
Part 3,evoDJI_0001_frame14,AR Outlier,IQR Bounds,Flagged,AR: 1.52
Part 3,heinola_DJI_0030_frame46,AR Outlier,IQR Bounds,Flagged,AR: 2.26
Part 3,heinola_DJI_0030_frame34,AR Outlier,IQR Bounds,Flagged,AR: 2.26
Part 3,heinola_DJI_0029_frame195,AR Outlier,IQR Bounds,Flagged,AR: 1.80
Part 3,ruokolahti_DJI_0086_frame169,AR Outlier,IQR Bounds,Flagged,AR: 1.99
Part 3,heinola_DJI_0033_frame178,AR Outlier,IQR Bounds,Flagged,AR: 1.47
Part 3,ruokolahti_DJI_0080_frame10,AR Outlier,IQR Bounds,Flagged,AR: 1.64
Part 3,heinola_DJI_0033_frame189,AR Outlier,IQR Bounds,Flagged,AR: 1.70
Part 3,evoDJI_0009_frame177,AR Outlier,IQR Bounds,Flagged,AR: 1.79
Part 3,evoDJI_0009_frame189,AR Outlier,IQR Bounds,Flagged,AR: 1.56
Part 3,heinola_DJI_0029_frame199,AR Outlier,IQR Bounds,Flagged,AR: 1.51
Part 3,evoDJI_0009_frame182,AR Outlier,IQR Bounds,Flagged,AR: 1.88
Part 3,evoDJI_0009_frame276,AR Outlier,IQR Bounds,Flagged,AR: 1.60
Part 3,evoDJI_0009_frame281,AR Outlier,IQR Bounds,Flagged,AR: 1.97
Part 3,ruokolahti_DJI_0080_frame7,AR Outlier,IQR Bounds,Flagged,AR: 1.67
Part 3,ruokolahti_DJI_0086_frame294,AR Outlier,IQR Bounds,Flagged,AR: 1.91
Part 3,ruokolahti_DJI_0086_frame294,AR Outlier,IQR Bounds,Flagged,AR: 0.31
Part 3,heinola_DJI_0030_frame42,AR Outlier,IQR Bounds,Flagged,AR: 1.92
Part 3,evoDJI_0009_frame186,AR Outlier,IQR Bounds,Flagged,AR: 1.82
Part 3,evoDJI_0007_frame204,AR Outlier,IQR Bounds,Flagged,AR: 1.53
Part 3,heinola_DJI_0030_frame47,AR Outlier,IQR Bounds,Flagged,AR: 2.16
Part 3,ruokolahti_DJI_0080_frame260,AR Outlier,IQR Bounds,Flagged,AR: 0.12
Part 3,evoDJI_0001_frame223,AR Outlier,IQR Bounds,Flagged,AR: 1.66
Part 3,heinola_DJI_0029_frame194,AR Outlier,IQR Bounds,Flagged,AR: 2.00
Part 3,evoDJI_0009_frame215,AR Outlier,IQR Bounds,Flagged,AR: 1.68
Part 3,evoDJI_0009_frame149,AR Outlier,IQR Bounds,Flagged,AR: 1.50
Part 3,heinola_DJI_0029_frame150,AR Outlier,IQR Bounds,Flagged,AR: 1.78
Part 3,evoDJI_0009_frame217,AR Outlier,IQR Bounds,Flagged,AR: 1.64
Part 3,evoDJI_0009_frame174,AR Outlier,IQR Bounds,Flagged,AR: 1.64
Part 3,heinola_DJI_0029_frame189,AR Outlier,IQR Bounds,Flagged,AR: 1.65
Part 3,heinola_DJI_0030_frame32,AR Outlier,IQR Bounds,Flagged,AR: 2.75
Part 3,heinola_DJI_0030_frame51,AR Outlier,IQR Bounds,Flagged,AR: 1.97
Part 3,karkkila_DJI_0008_frame62,AR Outlier,IQR Bounds,Flagged,AR: 0.28
Part 3,ruokolahti_DJI_0089_frame43,Area Outlier,Percentile Bounds,Flagged,Area: 0.9134
Part 3,evoDJI_0009_frame156,AR Outlier,IQR Bounds,Flagged,AR: 2.22
Part 3,evoDJI_0001_frame10,Area Outlier,Percentile Bounds,Flagged,Area: 0.0002
Part 3,evoDJI_0001_frame10,AR Outlier,IQR Bounds,Flagged,AR: 0.11
Part 3,ruokolahti_DJI_0086_frame209,AR Outlier,IQR Bounds,Flagged,AR: 1.85
Part 3,heinola_DJI_0038_frame37,AR Outlier,IQR Bounds,Flagged,AR: 1.54
Part 3,heinola_DJI_0030_frame38,AR Outlier,IQR Bounds,Flagged,AR: 2.00
Part 3,evoDJI_0009_frame219,AR Outlier,IQR Bounds,Flagged,AR: 1.51
Part 3,evoDJI_0007_frame90,AR Outlier,IQR Bounds,Flagged,AR: 1.76
Part 3,evoDJI_0009_frame147,AR Outlier,IQR Bounds,Flagged,AR: 1.67
Part 3,evoDJI_0007_frame205,AR Outlier,IQR Bounds,Flagged,AR: 1.56
Part 3,evoDJI_0009_frame135,AR Outlier,IQR Bounds,Flagged,AR: 1.63
Part 3,evoDJI_0007_frame101,AR Outlier,IQR Bounds,Flagged,AR: 1.74
Part 3,heinola_DJI_0030_frame58,AR Outlier,IQR Bounds,Flagged,AR: 2.69
Part 3,heinola_DJI_0030_frame66,AR Outlier,IQR Bounds,Flagged,AR: 2.35
Part 3,evoDJI_0007_frame49,AR Outlier,IQR Bounds,Flagged,AR: 1.64
Part 3,evoDJI_0007_frame49,AR Outlier,IQR Bounds,Flagged,AR: 7.44
Part 3,evoDJI_0007_frame49,AR Outlier,IQR Bounds,Flagged,AR: 0.05
Part 3,evoDJI_0007_frame49,AR Outlier,IQR Bounds,Flagged,AR: 0.22
Part 3,evoDJI_0007_frame49,AR Outlier,IQR Bounds,Flagged,AR: 1.55
Part 3,evoDJI_0009_frame132,AR Outlier,IQR Bounds,Flagged,AR: 1.67
Part 3,evoDJI_0007_frame16,AR Outlier,IQR Bounds,Flagged,AR: 0.16
Part 3,heinola_DJI_0030_frame69,AR Outlier,IQR Bounds,Flagged,AR: 2.19
Part 3,heinola_DJI_0030_frame29,AR Outlier,IQR Bounds,Flagged,AR: 3.84
Part 3,evoDJI_0009_frame138,AR Outlier,IQR Bounds,Flagged,AR: 1.88
Part 3,heinola_DJI_0029_frame153,AR Outlier,IQR Bounds,Flagged,AR: 1.88
Part 3,evoDJI_0001_frame4,AR Outlier,IQR Bounds,Flagged,AR: 1.75
Part 3,evoDJI_0009_frame144,AR Outlier,IQR Bounds,Flagged,AR: 1.53
Part 3,heinola_DJI_0048_frame217,AR Outlier,IQR Bounds,Flagged,AR: 2.33
Part 3,evoDJI_0009_frame212,AR Outlier,IQR Bounds,Flagged,AR: 1.83
Part 3,evoDJI_0009_frame137,AR Outlier,IQR Bounds,Flagged,AR: 1.93
Part 3,heinola_DJI_0029_frame13,AR Outlier,IQR Bounds,Flagged,AR: 1.51
Part 3,heinola_DJI_0030_frame27,AR Outlier,IQR Bounds,Flagged,AR: 3.18
Part 3,evoDJI_0009_frame128,AR Outlier,IQR Bounds,Flagged,AR: 1.68
Part 3,evoDJI_0009_frame201,AR Outlier,IQR Bounds,Flagged,AR: 1.59
Part 3,evoDJI_0009_frame277,AR Outlier,IQR Bounds,Flagged,AR: 1.66
Part 3,evoDJI_0001_frame8,AR Outlier,IQR Bounds,Flagged,AR: 1.53
Part 3,evoDJI_0009_frame213,AR Outlier,IQR Bounds,Flagged,AR: 1.72
Part 3,evoDJI_0009_frame283,AR Outlier,IQR Bounds,Flagged,AR: 1.89
Part 3,evoDJI_0007_frame269,AR Outlier,IQR Bounds,Flagged,AR: 1.60
Part 3,heinola_DJI_0038_frame43,AR Outlier,IQR Bounds,Flagged,AR: 1.81
Part 3,heinola_DJI_0048_frame223,AR Outlier,IQR Bounds,Flagged,AR: 1.93
Part 3,heinola_DJI_0036_frame238,AR Outlier,IQR Bounds,Flagged,AR: 1.46
Part 3,evoDJI_0009_frame123,AR Outlier,IQR Bounds,Flagged,AR: 1.67
Part 3,evoDJI_0009_frame284,AR Outlier,IQR Bounds,Flagged,AR: 1.87
Part 3,heinola_DJI_0030_frame44,AR Outlier,IQR Bounds,Flagged,AR: 2.28
Part 3,heinola_DJI_0048_frame218,AR Outlier,IQR Bounds,Flagged,AR: 3.21
Part 3,heinola_DJI_0030_frame54,AR Outlier,IQR Bounds,Flagged,AR: 1.95
Part 3,evoDJI_0009_frame161,AR Outlier,IQR Bounds,Flagged,AR: 1.64
Part 3,evoDJI_0001_frame6,AR Outlier,IQR Bounds,Flagged,AR: 1.49
Part 3,evoDJI_0009_frame142,AR Outlier,IQR Bounds,Flagged,AR: 1.64
Part 3,evoDJI_0001_frame0,AR Outlier,IQR Bounds,Flagged,AR: 1.53
Part 3,evoDJI_0001_frame228,AR Outlier,IQR Bounds,Flagged,AR: 1.63
Part 3,heinola_DJI_0030_frame68,AR Outlier,IQR Bounds,Flagged,AR: 2.11
Part 3,ruokolahti_DJI_0089_frame91,AR Outlier,IQR Bounds,Flagged,AR: 2.62
Part 3,evoDJI_0001_frame227,AR Outlier,IQR Bounds,Flagged,AR: 1.78
Part 3,heinola_DJI_0030_frame49,AR Outlier,IQR Bounds,Flagged,AR: 2.30
Part 3,evoDJI_0009_frame153,AR Outlier,IQR Bounds,Flagged,AR: 1.53
Part 3,heinola_DJI_0030_frame43,AR Outlier,IQR Bounds,Flagged,AR: 2.63
Part 3,heinola_DJI_0025_frame110,AR Outlier,IQR Bounds,Flagged,AR: 1.51
Part 3,heinola_DJI_0029_frame191,AR Outlier,IQR Bounds,Flagged,AR: 1.69
Part 3,evoDJI_0007_frame254,AR Outlier,IQR Bounds,Flagged,AR: 1.67
Part 3,heinola_DJI_0048_frame220,AR Outlier,IQR Bounds,Flagged,AR: 2.26
Part 3,evoDJI_0009_frame180,AR Outlier,IQR Bounds,Flagged,AR: 1.70
Part 3,evoDJI_0007_frame262,AR Outlier,IQR Bounds,Flagged,AR: 1.55
Part 3,heinola_DJI_0030_frame45,AR Outlier,IQR Bounds,Flagged,AR: 2.23
Part 3,evoDJI_0009_frame175,AR Outlier,IQR Bounds,Flagged,AR: 1.66
Part 3,karkkila_DJI_0020_frame108,Area Outlier,Percentile Bounds,Flagged,Area: 0.9553
Part 3,evoDJI_0009_frame163,AR Outlier,IQR Bounds,Flagged,AR: 1.58
Part 3,heinola_DJI_0033_frame190,AR Outlier,IQR Bounds,Flagged,AR: 1.53
Part 3,evoDJI_0009_frame216,AR Outlier,IQR Bounds,Flagged,AR: 1.65
Part 3,heinola_DJI_0036_frame240,AR Outlier,IQR Bounds,Flagged,AR: 1.49
Part 3,heinola_DJI_0036_frame231,AR Outlier,IQR Bounds,Flagged,AR: 1.54
Part 3,heinola_DJI_0025_frame192,AR Outlier,IQR Bounds,Flagged,AR: 1.74
Part 3,evoDJI_0009_frame282,AR Outlier,IQR Bounds,Flagged,AR: 2.22
Part 3,ruokolahti_DJI_0081_frame54,Area Outlier,Percentile Bounds,Flagged,Area: 0.9080
Part 3,ruokolahti_DJI_0080_frame0,AR Outlier,IQR Bounds,Flagged,AR: 2.99
Part 3,heinola_DJI_0030_frame61,AR Outlier,IQR Bounds,Flagged,AR: 2.37
Part 3,heinola_DJI_0030_frame28,AR Outlier,IQR Bounds,Flagged,AR: 3.20
Part 3,ruokolahti_DJI_0081_frame55,Area Outlier,Percentile Bounds,Flagged,Area: 0.9509
Part 3,evoDJI_0009_frame127,AR Outlier,IQR Bounds,Flagged,AR: 1.56
Part 3,evoDJI_0001_frame11,AR Outlier,IQR Bounds,Flagged,AR: 1.65
Part 3,ruokolahti_DJI_0089_frame87,AR Outlier,IQR Bounds,Flagged,AR: 2.42
Part 3,ruokolahti_DJI_0080_frame294,AR Outlier,IQR Bounds,Flagged,AR: 0.11
Part 3,ruokolahti_DJI_0080_frame294,AR Outlier,IQR Bounds,Flagged,AR: 0.14
Part 3,ruokolahti_DJI_0080_frame294,AR Outlier,IQR Bounds,Flagged,AR: 0.26
Part 3,ruokolahti_DJI_0080_frame57,Area Outlier,Percentile Bounds,Flagged,Area: 0.9067
Part 3,evoDJI_0009_frame164,AR Outlier,IQR Bounds,Flagged,AR: 1.74
Part 3,heinola_DJI_0029_frame155,AR Outlier,IQR Bounds,Flagged,AR: 1.58
Part 3,heinola_DJI_0030_frame59,AR Outlier,IQR Bounds,Flagged,AR: 2.45
Part 3,heinola_DJI_0025_frame34,AR Outlier,IQR Bounds,Flagged,AR: 1.49
Part 3,heinola_DJI_0030_frame63,AR Outlier,IQR Bounds,Flagged,AR: 2.29
Part 3,karkkila_DJI_0020_frame110,Area Outlier,Percentile Bounds,Flagged,Area: 0.9734
Part 3,heinola_DJI_0029_frame181,AR Outlier,IQR Bounds,Flagged,AR: 1.69
Part 3,heinola_DJI_0030_frame40,AR Outlier,IQR Bounds,Flagged,AR: 1.87
Part 3,evoDJI_0009_frame131,AR Outlier,IQR Bounds,Flagged,AR: 1.66
Part 3,evoDJI_0001_frame16,AR Outlier,IQR Bounds,Flagged,AR: 1.59
Part 3,heinola_DJI_0048_frame221,AR Outlier,IQR Bounds,Flagged,AR: 2.32
Part 3,evoDJI_0009_frame145,AR Outlier,IQR Bounds,Flagged,AR: 1.64
Part 3,ruokolahti_DJI_0086_frame238,AR Outlier,IQR Bounds,Flagged,AR: 0.29
Part 3,ruokolahti_DJI_0086_frame238,AR Outlier,IQR Bounds,Flagged,AR: 1.58
Part 3,heinola_DJI_0025_frame193,AR Outlier,IQR Bounds,Flagged,AR: 1.55
Part 3,evoDJI_0007_frame100,AR Outlier,IQR Bounds,Flagged,AR: 2.02
Part 3,heinola_DJI_0048_frame231,AR Outlier,IQR Bounds,Flagged,AR: 1.94
Part 3,evoDJI_0009_frame178,AR Outlier,IQR Bounds,Flagged,AR: 1.59
Part 3,evoDJI_0007_frame95,AR Outlier,IQR Bounds,Flagged,AR: 1.75
Part 3,evoDJI_0009_frame173,AR Outlier,IQR Bounds,Flagged,AR: 1.61
Part 3,ruokolahti_DJI_0080_frame6,AR Outlier,IQR Bounds,Flagged,AR: 2.15
Part 3,heinola_DJI_0025_frame190,AR Outlier,IQR Bounds,Flagged,AR: 1.72
Part 3,ruokolahti_DJI_0081_frame60,Area Outlier,Percentile Bounds,Flagged,Area: 0.9571
Part 3,evoDJI_0001_frame28,AR Outlier,IQR Bounds,Flagged,AR: 1.46
Part 3,heinola_DJI_0030_frame67,AR Outlier,IQR Bounds,Flagged,AR: 2.34
Part 3,ruokolahti_DJI_0080_frame4,AR Outlier,IQR Bounds,Flagged,AR: 2.56
Part 3,heinola_DJI_0029_frame197,AR Outlier,IQR Bounds,Flagged,AR: 1.82
Part 3,karkkila_DJI_0008_frame63,AR Outlier,IQR Bounds,Flagged,AR: 0.27
Part 3,heinola_DJI_0030_frame57,AR Outlier,IQR Bounds,Flagged,AR: 2.05
Part 3,ruokolahti_DJI_0080_frame1,AR Outlier,IQR Bounds,Flagged,AR: 5.15
Part 3,heinola_DJI_0030_frame65,AR Outlier,IQR Bounds,Flagged,AR: 1.91
Part 3,heinola_DJI_0029_frame152,AR Outlier,IQR Bounds,Flagged,AR: 1.85
Part 3,evoDJI_0009_frame181,AR Outlier,IQR Bounds,Flagged,AR: 1.81
Part 3,heinola_DJI_0030_frame26,AR Outlier,IQR Bounds,Flagged,AR: 3.62
Part 3,evoDJI_0007_frame53,AR Outlier,IQR Bounds,Flagged,AR: 1.65
Part 3,heinola_DJI_0048_frame219,AR Outlier,IQR Bounds,Flagged,AR: 2.49
Part 3,evoDJI_0001_frame12,AR Outlier,IQR Bounds,Flagged,AR: 1.71
Part 3,evoDJI_0001_frame13,AR Outlier,IQR Bounds,Flagged,AR: 1.59
Part 3,heinola_DJI_0030_frame52,AR Outlier,IQR Bounds,Flagged,AR: 2.14
Part 3,heinola_DJI_0030_frame72,AR Outlier,IQR Bounds,Flagged,AR: 1.51
Part 3,heinola_DJI_0029_frame193,AR Outlier,IQR Bounds,Flagged,AR: 1.67
Part 3,evoDJI_0007_frame88,AR Outlier,IQR Bounds,Flagged,AR: 2.03
Part 3,karkkila_DJI_0020_frame84,Area Outlier,Percentile Bounds,Flagged,Area: 0.9196
Part 3,ruokolahti_DJI_0084_frame6,Area Outlier,Percentile Bounds,Flagged,Area: 0.9112
Part 3,heinola_DJI_0038_frame41,AR Outlier,IQR Bounds,Flagged,AR: 1.82
Part 3,evoDJI_0007_frame99,AR Outlier,IQR Bounds,Flagged,AR: 1.60
Part 3,evoDJI_0001_frame221,AR Outlier,IQR Bounds,Flagged,AR: 1.47
Part 3,ruokolahti_DJI_0089_frame85,AR Outlier,IQR Bounds,Flagged,AR: 1.66
Part 3,heinola_DJI_0025_frame126,AR Outlier,IQR Bounds,Flagged,AR: 1.56
Part 3,evoDJI_0007_frame255,AR Outlier,IQR Bounds,Flagged,AR: 1.68
Part 3,karkkila_DJI_0020_frame105,Area Outlier,Percentile Bounds,Flagged,Area: 0.9693
Part 3,evoDJI_0009_frame220,AR Outlier,IQR Bounds,Flagged,AR: 1.45
Part 3,heinola_DJI_0038_frame42,AR Outlier,IQR Bounds,Flagged,AR: 1.86
Part 3,evoDJI_0009_frame160,AR Outlier,IQR Bounds,Flagged,AR: 1.74
Part 3,evoDJI_0001_frame127,AR Outlier,IQR Bounds,Flagged,AR: 3.86
Part 3,evoDJI_0001_frame127,AR Outlier,IQR Bounds,Flagged,AR: 2.11
Part 3,heinola_DJI_0029_frame148,AR Outlier,IQR Bounds,Flagged,AR: 1.51
Part 3,heinola_DJI_0030_frame60,AR Outlier,IQR Bounds,Flagged,AR: 1.87
Part 3,ruokolahti_DJI_0086_frame295,AR Outlier,IQR Bounds,Flagged,AR: 3.47
Part 3,ruokolahti_DJI_0086_frame295,AR Outlier,IQR Bounds,Flagged,AR: 0.20
Part 3,ruokolahti_DJI_0086_frame295,AR Outlier,IQR Bounds,Flagged,AR: 0.20
Part 3,ruokolahti_DJI_0086_frame295,AR Outlier,IQR Bounds,Flagged,AR: 5.69
Part 3,ruokolahti_DJI_0086_frame295,AR Outlier,IQR Bounds,Flagged,AR: 0.21
Part 3,heinola_DJI_0029_frame185,AR Outlier,IQR Bounds,Flagged,AR: 1.71
Part 3,karkkila_DJI_0008_frame68,AR Outlier,IQR Bounds,Flagged,AR: 0.31
Part 3,evoDJI_0001_frame226,AR Outlier,IQR Bounds,Flagged,AR: 1.47
Part 3,evoDJI_0009_frame190,AR Outlier,IQR Bounds,Flagged,AR: 1.48
Part 3,evoDJI_0009_frame143,AR Outlier,IQR Bounds,Flagged,AR: 1.62
Part 3,evoDJI_0009_frame204,AR Outlier,IQR Bounds,Flagged,AR: 1.46
Part 3,heinola_DJI_0029_frame149,AR Outlier,IQR Bounds,Flagged,AR: 1.57
Part 3,evoDJI_0007_frame97,AR Outlier,IQR Bounds,Flagged,AR: 1.55
Part 3,evoDJI_0007_frame93,AR Outlier,IQR Bounds,Flagged,AR: 1.57
Part 3,evoDJI_0009_frame120,AR Outlier,IQR Bounds,Flagged,AR: 1.47
Part 3,evoDJI_0009_frame176,AR Outlier,IQR Bounds,Flagged,AR: 2.02
Part 3,karkkila_DJI_0008_frame69,AR Outlier,IQR Bounds,Flagged,AR: 0.30
Part 3,ruokolahti_DJI_0089_frame89,AR Outlier,IQR Bounds,Flagged,AR: 2.66
Part 3,karkkila_DJI_0008_frame48,AR Outlier,IQR Bounds,Flagged,AR: 0.28
Part 3,ruokolahti_DJI_0089_frame86,AR Outlier,IQR Bounds,Flagged,AR: 1.71
Part 3,heinola_DJI_0033_frame232,AR Outlier,IQR Bounds,Flagged,AR: 1.63
Part 3,evoDJI_0009_frame275,AR Outlier,IQR Bounds,Flagged,AR: 1.50
Part 3,evoDJI_0009_frame140,AR Outlier,IQR Bounds,Flagged,AR: 1.54
Part 3,heinola_DJI_0036_frame229,AR Outlier,IQR Bounds,Flagged,AR: 1.48
Part 3,heinola_DJI_0030_frame41,AR Outlier,IQR Bounds,Flagged,AR: 1.98
Part 3,ruokolahti_DJI_0081_frame61,Area Outlier,Percentile Bounds,Flagged,Area: 0.9019
Part 3,ruokolahti_DJI_0089_frame92,AR Outlier,IQR Bounds,Flagged,AR: 3.21
Part 3,heinola_DJI_0030_frame31,AR Outlier,IQR Bounds,Flagged,AR: 2.65
Part 3,evoDJI_0007_frame270,AR Outlier,IQR Bounds,Flagged,AR: 1.51
Part 3,ruokolahti_DJI_0088_frame257,AR Outlier,IQR Bounds,Flagged,AR: 0.27
Part 3,ruokolahti_DJI_0088_frame257,AR Outlier,IQR Bounds,Flagged,AR: 2.08
Part 3,evoDJI_0009_frame196,AR Outlier,IQR Bounds,Flagged,AR: 1.57
Part 3,heinola_DJI_0028_frame34,AR Outlier,IQR Bounds,Flagged,AR: 1.52
Part 3,ruokolahti_DJI_0080_frame2,AR Outlier,IQR Bounds,Flagged,AR: 4.02
Part 3,evoDJI_0001_frame262,AR Outlier,IQR Bounds,Flagged,AR: 1.51
Part 3,evoDJI_0009_frame141,AR Outlier,IQR Bounds,Flagged,AR: 1.77
Part 3,heinola_DJI_0029_frame154,AR Outlier,IQR Bounds,Flagged,AR: 1.70
Part 3,evoDJI_0009_frame184,AR Outlier,IQR Bounds,Flagged,AR: 1.78
Part 3,heinola_DJI_0036_frame237,AR Outlier,IQR Bounds,Flagged,AR: 1.46
Part 3,heinola_DJI_0029_frame184,AR Outlier,IQR Bounds,Flagged,AR: 2.03
Part 3,evoDJI_0009_frame280,AR Outlier,IQR Bounds,Flagged,AR: 1.94
Part 3,ruokolahti_DJI_0081_frame59,Area Outlier,Percentile Bounds,Flagged,Area: 0.9542
Part 3,ruokolahti_DJI_0081_frame75,Area Outlier,Percentile Bounds,Flagged,Area: 0.8964
Part 3,heinola_DJI_0029_frame196,AR Outlier,IQR Bounds,Flagged,AR: 1.51
Part 3,heinola_DJI_0033_frame228,AR Outlier,IQR Bounds,Flagged,AR: 1.87
Part 3,heinola_DJI_0025_frame188,AR Outlier,IQR Bounds,Flagged,AR: 1.63
Part 3,ruokolahti_DJI_0089_frame93,AR Outlier,IQR Bounds,Flagged,AR: 3.09
Part 3,heinola_DJI_0048_frame222,AR Outlier,IQR Bounds,Flagged,AR: 2.17
Part 3,evoDJI_0001_frame34,AR Outlier,IQR Bounds,Flagged,AR: 1.48
Part 3,heinola_DJI_0038_frame38,AR Outlier,IQR Bounds,Flagged,AR: 1.71
Part 3,evoDJI_0007_frame92,AR Outlier,IQR Bounds,Flagged,AR: 1.92
Part 3,heinola_DJI_0033_frame192,AR Outlier,IQR Bounds,Flagged,AR: 1.45
Part 3,heinola_DJI_0030_frame56,AR Outlier,IQR Bounds,Flagged,AR: 2.28
Part 3,heinola_DJI_0025_frame196,AR Outlier,IQR Bounds,Flagged,AR: 1.49
Part 3,heinola_DJI_0029_frame12,AR Outlier,IQR Bounds,Flagged,AR: 1.56
Part 3,evoDJI_0007_frame89,AR Outlier,IQR Bounds,Flagged,AR: 2.04
Part 3,evoDJI_0009_frame124,AR Outlier,IQR Bounds,Flagged,AR: 1.54
Part 3,evoDJI_0001_frame222,AR Outlier,IQR Bounds,Flagged,AR: 1.53
Part 3,evoDJI_0007_frame91,AR Outlier,IQR Bounds,Flagged,AR: 1.82
Part 3,heinola_DJI_0025_frame197,AR Outlier,IQR Bounds,Flagged,AR: 1.47
Part 3,evoDJI_0007_frame59,AR Outlier,IQR Bounds,Flagged,AR: 1.69
Part 3,evoDJI_0009_frame125,AR Outlier,IQR Bounds,Flagged,AR: 1.55
Part 3,evoDJI_0009_frame136,AR Outlier,IQR Bounds,Flagged,AR: 1.86
Part 3,evoDJI_0009_frame169,AR Outlier,IQR Bounds,Flagged,AR: 1.69
Part 3,heinola_DJI_0048_frame228,AR Outlier,IQR Bounds,Flagged,AR: 2.01
Part 3,evoDJI_0009_frame146,AR Outlier,IQR Bounds,Flagged,AR: 1.67
Part 3,heinola_DJI_0038_frame39,AR Outlier,IQR Bounds,Flagged,AR: 1.77
Part 3,ruokolahti_DJI_0080_frame300,AR Outlier,IQR Bounds,Flagged,AR: 1.54
Part 3,evoDJI_0001_frame7,AR Outlier,IQR Bounds,Flagged,AR: 1.56
Part 3,evoDJI_0001_frame48,AR Outlier,IQR Bounds,Flagged,AR: 2.86
Part 3,heinola_DJI_0033_frame105,AR Outlier,IQR Bounds,Flagged,AR: 1.59
Part 3,evoDJI_0009_frame172,AR Outlier,IQR Bounds,Flagged,AR: 1.73
Part 3,evoDJI_0009_frame134,AR Outlier,IQR Bounds,Flagged,AR: 1.60
Part 3,evoDJI_0007_frame151,AR Outlier,IQR Bounds,Flagged,AR: 1.53
Part 3,evoDJI_0009_frame167,AR Outlier,IQR Bounds,Flagged,AR: 1.66
Part 3,evoDJI_0009_frame159,AR Outlier,IQR Bounds,Flagged,AR: 1.79
Part 3,heinola_DJI_0030_frame70,AR Outlier,IQR Bounds,Flagged,AR: 1.85
Part 5,heinola_DJI_0028_frame0,Box Count Shift,Mode deviation,Flagged,Smoke might have dissipated or annotation error
Part 5,heinola_DJI_0028_frame4,Box Count Shift,Mode deviation,Flagged,Smoke might have dissipated or annotation error
Part 5,heinola_DJI_0028_frame6,Box Count Shift,Mode deviation,Flagged,Smoke might have dissipated or annotation error
Part 5,heinola_DJI_0028_frame7,Box Count Shift,Mode deviation,Flagged,Smoke might have dissipated or annotation error
Part 5,heinola_DJI_0028_frame9,Box Count Shift,Mode deviation,Flagged,Smoke might have dissipated or annotation error
Part 5,heinola_DJI_0028_frame10,Box Count Shift,Mode deviation,Flagged,Smoke might have dissipated or annotation error
Part 5,heinola_DJI_0028_frame11,Box Count Shift,Mode deviation,Flagged,Smoke might have dissipated or annotation error
Part 5,heinola_DJI_0028_frame13,Box Count Shift,Mode deviation,Flagged,Smoke might have dissipated or annotation error
Part 5,heinola_DJI_0028_frame14,Box Count Shift,Mode deviation,Flagged,Smoke might have dissipated or annotation error
Part 5,heinola_DJI_0028_frame39,Box Count Shift,Mode deviation,Flagged,Smoke might have dissipated or annotation error
Part 5,heinola_DJI_0028_frame40,Box Count Shift,Mode deviation,Flagged,Smoke might have dissipated or annotation error
Part 5,heinola_DJI_0028_frame41,Box Count Shift,Mode deviation,Flagged,Smoke might have dissipated or annotation error
Part 5,heinola_DJI_0028_frame43,Box Count Shift,Mode deviation,Flagged,Smoke might have dissipated or annotation error
Part 5,heinola_DJI_0028_frame44,Box Count Shift,Mode deviation,Flagged,Smoke might have dissipated or annotation error
Part 5,heinola_DJI_0028_frame45,Box Count Shift,Mode deviation,Flagged,Smoke might have dissipated or annotation error
Part 5,heinola_DJI_0028_frame46,Box Count Shift,Mode deviation,Flagged,Smoke might have dissipated or annotation error
Part 5,heinola_DJI_0028_frame47,Box Count Shift,Mode deviation,Flagged,Smoke might have dissipated or annotation error
Part 5,heinola_DJI_0028_frame48,Box Count Shift,Mode deviation,Flagged,Smoke might have dissipated or annotation error
Part 5,heinola_DJI_0028_frame49,Box Count Shift,Mode deviation,Flagged,Smoke might have dissipated or annotation error
Part 5,heinola_DJI_0028_frame50,Box Count Shift,Mode deviation,Flagged,Smoke might have dissipated or annotation error
Part 5,heinola_DJI_0028_frame51,Box Count Shift,Mode deviation,Flagged,Smoke might have dissipated or annotation error
Part 5,heinola_DJI_0028_frame52,Box Count Shift,Mode deviation,Flagged,Smoke might have dissipated or annotation error
Part 5,heinola_DJI_0028_frame53,Box Count Shift,Mode deviation,Flagged,Smoke might have dissipated or annotation error
Part 5,heinola_DJI_0028_frame54,Box Count Shift,Mode deviation,Flagged,Smoke might have dissipated or annotation error
Part 5,heinola_DJI_0028_frame55,Box Count Shift,Mode deviation,Flagged,Smoke might have dissipated or annotation error
Part 5,heinola_DJI_0028_frame56,Box Count Shift,Mode deviation,Flagged,Smoke might have dissipated or annotation error
Part 5,heinola_DJI_0028_frame57,Box Count Shift,Mode deviation,Flagged,Smoke might have dissipated or annotation error
Part 5,heinola_DJI_0028_frame58,Box Count Shift,Mode deviation,Flagged,Smoke might have dissipated or annotation error
Part 5,heinola_DJI_0028_frame60,Box Count Shift,Mode deviation,Flagged,Smoke might have dissipated or annotation error
Part 5,heinola_DJI_0028_frame61,Box Count Shift,Mode deviation,Flagged,Smoke might have dissipated or annotation error
Part 5,heinola_DJI_0028_frame62,Box Count Shift,Mode deviation,Flagged,Smoke might have dissipated or annotation error
Part 5,heinola_DJI_0028_frame63,Box Count Shift,Mode deviation,Flagged,Smoke might have dissipated or annotation error
Part 5,heinola_DJI_0028_frame64,Box Count Shift,Mode deviation,Flagged,Smoke might have dissipated or annotation error
Part 5,heinola_DJI_0028_frame65,Box Count Shift,Mode deviation,Flagged,Smoke might have dissipated or annotation error
Part 5,heinola_DJI_0028_frame66,Box Count Shift,Mode deviation,Flagged,Smoke might have dissipated or annotation error
Part 5,heinola_DJI_0028_frame67,Box Count Shift,Mode deviation,Flagged,Smoke might have dissipated or annotation error
Part 5,heinola_DJI_0028_frame69,Box Count Shift,Mode deviation,Flagged,Smoke might have dissipated or annotation error
Part 5,heinola_DJI_0028_frame70,Box Count Shift,Mode deviation,Flagged,Smoke might have dissipated or annotation error
Part 5,heinola_DJI_0028_frame72,Box Count Shift,Mode deviation,Flagged,Smoke might have dissipated or annotation error
Part 5,heinola_DJI_0028_frame73,Box Count Shift,Mode deviation,Flagged,Smoke might have dissipated or annotation error
Part 5,heinola_DJI_0028_frame75,Box Count Shift,Mode deviation,Flagged,Smoke might have dissipated or annotation error
Part 5,heinola_DJI_0028_frame76,Box Count Shift,Mode deviation,Flagged,Smoke might have dissipated or annotation error
Part 5,heinola_DJI_0028_frame78,Box Count Shift,Mode deviation,Flagged,Smoke might have dissipated or annotation error
Part 5,heinola_DJI_0028_frame81,Box Count Shift,Mode deviation,Flagged,Smoke might have dissipated or annotation error
Part 5,heinola_DJI_0028_frame82,Box Count Shift,Mode deviation,Flagged,Smoke might have dissipated or annotation error
Part 5,heinola_DJI_0028_frame87,Box Count Shift,Mode deviation,Flagged,Smoke might have dissipated or annotation error
Part 5,heinola_DJI_0028_frame89,Box Count Shift,Mode deviation,Flagged,Smoke might have dissipated or annotation error
Part 5,heinola_DJI_0028_frame91,Box Count Shift,Mode deviation,Flagged,Smoke might have dissipated or annotation error
Part 5,heinola_DJI_0028_frame92,Box Count Shift,Mode deviation,Flagged,Smoke might have dissipated or annotation error
Part 5,heinola_DJI_0028_frame93,Box Count Shift,Mode deviation,Flagged,Smoke might have dissipated or annotation error
Part 5,heinola_DJI_0028_frame94,Box Count Shift,Mode deviation,Flagged,Smoke might have dissipated or annotation error
Part 5,heinola_DJI_0028_frame95,Box Count Shift,Mode deviation,Flagged,Smoke might have dissipated or annotation error
Part 5,heinola_DJI_0028_frame96,Box Count Shift,Mode deviation,Flagged,Smoke might have dissipated or annotation error
Part 5,heinola_DJI_0028_frame97,Box Count Shift,Mode deviation,Flagged,Smoke might have dissipated or annotation error
Part 5,heinola_DJI_0028_frame99,Box Count Shift,Mode deviation,Flagged,Smoke might have dissipated or annotation error
Part 5,heinola_DJI_0028_frame100,Box Count Shift,Mode deviation,Flagged,Smoke might have dissipated or annotation error
Part 5,heinola_DJI_0028_frame103,Box Count Shift,Mode deviation,Flagged,Smoke might have dissipated or annotation error
Part 5,heinola_DJI_0028_frame104,Box Count Shift,Mode deviation,Flagged,Smoke might have dissipated or annotation error
Part 5,heinola_DJI_0028_frame107,Box Count Shift,Mode deviation,Flagged,Smoke might have dissipated or annotation error
Part 5,heinola_DJI_0028_frame108,Box Count Shift,Mode deviation,Flagged,Smoke might have dissipated or annotation error
Part 5,heinola_DJI_0028_frame110,Box Count Shift,Mode deviation,Flagged,Smoke might have dissipated or annotation error
Part 5,heinola_DJI_0028_frame111,Box Count Shift,Mode deviation,Flagged,Smoke might have dissipated or annotation error
Part 5,heinola_DJI_0028_frame114,Box Count Shift,Mode deviation,Flagged,Smoke might have dissipated or annotation error
Part 5,heinola_DJI_0028_frame115,Box Count Shift,Mode deviation,Flagged,Smoke might have dissipated or annotation error
Part 5,heinola_DJI_0028_frame116,Box Count Shift,Mode deviation,Flagged,Smoke might have dissipated or annotation error
Part 5,heinola_DJI_0028_frame118,Box Count Shift,Mode deviation,Flagged,Smoke might have dissipated or annotation error
Part 5,heinola_DJI_0028_frame119,Box Count Shift,Mode deviation,Flagged,Smoke might have dissipated or annotation error
Part 5,heinola_DJI_0028_frame122,Box Count Shift,Mode deviation,Flagged,Smoke might have dissipated or annotation error
Part 5,heinola_DJI_0028_frame123,Box Count Shift,Mode deviation,Flagged,Smoke might have dissipated or annotation error
Part 5,heinola_DJI_0028_frame126,Box Count Shift,Mode deviation,Flagged,Smoke might have dissipated or annotation error
Part 5,heinola_DJI_0028_frame127,Box Count Shift,Mode deviation,Flagged,Smoke might have dissipated or annotation error
Part 5,heinola_DJI_0028_frame128,Box Count Shift,Mode deviation,Flagged,Smoke might have dissipated or annotation error
Part 5,heinola_DJI_0028_frame131,Box Count Shift,Mode deviation,Flagged,Smoke might have dissipated or annotation error
Part 5,heinola_DJI_0028_frame132,Box Count Shift,Mode deviation,Flagged,Smoke might have dissipated or annotation error
Part 5,heinola_DJI_0028_frame133,Box Count Shift,Mode deviation,Flagged,Smoke might have dissipated or annotation error
Part 5,heinola_DJI_0028_frame134,Box Count Shift,Mode deviation,Flagged,Smoke might have dissipated or annotation error
Part 5,heinola_DJI_0028_frame136,Box Count Shift,Mode deviation,Flagged,Smoke might have dissipated or annotation error
Part 5,heinola_DJI_0028_frame137,Box Count Shift,Mode deviation,Flagged,Smoke might have dissipated or annotation error
Part 5,heinola_DJI_0028_frame138,Box Count Shift,Mode deviation,Flagged,Smoke might have dissipated or annotation error
Part 5,heinola_DJI_0028_frame142,Box Count Shift,Mode deviation,Flagged,Smoke might have dissipated or annotation error
Part 5,heinola_DJI_0028_frame143,Box Count Shift,Mode deviation,Flagged,Smoke might have dissipated or annotation error
Part 5,heinola_DJI_0028_frame145,Box Count Shift,Mode deviation,Flagged,Smoke might have dissipated or annotation error
Part 5,heinola_DJI_0028_frame146,Box Count Shift,Mode deviation,Flagged,Smoke might have dissipated or annotation error
Part 5,heinola_DJI_0028_frame147,Box Count Shift,Mode deviation,Flagged,Smoke might have dissipated or annotation error
Part 5,heinola_DJI_0028_frame195,Box Count Shift,Mode deviation,Flagged,Smoke might have dissipated or annotation error
Part 5,heinola_DJI_0028_frame196,Box Count Shift,Mode deviation,Flagged,Smoke might have dissipated or annotation error
Part 5,heinola_DJI_0028_frame197,Box Count Shift,Mode deviation,Flagged,Smoke might have dissipated or annotation error
Part 5,heinola_DJI_0028_frame198,Box Count Shift,Mode deviation,Flagged,Smoke might have dissipated or annotation error
Part 5,heinola_DJI_0028_frame199,Box Count Shift,Mode deviation,Flagged,Smoke might have dissipated or annotation error
Part 5,heinola_DJI_0028_frame200,Box Count Shift,Mode deviation,Flagged,Smoke might have dissipated or annotation error
Part 5,heinola_DJI_0028_frame202,Box Count Shift,Mode deviation,Flagged,Smoke might have dissipated or annotation error
Part 5,heinola_DJI_0028_frame204,Box Count Shift,Mode deviation,Flagged,Smoke might have dissipated or annotation error
Part 5,heinola_DJI_0028_frame205,Box Count Shift,Mode deviation,Flagged,Smoke might have dissipated or annotation error
Part 5,heinola_DJI_0028_frame206,Box Count Shift,Mode deviation,Flagged,Smoke might have dissipated or annotation error
Part 5,heinola_DJI_0028_frame207,Box Count Shift,Mode deviation,Flagged,Smoke might have dissipated or annotation error
Part 5,heinola_DJI_0028_frame209,Box Count Shift,Mode deviation,Flagged,Smoke might have dissipated or annotation error
Part 5,heinola_DJI_0028_frame210,Box Count Shift,Mode deviation,Flagged,Smoke might have dissipated or annotation error
Part 5,heinola_DJI_0028_frame211,Box Count Shift,Mode deviation,Flagged,Smoke might have dissipated or annotation error
Part 5,heinola_DJI_0028_frame212,Box Count Shift,Mode deviation,Flagged,Smoke might have dissipated or annotation error
Part 5,heinola_DJI_0028_frame213,Box Count Shift,Mode deviation,Flagged,Smoke might have dissipated or annotation error
Part 5,heinola_DJI_0028_frame214,Box Count Shift,Mode deviation,Flagged,Smoke might have dissipated or annotation error
Part 5,heinola_DJI_0028_frame218,Box Count Shift,Mode deviation,Flagged,Smoke might have dissipated or annotation error
Part 5,heinola_DJI_0028_frame219,Box Count Shift,Mode deviation,Flagged,Smoke might have dissipated or annotation error
Part 5,heinola_DJI_0028_frame220,Box Count Shift,Mode deviation,Flagged,Smoke might have dissipated or annotation error
Part 5,heinola_DJI_0028_frame221,Box Count Shift,Mode deviation,Flagged,Smoke might have dissipated or annotation error
Part 5,heinola_DJI_0028_frame222,Box Count Shift,Mode deviation,Flagged,Smoke might have dissipated or annotation error
Part 5,heinola_DJI_0028_frame223,Box Count Shift,Mode deviation,Flagged,Smoke might have dissipated or annotation error
Part 5,heinola_DJI_0028_frame224,Box Count Shift,Mode deviation,Flagged,Smoke might have dissipated or annotation error
Part 5,heinola_DJI_0028_frame225,Box Count Shift,Mode deviation,Flagged,Smoke might have dissipated or annotation error
Part 5,heinola_DJI_0028_frame229,Box Count Shift,Mode deviation,Flagged,Smoke might have dissipated or annotation error
Part 5,heinola_DJI_0028_frame230,Box Count Shift,Mode deviation,Flagged,Smoke might have dissipated or annotation error
Part 5,heinola_DJI_0028_frame317,Box Count Shift,Mode deviation,Flagged,Smoke might have dissipated or annotation error
Part 5,ruokolahti_DJI_0081_frame119,Box Count Shift,Mode deviation,Flagged,Smoke might have dissipated or annotation error
Part 5,evoDJI_0007_frame16,Box Count Shift,Mode deviation,Flagged,Smoke might have dissipated or annotation error
Part 5,evoDJI_0007_frame49,Box Count Shift,Mode deviation,Flagged,Smoke might have dissipated or annotation error
Part 5,ruokolahti_DJI_0087_frame46,Box Count Shift,Mode deviation,Flagged,Smoke might have dissipated or annotation error
Part 5,ruokolahti_DJI_0087_frame249,Box Count Shift,Mode deviation,Flagged,Smoke might have dissipated or annotation error
Part 5,ruokolahti_DJI_0087_frame259,Box Count Shift,Mode deviation,Flagged,Smoke might have dissipated or annotation error
Part 5,evoDJI_0001_frame23,Box Count Shift,Mode deviation,Flagged,Smoke might have dissipated or annotation error
Part 5,evoDJI_0001_frame65,Box Count Shift,Mode deviation,Flagged,Smoke might have dissipated or annotation error
Part 5,evoDJI_0001_frame127,Box Count Shift,Mode deviation,Flagged,Smoke might have dissipated or annotation error
Part 5,karkkila_DJI_0020_frame113,Box Count Shift,Mode deviation,Flagged,Smoke might have dissipated or annotation error
Part 5,ruokolahti_DJI_0085_frame176,Box Count Shift,Mode deviation,Flagged,Smoke might have dissipated or annotation error
Part 5,ruokolahti_DJI_0085_frame177,Box Count Shift,Mode deviation,Flagged,Smoke might have dissipated or annotation error
Part 5,ruokolahti_DJI_0088_frame257,Box Count Shift,Mode deviation,Flagged,Smoke might have dissipated or annotation error
Part 5,ruokolahti_DJI_0086_frame169,Box Count Shift,Mode deviation,Flagged,Smoke might have dissipated or annotation error
Part 5,ruokolahti_DJI_0086_frame209,Box Count Shift,Mode deviation,Flagged,Smoke might have dissipated or annotation error
Part 5,ruokolahti_DJI_0086_frame237,Box Count Shift,Mode deviation,Flagged,Smoke might have dissipated or annotation error
Part 5,ruokolahti_DJI_0086_frame238,Box Count Shift,Mode deviation,Flagged,Smoke might have dissipated or annotation error
Part 5,ruokolahti_DJI_0086_frame294,Box Count Shift,Mode deviation,Flagged,Smoke might have dissipated or annotation error
Part 5,ruokolahti_DJI_0086_frame295,Box Count Shift,Mode deviation,Flagged,Smoke might have dissipated or annotation error
Part 5,karkkila_DJI_0004_frame132,Box Count Shift,Mode deviation,Flagged,Smoke might have dissipated or annotation error
Part 5,heinola_DJI_0033_frame228,Box Count Shift,Mode deviation,Flagged,Smoke might have dissipated or annotation error
Part 5,karkkila_DJI_0006_frame84,Box Count Shift,Mode deviation,Flagged,Smoke might have dissipated or annotation error
Part 5,karkkila_DJI_0006_frame85,Box Count Shift,Mode deviation,Flagged,Smoke might have dissipated or annotation error
Part 5,karkkila_DJI_0006_frame86,Box Count Shift,Mode deviation,Flagged,Smoke might have dissipated or annotation error
Part 5,karkkila_DJI_0006_frame87,Box Count Shift,Mode deviation,Flagged,Smoke might have dissipated or annotation error
Part 5,karkkila_DJI_0006_frame88,Box Count Shift,Mode deviation,Flagged,Smoke might have dissipated or annotation error
Part 5,karkkila_DJI_0006_frame89,Box Count Shift,Mode deviation,Flagged,Smoke might have dissipated or annotation error
Part 5,karkkila_DJI_0006_frame90,Box Count Shift,Mode deviation,Flagged,Smoke might have dissipated or annotation error
Part 5,karkkila_DJI_0006_frame91,Box Count Shift,Mode deviation,Flagged,Smoke might have dissipated or annotation error
Part 5,karkkila_DJI_0006_frame92,Box Count Shift,Mode deviation,Flagged,Smoke might have dissipated or annotation error
Part 5,karkkila_DJI_0006_frame93,Box Count Shift,Mode deviation,Flagged,Smoke might have dissipated or annotation error
Part 5,karkkila_DJI_0006_frame94,Box Count Shift,Mode deviation,Flagged,Smoke might have dissipated or annotation error
Part 5,karkkila_DJI_0006_frame111,Box Count Shift,Mode deviation,Flagged,Smoke might have dissipated or annotation error
Part 5,karkkila_DJI_0006_frame112,Box Count Shift,Mode deviation,Flagged,Smoke might have dissipated or annotation error
Part 5,karkkila_DJI_0006_frame113,Box Count Shift,Mode deviation,Flagged,Smoke might have dissipated or annotation error
Part 5,karkkila_DJI_0006_frame114,Box Count Shift,Mode deviation,Flagged,Smoke might have dissipated or annotation error
Part 5,karkkila_DJI_0006_frame115,Box Count Shift,Mode deviation,Flagged,Smoke might have dissipated or annotation error
Part 5,karkkila_DJI_0006_frame116,Box Count Shift,Mode deviation,Flagged,Smoke might have dissipated or annotation error
Part 5,karkkila_DJI_0006_frame117,Box Count Shift,Mode deviation,Flagged,Smoke might have dissipated or annotation error
Part 5,karkkila_DJI_0006_frame118,Box Count Shift,Mode deviation,Flagged,Smoke might have dissipated or annotation error
Part 5,karkkila_DJI_0007_frame122,Box Count Shift,Mode deviation,Flagged,Smoke might have dissipated or annotation error
Part 5,heinola_DJI_0048_frame217,Box Count Shift,Mode deviation,Flagged,Smoke might have dissipated or annotation error
Part 5,heinola_DJI_0048_frame218,Box Count Shift,Mode deviation,Flagged,Smoke might have dissipated or annotation error
Part 5,heinola_DJI_0048_frame219,Box Count Shift,Mode deviation,Flagged,Smoke might have dissipated or annotation error
Part 5,heinola_DJI_0048_frame220,Box Count Shift,Mode deviation,Flagged,Smoke might have dissipated or annotation error
Part 5,heinola_DJI_0048_frame221,Box Count Shift,Mode deviation,Flagged,Smoke might have dissipated or annotation error
Part 5,heinola_DJI_0048_frame222,Box Count Shift,Mode deviation,Flagged,Smoke might have dissipated or annotation error
Part 5,heinola_DJI_0048_frame223,Box Count Shift,Mode deviation,Flagged,Smoke might have dissipated or annotation error
Part 5,heinola_DJI_0048_frame224,Box Count Shift,Mode deviation,Flagged,Smoke might have dissipated or annotation error
Part 5,heinola_DJI_0048_frame225,Box Count Shift,Mode deviation,Flagged,Smoke might have dissipated or annotation error
Part 5,heinola_DJI_0048_frame226,Box Count Shift,Mode deviation,Flagged,Smoke might have dissipated or annotation error
Part 5,heinola_DJI_0048_frame227,Box Count Shift,Mode deviation,Flagged,Smoke might have dissipated or annotation error
Part 5,heinola_DJI_0048_frame228,Box Count Shift,Mode deviation,Flagged,Smoke might have dissipated or annotation error
Part 5,heinola_DJI_0048_frame229,Box Count Shift,Mode deviation,Flagged,Smoke might have dissipated or annotation error
Part 5,heinola_DJI_0048_frame230,Box Count Shift,Mode deviation,Flagged,Smoke might have dissipated or annotation error
Part 5,heinola_DJI_0048_frame231,Box Count Shift,Mode deviation,Flagged,Smoke might have dissipated or annotation error
Part 5,karkkila_DJI_0003_frame24,Box Count Shift,Mode deviation,Flagged,Smoke might have dissipated or annotation error
Part 5,karkkila_DJI_0003_frame25,Box Count Shift,Mode deviation,Flagged,Smoke might have dissipated or annotation error
Part 5,karkkila_DJI_0003_frame26,Box Count Shift,Mode deviation,Flagged,Smoke might have dissipated or annotation error
Part 5,karkkila_DJI_0003_frame27,Box Count Shift,Mode deviation,Flagged,Smoke might have dissipated or annotation error
Part 5,karkkila_DJI_0003_frame28,Box Count Shift,Mode deviation,Flagged,Smoke might have dissipated or annotation error
Part 5,karkkila_DJI_0003_frame29,Box Count Shift,Mode deviation,Flagged,Smoke might have dissipated or annotation error
Part 5,karkkila_DJI_0003_frame30,Box Count Shift,Mode deviation,Flagged,Smoke might have dissipated or annotation error
Part 5,karkkila_DJI_0003_frame31,Box Count Shift,Mode deviation,Flagged,Smoke might have dissipated or annotation error
Part 5,karkkila_DJI_0003_frame32,Box Count Shift,Mode deviation,Flagged,Smoke might have dissipated or annotation error
Part 5,karkkila_DJI_0003_frame33,Box Count Shift,Mode deviation,Flagged,Smoke might have dissipated or annotation error
Part 5,karkkila_DJI_0003_frame34,Box Count Shift,Mode deviation,Flagged,Smoke might have dissipated or annotation error
Part 5,karkkila_DJI_0003_frame35,Box Count Shift,Mode deviation,Flagged,Smoke might have dissipated or annotation error
Part 5,karkkila_DJI_0003_frame36,Box Count Shift,Mode deviation,Flagged,Smoke might have dissipated or annotation error
Part 5,karkkila_DJI_0003_frame37,Box Count Shift,Mode deviation,Flagged,Smoke might have dissipated or annotation error
Part 5,karkkila_DJI_0003_frame38,Box Count Shift,Mode deviation,Flagged,Smoke might have dissipated or annotation error
Part 5,karkkila_DJI_0003_frame39,Box Count Shift,Mode deviation,Flagged,Smoke might have dissipated or annotation error
Part 5,karkkila_DJI_0003_frame43,Box Count Shift,Mode deviation,Flagged,Smoke might have dissipated or annotation error
Part 5,karkkila_DJI_0003_frame44,Box Count Shift,Mode deviation,Flagged,Smoke might have dissipated or annotation error
Part 5,ruokolahti_DJI_0080_frame6,Box Count Shift,Mode deviation,Flagged,Smoke might have dissipated or annotation error
Part 5,ruokolahti_DJI_0080_frame92,Box Count Shift,Mode deviation,Flagged,Smoke might have dissipated or annotation error
Part 5,ruokolahti_DJI_0080_frame252,Box Count Shift,Mode deviation,Flagged,Smoke might have dissipated or annotation error
Part 5,ruokolahti_DJI_0080_frame260,Box Count Shift,Mode deviation,Flagged,Smoke might have dissipated or annotation error
Part 5,ruokolahti_DJI_0080_frame294,Box Count Shift,Mode deviation,Flagged,Smoke might have dissipated or annotation error
Part 5,ruokolahti_DJI_0080_frame300,Box Count Shift,Mode deviation,Flagged,Smoke might have dissipated or annotation error
Part 5,ruokolahti_DJI_0080_frame302,Box Count Shift,Mode deviation,Flagged,Smoke might have dissipated or annotation error
Part 5,heinola_DJI_0028_frame7,Near Duplicate,pHash < 5,Flagged,Temporal static scene
Part 5,heinola_DJI_0028_frame18,Near Duplicate,pHash < 5,Flagged,Temporal static scene
Part 5,heinola_DJI_0028_frame26,Near Duplicate,pHash < 5,Flagged,Temporal static scene
Part 5,heinola_DJI_0028_frame40,Near Duplicate,pHash < 5,Flagged,Temporal static scene
Part 5,heinola_DJI_0028_frame97,Near Duplicate,pHash < 5,Flagged,Temporal static scene
Part 5,heinola_DJI_0028_frame100,Near Duplicate,pHash < 5,Flagged,Temporal static scene
Part 5,heinola_DJI_0028_frame110,Near Duplicate,pHash < 5,Flagged,Temporal static scene
Part 5,heinola_DJI_0028_frame115,Near Duplicate,pHash < 5,Flagged,Temporal static scene
Part 5,heinola_DJI_0028_frame116,Near Duplicate,pHash < 5,Flagged,Temporal static scene
Part 5,heinola_DJI_0028_frame119,Near Duplicate,pHash < 5,Flagged,Temporal static scene
Part 5,heinola_DJI_0028_frame123,Near Duplicate,pHash < 5,Flagged,Temporal static scene
Part 5,heinola_DJI_0028_frame127,Near Duplicate,pHash < 5,Flagged,Temporal static scene
Part 5,heinola_DJI_0028_frame128,Near Duplicate,pHash < 5,Flagged,Temporal static scene
Part 5,heinola_DJI_0028_frame132,Near Duplicate,pHash < 5,Flagged,Temporal static scene
Part 5,heinola_DJI_0028_frame133,Near Duplicate,pHash < 5,Flagged,Temporal static scene
Part 5,heinola_DJI_0028_frame146,Near Duplicate,pHash < 5,Flagged,Temporal static scene
Part 5,heinola_DJI_0028_frame147,Near Duplicate,pHash < 5,Flagged,Temporal static scene
Part 5,heinola_DJI_0028_frame154,Near Duplicate,pHash < 5,Flagged,Temporal static scene
Part 5,heinola_DJI_0028_frame155,Near Duplicate,pHash < 5,Flagged,Temporal static scene
Part 5,heinola_DJI_0028_frame156,Near Duplicate,pHash < 5,Flagged,Temporal static scene
Part 5,heinola_DJI_0028_frame159,Near Duplicate,pHash < 5,Flagged,Temporal static scene
Part 5,heinola_DJI_0028_frame164,Near Duplicate,pHash < 5,Flagged,Temporal static scene
Part 5,heinola_DJI_0028_frame166,Near Duplicate,pHash < 5,Flagged,Temporal static scene
Part 5,heinola_DJI_0028_frame170,Near Duplicate,pHash < 5,Flagged,Temporal static scene
Part 5,heinola_DJI_0028_frame171,Near Duplicate,pHash < 5,Flagged,Temporal static scene
Part 5,heinola_DJI_0028_frame178,Near Duplicate,pHash < 5,Flagged,Temporal static scene
Part 5,heinola_DJI_0028_frame186,Near Duplicate,pHash < 5,Flagged,Temporal static scene
Part 5,heinola_DJI_0028_frame222,Near Duplicate,pHash < 5,Flagged,Temporal static scene
Part 5,heinola_DJI_0028_frame250,Near Duplicate,pHash < 5,Flagged,Temporal static scene
Part 5,heinola_DJI_0028_frame255,Near Duplicate,pHash < 5,Flagged,Temporal static scene
Part 5,heinola_DJI_0028_frame256,Near Duplicate,pHash < 5,Flagged,Temporal static scene
Part 5,heinola_DJI_0028_frame257,Near Duplicate,pHash < 5,Flagged,Temporal static scene
Part 5,heinola_DJI_0028_frame258,Near Duplicate,pHash < 5,Flagged,Temporal static scene
Part 5,heinola_DJI_0028_frame260,Near Duplicate,pHash < 5,Flagged,Temporal static scene
Part 5,heinola_DJI_0028_frame261,Near Duplicate,pHash < 5,Flagged,Temporal static scene
Part 5,heinola_DJI_0028_frame262,Near Duplicate,pHash < 5,Flagged,Temporal static scene
Part 5,heinola_DJI_0028_frame263,Near Duplicate,pHash < 5,Flagged,Temporal static scene
Part 5,heinola_DJI_0028_frame264,Near Duplicate,pHash < 5,Flagged,Temporal static scene
Part 5,heinola_DJI_0028_frame265,Near Duplicate,pHash < 5,Flagged,Temporal static scene
Part 5,heinola_DJI_0028_frame266,Near Duplicate,pHash < 5,Flagged,Temporal static scene
Part 5,heinola_DJI_0028_frame267,Near Duplicate,pHash < 5,Flagged,Temporal static scene
Part 5,heinola_DJI_0028_frame268,Near Duplicate,pHash < 5,Flagged,Temporal static scene
Part 5,heinola_DJI_0028_frame269,Near Duplicate,pHash < 5,Flagged,Temporal static scene
Part 5,heinola_DJI_0028_frame270,Near Duplicate,pHash < 5,Flagged,Temporal static scene
Part 5,heinola_DJI_0028_frame271,Near Duplicate,pHash < 5,Flagged,Temporal static scene
Part 5,heinola_DJI_0028_frame272,Near Duplicate,pHash < 5,Flagged,Temporal static scene
Part 5,heinola_DJI_0028_frame273,Near Duplicate,pHash < 5,Flagged,Temporal static scene
Part 5,heinola_DJI_0028_frame274,Near Duplicate,pHash < 5,Flagged,Temporal static scene
Part 5,heinola_DJI_0028_frame275,Near Duplicate,pHash < 5,Flagged,Temporal static scene
Part 5,heinola_DJI_0028_frame276,Near Duplicate,pHash < 5,Flagged,Temporal static scene
Part 5,heinola_DJI_0028_frame277,Near Duplicate,pHash < 5,Flagged,Temporal static scene
Part 5,heinola_DJI_0028_frame278,Near Duplicate,pHash < 5,Flagged,Temporal static scene
Part 5,heinola_DJI_0028_frame279,Near Duplicate,pHash < 5,Flagged,Temporal static scene
Part 5,heinola_DJI_0028_frame281,Near Duplicate,pHash < 5,Flagged,Temporal static scene
Part 5,heinola_DJI_0028_frame282,Near Duplicate,pHash < 5,Flagged,Temporal static scene
Part 5,heinola_DJI_0028_frame283,Near Duplicate,pHash < 5,Flagged,Temporal static scene
Part 5,heinola_DJI_0028_frame284,Near Duplicate,pHash < 5,Flagged,Temporal static scene
Part 5,heinola_DJI_0028_frame285,Near Duplicate,pHash < 5,Flagged,Temporal static scene
Part 5,heinola_DJI_0028_frame286,Near Duplicate,pHash < 5,Flagged,Temporal static scene
Part 5,heinola_DJI_0028_frame287,Near Duplicate,pHash < 5,Flagged,Temporal static scene
Part 5,heinola_DJI_0028_frame288,Near Duplicate,pHash < 5,Flagged,Temporal static scene
Part 5,heinola_DJI_0028_frame289,Near Duplicate,pHash < 5,Flagged,Temporal static scene
Part 5,heinola_DJI_0028_frame290,Near Duplicate,pHash < 5,Flagged,Temporal static scene
Part 5,heinola_DJI_0028_frame291,Near Duplicate,pHash < 5,Flagged,Temporal static scene
Part 5,heinola_DJI_0028_frame292,Near Duplicate,pHash < 5,Flagged,Temporal static scene
Part 5,heinola_DJI_0028_frame293,Near Duplicate,pHash < 5,Flagged,Temporal static scene
Part 5,heinola_DJI_0028_frame294,Near Duplicate,pHash < 5,Flagged,Temporal static scene
Part 5,heinola_DJI_0028_frame295,Near Duplicate,pHash < 5,Flagged,Temporal static scene
Part 5,heinola_DJI_0028_frame296,Near Duplicate,pHash < 5,Flagged,Temporal static scene
Part 5,heinola_DJI_0028_frame297,Near Duplicate,pHash < 5,Flagged,Temporal static scene
Part 5,heinola_DJI_0028_frame298,Near Duplicate,pHash < 5,Flagged,Temporal static scene
Part 5,heinola_DJI_0028_frame299,Near Duplicate,pHash < 5,Flagged,Temporal static scene
Part 5,heinola_DJI_0028_frame300,Near Duplicate,pHash < 5,Flagged,Temporal static scene
Part 5,heinola_DJI_0028_frame301,Near Duplicate,pHash < 5,Flagged,Temporal static scene
Part 5,heinola_DJI_0028_frame302,Near Duplicate,pHash < 5,Flagged,Temporal static scene
Part 5,heinola_DJI_0028_frame303,Near Duplicate,pHash < 5,Flagged,Temporal static scene
Part 5,heinola_DJI_0028_frame304,Near Duplicate,pHash < 5,Flagged,Temporal static scene
Part 5,heinola_DJI_0028_frame305,Near Duplicate,pHash < 5,Flagged,Temporal static scene
Part 5,heinola_DJI_0028_frame306,Near Duplicate,pHash < 5,Flagged,Temporal static scene
Part 5,heinola_DJI_0028_frame307,Near Duplicate,pHash < 5,Flagged,Temporal static scene
Part 5,heinola_DJI_0028_frame308,Near Duplicate,pHash < 5,Flagged,Temporal static scene
Part 5,heinola_DJI_0028_frame309,Near Duplicate,pHash < 5,Flagged,Temporal static scene
Part 5,heinola_DJI_0028_frame311,Near Duplicate,pHash < 5,Flagged,Temporal static scene
Part 5,heinola_DJI_0028_frame312,Near Duplicate,pHash < 5,Flagged,Temporal static scene
Part 5,heinola_DJI_0028_frame313,Near Duplicate,pHash < 5,Flagged,Temporal static scene
Part 5,heinola_DJI_0028_frame314,Near Duplicate,pHash < 5,Flagged,Temporal static scene
Part 5,heinola_DJI_0028_frame315,Near Duplicate,pHash < 5,Flagged,Temporal static scene
Part 5,heinola_DJI_0028_frame316,Near Duplicate,pHash < 5,Flagged,Temporal static scene
Part 5,heinola_DJI_0028_frame317,Near Duplicate,pHash < 5,Flagged,Temporal static scene
Part 5,heinola_DJI_0028_frame318,Near Duplicate,pHash < 5,Flagged,Temporal static scene
Part 5,heinola_DJI_0028_frame319,Near Duplicate,pHash < 5,Flagged,Temporal static scene
Part 5,heinola_DJI_0028_frame320,Near Duplicate,pHash < 5,Flagged,Temporal static scene
Part 5,heinola_DJI_0028_frame321,Near Duplicate,pHash < 5,Flagged,Temporal static scene
Part 5,heinola_DJI_0028_frame322,Near Duplicate,pHash < 5,Flagged,Temporal static scene
Part 5,heinola_DJI_0028_frame323,Near Duplicate,pHash < 5,Flagged,Temporal static scene
Part 5,heinola_DJI_0028_frame324,Near Duplicate,pHash < 5,Flagged,Temporal static scene
Part 5,heinola_DJI_0028_frame325,Near Duplicate,pHash < 5,Flagged,Temporal static scene
Part 5,heinola_DJI_0028_frame326,Near Duplicate,pHash < 5,Flagged,Temporal static scene
Part 5,heinola_DJI_0028_frame327,Near Duplicate,pHash < 5,Flagged,Temporal static scene
Part 5,heinola_DJI_0028_frame328,Near Duplicate,pHash < 5,Flagged,Temporal static scene
Part 5,heinola_DJI_0028_frame329,Near Duplicate,pHash < 5,Flagged,Temporal static scene
Part 5,heinola_DJI_0028_frame330,Near Duplicate,pHash < 5,Flagged,Temporal static scene
Part 5,heinola_DJI_0028_frame331,Near Duplicate,pHash < 5,Flagged,Temporal static scene
Part 5,heinola_DJI_0028_frame332,Near Duplicate,pHash < 5,Flagged,Temporal static scene
Part 5,heinola_DJI_0028_frame333,Near Duplicate,pHash < 5,Flagged,Temporal static scene
Part 5,heinola_DJI_0028_frame334,Near Duplicate,pHash < 5,Flagged,Temporal static scene
Part 5,heinola_DJI_0028_frame335,Near Duplicate,pHash < 5,Flagged,Temporal static scene
Part 5,heinola_DJI_0028_frame336,Near Duplicate,pHash < 5,Flagged,Temporal static scene
Part 5,heinola_DJI_0028_frame337,Near Duplicate,pHash < 5,Flagged,Temporal static scene
Part 5,ruokolahti_DJI_0081_frame1,Near Duplicate,pHash < 5,Flagged,Temporal static scene
Part 5,ruokolahti_DJI_0081_frame2,Near Duplicate,pHash < 5,Flagged,Temporal static scene
Part 5,ruokolahti_DJI_0081_frame3,Near Duplicate,pHash < 5,Flagged,Temporal static scene
Part 5,ruokolahti_DJI_0081_frame4,Near Duplicate,pHash < 5,Flagged,Temporal static scene
Part 5,ruokolahti_DJI_0081_frame5,Near Duplicate,pHash < 5,Flagged,Temporal static scene
Part 5,ruokolahti_DJI_0081_frame7,Near Duplicate,pHash < 5,Flagged,Temporal static scene
Part 5,ruokolahti_DJI_0081_frame11,Near Duplicate,pHash < 5,Flagged,Temporal static scene
Part 5,ruokolahti_DJI_0081_frame12,Near Duplicate,pHash < 5,Flagged,Temporal static scene
Part 5,ruokolahti_DJI_0081_frame13,Near Duplicate,pHash < 5,Flagged,Temporal static scene
Part 5,ruokolahti_DJI_0081_frame14,Near Duplicate,pHash < 5,Flagged,Temporal static scene
Part 5,ruokolahti_DJI_0081_frame15,Near Duplicate,pHash < 5,Flagged,Temporal static scene
Part 5,ruokolahti_DJI_0081_frame16,Near Duplicate,pHash < 5,Flagged,Temporal static scene
Part 5,ruokolahti_DJI_0081_frame17,Near Duplicate,pHash < 5,Flagged,Temporal static scene
Part 5,ruokolahti_DJI_0081_frame18,Near Duplicate,pHash < 5,Flagged,Temporal static scene
Part 5,ruokolahti_DJI_0081_frame19,Near Duplicate,pHash < 5,Flagged,Temporal static scene
Part 5,ruokolahti_DJI_0081_frame20,Near Duplicate,pHash < 5,Flagged,Temporal static scene
Part 5,ruokolahti_DJI_0081_frame21,Near Duplicate,pHash < 5,Flagged,Temporal static scene
Part 5,ruokolahti_DJI_0081_frame22,Near Duplicate,pHash < 5,Flagged,Temporal static scene
Part 5,ruokolahti_DJI_0081_frame27,Near Duplicate,pHash < 5,Flagged,Temporal static scene
Part 5,ruokolahti_DJI_0081_frame31,Near Duplicate,pHash < 5,Flagged,Temporal static scene
Part 5,ruokolahti_DJI_0081_frame33,Near Duplicate,pHash < 5,Flagged,Temporal static scene
Part 5,ruokolahti_DJI_0081_frame42,Near Duplicate,pHash < 5,Flagged,Temporal static scene
Part 5,ruokolahti_DJI_0081_frame46,Near Duplicate,pHash < 5,Flagged,Temporal static scene
Part 5,ruokolahti_DJI_0081_frame47,Near Duplicate,pHash < 5,Flagged,Temporal static scene
Part 5,ruokolahti_DJI_0081_frame48,Near Duplicate,pHash < 5,Flagged,Temporal static scene
Part 5,ruokolahti_DJI_0081_frame51,Near Duplicate,pHash < 5,Flagged,Temporal static scene
Part 5,ruokolahti_DJI_0081_frame57,Near Duplicate,pHash < 5,Flagged,Temporal static scene
Part 5,ruokolahti_DJI_0081_frame60,Near Duplicate,pHash < 5,Flagged,Temporal static scene
Part 5,ruokolahti_DJI_0081_frame61,Near Duplicate,pHash < 5,Flagged,Temporal static scene
Part 5,ruokolahti_DJI_0081_frame64,Near Duplicate,pHash < 5,Flagged,Temporal static scene
Part 5,ruokolahti_DJI_0081_frame65,Near Duplicate,pHash < 5,Flagged,Temporal static scene
Part 5,ruokolahti_DJI_0081_frame66,Near Duplicate,pHash < 5,Flagged,Temporal static scene
Part 5,ruokolahti_DJI_0081_frame67,Near Duplicate,pHash < 5,Flagged,Temporal static scene
Part 5,ruokolahti_DJI_0081_frame68,Near Duplicate,pHash < 5,Flagged,Temporal static scene
Part 5,ruokolahti_DJI_0081_frame69,Near Duplicate,pHash < 5,Flagged,Temporal static scene
Part 5,ruokolahti_DJI_0081_frame81,Near Duplicate,pHash < 5,Flagged,Temporal static scene
Part 5,ruokolahti_DJI_0081_frame82,Near Duplicate,pHash < 5,Flagged,Temporal static scene
Part 5,ruokolahti_DJI_0081_frame85,Near Duplicate,pHash < 5,Flagged,Temporal static scene
Part 5,ruokolahti_DJI_0081_frame86,Near Duplicate,pHash < 5,Flagged,Temporal static scene
Part 5,ruokolahti_DJI_0081_frame87,Near Duplicate,pHash < 5,Flagged,Temporal static scene
Part 5,ruokolahti_DJI_0081_frame92,Near Duplicate,pHash < 5,Flagged,Temporal static scene
Part 5,ruokolahti_DJI_0081_frame95,Near Duplicate,pHash < 5,Flagged,Temporal static scene
Part 5,ruokolahti_DJI_0081_frame98,Near Duplicate,pHash < 5,Flagged,Temporal static scene
Part 5,ruokolahti_DJI_0081_frame102,Near Duplicate,pHash < 5,Flagged,Temporal static scene
Part 5,ruokolahti_DJI_0081_frame103,Near Duplicate,pHash < 5,Flagged,Temporal static scene
Part 5,ruokolahti_DJI_0081_frame104,Near Duplicate,pHash < 5,Flagged,Temporal static scene
Part 5,ruokolahti_DJI_0081_frame106,Near Duplicate,pHash < 5,Flagged,Temporal static scene
Part 5,ruokolahti_DJI_0081_frame107,Near Duplicate,pHash < 5,Flagged,Temporal static scene
Part 5,ruokolahti_DJI_0081_frame108,Near Duplicate,pHash < 5,Flagged,Temporal static scene
Part 5,ruokolahti_DJI_0081_frame109,Near Duplicate,pHash < 5,Flagged,Temporal static scene
Part 5,ruokolahti_DJI_0081_frame112,Near Duplicate,pHash < 5,Flagged,Temporal static scene
Part 5,ruokolahti_DJI_0081_frame113,Near Duplicate,pHash < 5,Flagged,Temporal static scene
Part 5,ruokolahti_DJI_0081_frame114,Near Duplicate,pHash < 5,Flagged,Temporal static scene
Part 5,ruokolahti_DJI_0081_frame115,Near Duplicate,pHash < 5,Flagged,Temporal static scene
Part 5,ruokolahti_DJI_0081_frame116,Near Duplicate,pHash < 5,Flagged,Temporal static scene
Part 5,ruokolahti_DJI_0081_frame117,Near Duplicate,pHash < 5,Flagged,Temporal static scene
Part 5,ruokolahti_DJI_0081_frame119,Near Duplicate,pHash < 5,Flagged,Temporal static scene
Part 5,ruokolahti_DJI_0081_frame120,Near Duplicate,pHash < 5,Flagged,Temporal static scene
Part 5,ruokolahti_DJI_0081_frame122,Near Duplicate,pHash < 5,Flagged,Temporal static scene
Part 5,ruokolahti_DJI_0081_frame123,Near Duplicate,pHash < 5,Flagged,Temporal static scene
Part 5,evoDJI_0007_frame1,Near Duplicate,pHash < 5,Flagged,Temporal static scene
Part 5,evoDJI_0007_frame2,Near Duplicate,pHash < 5,Flagged,Temporal static scene
Part 5,evoDJI_0007_frame3,Near Duplicate,pHash < 5,Flagged,Temporal static scene
Part 5,evoDJI_0007_frame4,Near Duplicate,pHash < 5,Flagged,Temporal static scene
Part 5,evoDJI_0007_frame5,Near Duplicate,pHash < 5,Flagged,Temporal static scene
Part 5,evoDJI_0007_frame6,Near Duplicate,pHash < 5,Flagged,Temporal static scene
Part 5,evoDJI_0007_frame7,Near Duplicate,pHash < 5,Flagged,Temporal static scene
Part 5,evoDJI_0007_frame11,Near Duplicate,pHash < 5,Flagged,Temporal static scene
Part 5,evoDJI_0007_frame12,Near Duplicate,pHash < 5,Flagged,Temporal static scene
Part 5,evoDJI_0007_frame13,Near Duplicate,pHash < 5,Flagged,Temporal static scene
Part 5,evoDJI_0007_frame14,Near Duplicate,pHash < 5,Flagged,Temporal static scene
Part 5,evoDJI_0007_frame18,Near Duplicate,pHash < 5,Flagged,Temporal static scene
Part 5,evoDJI_0007_frame19,Near Duplicate,pHash < 5,Flagged,Temporal static scene
Part 5,evoDJI_0007_frame20,Near Duplicate,pHash < 5,Flagged,Temporal static scene
Part 5,evoDJI_0007_frame21,Near Duplicate,pHash < 5,Flagged,Temporal static scene
Part 5,evoDJI_0007_frame25,Near Duplicate,pHash < 5,Flagged,Temporal static scene
Part 5,evoDJI_0007_frame26,Near Duplicate,pHash < 5,Flagged,Temporal static scene
Part 5,evoDJI_0007_frame33,Near Duplicate,pHash < 5,Flagged,Temporal static scene
Part 5,evoDJI_0007_frame35,Near Duplicate,pHash < 5,Flagged,Temporal static scene
Part 5,evoDJI_0007_frame36,Near Duplicate,pHash < 5,Flagged,Temporal static scene
Part 5,evoDJI_0007_frame37,Near Duplicate,pHash < 5,Flagged,Temporal static scene
Part 5,evoDJI_0007_frame43,Near Duplicate,pHash < 5,Flagged,Temporal static scene
Part 5,evoDJI_0007_frame44,Near Duplicate,pHash < 5,Flagged,Temporal static scene
Part 5,evoDJI_0007_frame49,Near Duplicate,pHash < 5,Flagged,Temporal static scene
Part 5,evoDJI_0007_frame50,Near Duplicate,pHash < 5,Flagged,Temporal static scene
Part 5,evoDJI_0007_frame54,Near Duplicate,pHash < 5,Flagged,Temporal static scene
Part 5,evoDJI_0007_frame55,Near Duplicate,pHash < 5,Flagged,Temporal static scene
Part 5,evoDJI_0007_frame56,Near Duplicate,pHash < 5,Flagged,Temporal static scene
Part 5,evoDJI_0007_frame57,Near Duplicate,pHash < 5,Flagged,Temporal static scene
Part 5,evoDJI_0007_frame63,Near Duplicate,pHash < 5,Flagged,Temporal static scene
Part 5,evoDJI_0007_frame65,Near Duplicate,pHash < 5,Flagged,Temporal static scene
Part 5,evoDJI_0007_frame66,Near Duplicate,pHash < 5,Flagged,Temporal static scene
Part 5,evoDJI_0007_frame67,Near Duplicate,pHash < 5,Flagged,Temporal static scene
Part 5,evoDJI_0007_frame68,Near Duplicate,pHash < 5,Flagged,Temporal static scene
Part 5,evoDJI_0007_frame70,Near Duplicate,pHash < 5,Flagged,Temporal static scene
Part 5,evoDJI_0007_frame72,Near Duplicate,pHash < 5,Flagged,Temporal static scene
Part 5,evoDJI_0007_frame90,Near Duplicate,pHash < 5,Flagged,Temporal static scene
Part 5,evoDJI_0007_frame91,Near Duplicate,pHash < 5,Flagged,Temporal static scene
Part 5,evoDJI_0007_frame93,Near Duplicate,pHash < 5,Flagged,Temporal static scene
Part 5,evoDJI_0007_frame94,Near Duplicate,pHash < 5,Flagged,Temporal static scene
Part 5,evoDJI_0007_frame95,Near Duplicate,pHash < 5,Flagged,Temporal static scene
Part 5,evoDJI_0007_frame96,Near Duplicate,pHash < 5,Flagged,Temporal static scene
Part 5,evoDJI_0007_frame97,Near Duplicate,pHash < 5,Flagged,Temporal static scene
Part 5,evoDJI_0007_frame98,Near Duplicate,pHash < 5,Flagged,Temporal static scene
Part 5,evoDJI_0007_frame99,Near Duplicate,pHash < 5,Flagged,Temporal static scene
Part 5,evoDJI_0007_frame101,Near Duplicate,pHash < 5,Flagged,Temporal static scene
Part 5,evoDJI_0007_frame103,Near Duplicate,pHash < 5,Flagged,Temporal static scene
Part 5,evoDJI_0007_frame104,Near Duplicate,pHash < 5,Flagged,Temporal static scene
Part 5,evoDJI_0007_frame105,Near Duplicate,pHash < 5,Flagged,Temporal static scene
Part 5,evoDJI_0007_frame106,Near Duplicate,pHash < 5,Flagged,Temporal static scene
Part 5,evoDJI_0007_frame107,Near Duplicate,pHash < 5,Flagged,Temporal static scene
Part 5,evoDJI_0007_frame108,Near Duplicate,pHash < 5,Flagged,Temporal static scene
Part 5,evoDJI_0007_frame113,Near Duplicate,pHash < 5,Flagged,Temporal static scene
Part 5,evoDJI_0007_frame114,Near Duplicate,pHash < 5,Flagged,Temporal static scene
Part 5,evoDJI_0007_frame118,Near Duplicate,pHash < 5,Flagged,Temporal static scene
Part 5,evoDJI_0007_frame132,Near Duplicate,pHash < 5,Flagged,Temporal static scene
Part 5,evoDJI_0007_frame133,Near Duplicate,pHash < 5,Flagged,Temporal static scene
Part 5,evoDJI_0007_frame134,Near Duplicate,pHash < 5,Flagged,Temporal static scene
Part 5,evoDJI_0007_frame135,Near Duplicate,pHash < 5,Flagged,Temporal static scene
Part 5,evoDJI_0007_frame140,Near Duplicate,pHash < 5,Flagged,Temporal static scene
Part 5,evoDJI_0007_frame141,Near Duplicate,pHash < 5,Flagged,Temporal static scene
Part 5,evoDJI_0007_frame142,Near Duplicate,pHash < 5,Flagged,Temporal static scene
Part 5,evoDJI_0007_frame143,Near Duplicate,pHash < 5,Flagged,Temporal static scene
Part 5,evoDJI_0007_frame144,Near Duplicate,pHash < 5,Flagged,Temporal static scene
Part 5,evoDJI_0007_frame145,Near Duplicate,pHash < 5,Flagged,Temporal static scene
Part 5,evoDJI_0007_frame146,Near Duplicate,pHash < 5,Flagged,Temporal static scene
Part 5,evoDJI_0007_frame147,Near Duplicate,pHash < 5,Flagged,Temporal static scene
Part 5,evoDJI_0007_frame154,Near Duplicate,pHash < 5,Flagged,Temporal static scene
Part 5,evoDJI_0007_frame155,Near Duplicate,pHash < 5,Flagged,Temporal static scene
Part 5,evoDJI_0007_frame157,Near Duplicate,pHash < 5,Flagged,Temporal static scene
Part 5,evoDJI_0007_frame158,Near Duplicate,pHash < 5,Flagged,Temporal static scene
Part 5,evoDJI_0007_frame159,Near Duplicate,pHash < 5,Flagged,Temporal static scene
Part 5,evoDJI_0007_frame160,Near Duplicate,pHash < 5,Flagged,Temporal static scene
Part 5,evoDJI_0007_frame161,Near Duplicate,pHash < 5,Flagged,Temporal static scene
Part 5,evoDJI_0007_frame173,Near Duplicate,pHash < 5,Flagged,Temporal static scene
Part 5,evoDJI_0007_frame174,Near Duplicate,pHash < 5,Flagged,Temporal static scene
Part 5,evoDJI_0007_frame175,Near Duplicate,pHash < 5,Flagged,Temporal static scene
Part 5,evoDJI_0007_frame177,Near Duplicate,pHash < 5,Flagged,Temporal static scene
Part 5,evoDJI_0007_frame178,Near Duplicate,pHash < 5,Flagged,Temporal static scene
Part 5,evoDJI_0007_frame179,Near Duplicate,pHash < 5,Flagged,Temporal static scene
Part 5,evoDJI_0007_frame181,Near Duplicate,pHash < 5,Flagged,Temporal static scene
Part 5,evoDJI_0007_frame186,Near Duplicate,pHash < 5,Flagged,Temporal static scene
Part 5,evoDJI_0007_frame187,Near Duplicate,pHash < 5,Flagged,Temporal static scene
Part 5,evoDJI_0007_frame188,Near Duplicate,pHash < 5,Flagged,Temporal static scene
Part 5,evoDJI_0007_frame189,Near Duplicate,pHash < 5,Flagged,Temporal static scene
Part 5,evoDJI_0007_frame190,Near Duplicate,pHash < 5,Flagged,Temporal static scene
Part 5,evoDJI_0007_frame191,Near Duplicate,pHash < 5,Flagged,Temporal static scene
Part 5,evoDJI_0007_frame192,Near Duplicate,pHash < 5,Flagged,Temporal static scene
Part 5,evoDJI_0007_frame193,Near Duplicate,pHash < 5,Flagged,Temporal static scene
Part 5,evoDJI_0007_frame194,Near Duplicate,pHash < 5,Flagged,Temporal static scene
Part 5,evoDJI_0007_frame195,Near Duplicate,pHash < 5,Flagged,Temporal static scene
Part 5,evoDJI_0007_frame197,Near Duplicate,pHash < 5,Flagged,Temporal static scene
Part 5,evoDJI_0007_frame198,Near Duplicate,pHash < 5,Flagged,Temporal static scene
Part 5,evoDJI_0007_frame199,Near Duplicate,pHash < 5,Flagged,Temporal static scene
Part 5,evoDJI_0007_frame202,Near Duplicate,pHash < 5,Flagged,Temporal static scene
Part 5,evoDJI_0007_frame213,Near Duplicate,pHash < 5,Flagged,Temporal static scene
Part 5,evoDJI_0007_frame218,Near Duplicate,pHash < 5,Flagged,Temporal static scene
Part 5,evoDJI_0007_frame221,Near Duplicate,pHash < 5,Flagged,Temporal static scene
Part 5,evoDJI_0007_frame222,Near Duplicate,pHash < 5,Flagged,Temporal static scene
Part 5,evoDJI_0007_frame223,Near Duplicate,pHash < 5,Flagged,Temporal static scene
Part 5,evoDJI_0007_frame224,Near Duplicate,pHash < 5,Flagged,Temporal static scene
Part 5,evoDJI_0007_frame226,Near Duplicate,pHash < 5,Flagged,Temporal static scene
Part 5,evoDJI_0007_frame227,Near Duplicate,pHash < 5,Flagged,Temporal static scene
Part 5,evoDJI_0007_frame229,Near Duplicate,pHash < 5,Flagged,Temporal static scene
Part 5,evoDJI_0007_frame230,Near Duplicate,pHash < 5,Flagged,Temporal static scene
Part 5,evoDJI_0007_frame231,Near Duplicate,pHash < 5,Flagged,Temporal static scene
Part 5,evoDJI_0007_frame232,Near Duplicate,pHash < 5,Flagged,Temporal static scene
Part 5,evoDJI_0007_frame233,Near Duplicate,pHash < 5,Flagged,Temporal static scene
Part 5,evoDJI_0007_frame234,Near Duplicate,pHash < 5,Flagged,Temporal static scene
Part 5,evoDJI_0007_frame236,Near Duplicate,pHash < 5,Flagged,Temporal static scene
Part 5,evoDJI_0007_frame237,Near Duplicate,pHash < 5,Flagged,Temporal static scene
Part 5,evoDJI_0007_frame239,Near Duplicate,pHash < 5,Flagged,Temporal static scene
Part 5,evoDJI_0007_frame240,Near Duplicate,pHash < 5,Flagged,Temporal static scene
Part 5,evoDJI_0007_frame251,Near Duplicate,pHash < 5,Flagged,Temporal static scene
Part 5,evoDJI_0007_frame254,Near Duplicate,pHash < 5,Flagged,Temporal static scene
Part 5,evoDJI_0007_frame255,Near Duplicate,pHash < 5,Flagged,Temporal static scene
Part 5,evoDJI_0007_frame256,Near Duplicate,pHash < 5,Flagged,Temporal static scene
Part 5,evoDJI_0007_frame258,Near Duplicate,pHash < 5,Flagged,Temporal static scene
Part 5,evoDJI_0007_frame259,Near Duplicate,pHash < 5,Flagged,Temporal static scene
Part 5,evoDJI_0007_frame260,Near Duplicate,pHash < 5,Flagged,Temporal static scene
Part 5,evoDJI_0007_frame261,Near Duplicate,pHash < 5,Flagged,Temporal static scene
Part 5,evoDJI_0007_frame262,Near Duplicate,pHash < 5,Flagged,Temporal static scene
Part 5,evoDJI_0007_frame263,Near Duplicate,pHash < 5,Flagged,Temporal static scene
Part 5,evoDJI_0007_frame264,Near Duplicate,pHash < 5,Flagged,Temporal static scene
Part 5,evoDJI_0007_frame265,Near Duplicate,pHash < 5,Flagged,Temporal static scene
Part 5,evoDJI_0007_frame266,Near Duplicate,pHash < 5,Flagged,Temporal static scene
Part 5,evoDJI_0007_frame267,Near Duplicate,pHash < 5,Flagged,Temporal static scene
Part 5,evoDJI_0007_frame268,Near Duplicate,pHash < 5,Flagged,Temporal static scene
Part 5,evoDJI_0007_frame269,Near Duplicate,pHash < 5,Flagged,Temporal static scene
Part 5,evoDJI_0007_frame270,Near Duplicate,pHash < 5,Flagged,Temporal static scene
Part 5,evoDJI_0007_frame271,Near Duplicate,pHash < 5,Flagged,Temporal static scene
Part 5,evoDJI_0007_frame281,Near Duplicate,pHash < 5,Flagged,Temporal static scene
Part 5,evoDJI_0007_frame289,Near Duplicate,pHash < 5,Flagged,Temporal static scene
Part 5,evoDJI_0007_frame290,Near Duplicate,pHash < 5,Flagged,Temporal static scene
Part 5,evoDJI_0007_frame291,Near Duplicate,pHash < 5,Flagged,Temporal static scene
Part 5,evoDJI_0007_frame298,Near Duplicate,pHash < 5,Flagged,Temporal static scene
Part 5,evoDJI_0007_frame299,Near Duplicate,pHash < 5,Flagged,Temporal static scene
Part 5,evoDJI_0007_frame300,Near Duplicate,pHash < 5,Flagged,Temporal static scene
Part 5,evoDJI_0007_frame302,Near Duplicate,pHash < 5,Flagged,Temporal static scene
Part 5,evoDJI_0007_frame303,Near Duplicate,pHash < 5,Flagged,Temporal static scene
Part 5,evoDJI_0007_frame304,Near Duplicate,pHash < 5,Flagged,Temporal static scene
Part 5,evoDJI_0007_frame305,Near Duplicate,pHash < 5,Flagged,Temporal static scene
Part 5,evoDJI_0007_frame306,Near Duplicate,pHash < 5,Flagged,Temporal static scene
Part 5,evoDJI_0007_frame309,Near Duplicate,pHash < 5,Flagged,Temporal static scene
Part 5,evoDJI_0007_frame310,Near Duplicate,pHash < 5,Flagged,Temporal static scene
Part 5,evoDJI_0007_frame311,Near Duplicate,pHash < 5,Flagged,Temporal static scene
Part 5,evoDJI_0007_frame315,Near Duplicate,pHash < 5,Flagged,Temporal static scene
Part 5,evoDJI_0007_frame316,Near Duplicate,pHash < 5,Flagged,Temporal static scene
Part 5,ruokolahti_DJI_0087_frame1,Near Duplicate,pHash < 5,Flagged,Temporal static scene
Part 5,ruokolahti_DJI_0087_frame2,Near Duplicate,pHash < 5,Flagged,Temporal static scene
Part 5,ruokolahti_DJI_0087_frame3,Near Duplicate,pHash < 5,Flagged,Temporal static scene
Part 5,ruokolahti_DJI_0087_frame4,Near Duplicate,pHash < 5,Flagged,Temporal static scene
Part 5,ruokolahti_DJI_0087_frame11,Near Duplicate,pHash < 5,Flagged,Temporal static scene
Part 5,ruokolahti_DJI_0087_frame13,Near Duplicate,pHash < 5,Flagged,Temporal static scene
Part 5,ruokolahti_DJI_0087_frame16,Near Duplicate,pHash < 5,Flagged,Temporal static scene
Part 5,ruokolahti_DJI_0087_frame17,Near Duplicate,pHash < 5,Flagged,Temporal static scene
Part 5,ruokolahti_DJI_0087_frame19,Near Duplicate,pHash < 5,Flagged,Temporal static scene
Part 5,ruokolahti_DJI_0087_frame20,Near Duplicate,pHash < 5,Flagged,Temporal static scene
Part 5,ruokolahti_DJI_0087_frame21,Near Duplicate,pHash < 5,Flagged,Temporal static scene
Part 5,ruokolahti_DJI_0087_frame22,Near Duplicate,pHash < 5,Flagged,Temporal static scene
Part 5,ruokolahti_DJI_0087_frame23,Near Duplicate,pHash < 5,Flagged,Temporal static scene
Part 5,ruokolahti_DJI_0087_frame25,Near Duplicate,pHash < 5,Flagged,Temporal static scene
Part 5,ruokolahti_DJI_0087_frame26,Near Duplicate,pHash < 5,Flagged,Temporal static scene
Part 5,ruokolahti_DJI_0087_frame28,Near Duplicate,pHash < 5,Flagged,Temporal static scene
Part 5,ruokolahti_DJI_0087_frame29,Near Duplicate,pHash < 5,Flagged,Temporal static scene
Part 5,ruokolahti_DJI_0087_frame30,Near Duplicate,pHash < 5,Flagged,Temporal static scene
Part 5,ruokolahti_DJI_0087_frame32,Near Duplicate,pHash < 5,Flagged,Temporal static scene
Part 5,ruokolahti_DJI_0087_frame33,Near Duplicate,pHash < 5,Flagged,Temporal static scene
Part 5,ruokolahti_DJI_0087_frame34,Near Duplicate,pHash < 5,Flagged,Temporal static scene
Part 5,ruokolahti_DJI_0087_frame35,Near Duplicate,pHash < 5,Flagged,Temporal static scene
Part 5,ruokolahti_DJI_0087_frame36,Near Duplicate,pHash < 5,Flagged,Temporal static scene
Part 5,ruokolahti_DJI_0087_frame37,Near Duplicate,pHash < 5,Flagged,Temporal static scene
Part 5,ruokolahti_DJI_0087_frame40,Near Duplicate,pHash < 5,Flagged,Temporal static scene
Part 5,ruokolahti_DJI_0087_frame41,Near Duplicate,pHash < 5,Flagged,Temporal static scene
Part 5,ruokolahti_DJI_0087_frame42,Near Duplicate,pHash < 5,Flagged,Temporal static scene
Part 5,ruokolahti_DJI_0087_frame43,Near Duplicate,pHash < 5,Flagged,Temporal static scene
Part 5,ruokolahti_DJI_0087_frame44,Near Duplicate,pHash < 5,Flagged,Temporal static scene
Part 5,ruokolahti_DJI_0087_frame45,Near Duplicate,pHash < 5,Flagged,Temporal static scene
Part 5,ruokolahti_DJI_0087_frame47,Near Duplicate,pHash < 5,Flagged,Temporal static scene
Part 5,ruokolahti_DJI_0087_frame49,Near Duplicate,pHash < 5,Flagged,Temporal static scene
Part 5,ruokolahti_DJI_0087_frame50,Near Duplicate,pHash < 5,Flagged,Temporal static scene
Part 5,ruokolahti_DJI_0087_frame51,Near Duplicate,pHash < 5,Flagged,Temporal static scene
Part 5,ruokolahti_DJI_0087_frame52,Near Duplicate,pHash < 5,Flagged,Temporal static scene
Part 5,ruokolahti_DJI_0087_frame53,Near Duplicate,pHash < 5,Flagged,Temporal static scene
Part 5,ruokolahti_DJI_0087_frame54,Near Duplicate,pHash < 5,Flagged,Temporal static scene
Part 5,ruokolahti_DJI_0087_frame55,Near Duplicate,pHash < 5,Flagged,Temporal static scene
Part 5,ruokolahti_DJI_0087_frame56,Near Duplicate,pHash < 5,Flagged,Temporal static scene
Part 5,ruokolahti_DJI_0087_frame57,Near Duplicate,pHash < 5,Flagged,Temporal static scene
Part 5,ruokolahti_DJI_0087_frame59,Near Duplicate,pHash < 5,Flagged,Temporal static scene
Part 5,ruokolahti_DJI_0087_frame101,Near Duplicate,pHash < 5,Flagged,Temporal static scene
Part 5,ruokolahti_DJI_0087_frame102,Near Duplicate,pHash < 5,Flagged,Temporal static scene
Part 5,ruokolahti_DJI_0087_frame103,Near Duplicate,pHash < 5,Flagged,Temporal static scene
Part 5,ruokolahti_DJI_0087_frame104,Near Duplicate,pHash < 5,Flagged,Temporal static scene
Part 5,ruokolahti_DJI_0087_frame105,Near Duplicate,pHash < 5,Flagged,Temporal static scene
Part 5,ruokolahti_DJI_0087_frame106,Near Duplicate,pHash < 5,Flagged,Temporal static scene
Part 5,ruokolahti_DJI_0087_frame107,Near Duplicate,pHash < 5,Flagged,Temporal static scene
Part 5,ruokolahti_DJI_0087_frame108,Near Duplicate,pHash < 5,Flagged,Temporal static scene
Part 5,ruokolahti_DJI_0087_frame109,Near Duplicate,pHash < 5,Flagged,Temporal static scene
Part 5,ruokolahti_DJI_0087_frame110,Near Duplicate,pHash < 5,Flagged,Temporal static scene
Part 5,ruokolahti_DJI_0087_frame112,Near Duplicate,pHash < 5,Flagged,Temporal static scene
Part 5,ruokolahti_DJI_0087_frame113,Near Duplicate,pHash < 5,Flagged,Temporal static scene
Part 5,ruokolahti_DJI_0087_frame114,Near Duplicate,pHash < 5,Flagged,Temporal static scene
Part 5,ruokolahti_DJI_0087_frame115,Near Duplicate,pHash < 5,Flagged,Temporal static scene
Part 5,ruokolahti_DJI_0087_frame116,Near Duplicate,pHash < 5,Flagged,Temporal static scene
Part 5,ruokolahti_DJI_0087_frame117,Near Duplicate,pHash < 5,Flagged,Temporal static scene
Part 5,ruokolahti_DJI_0087_frame118,Near Duplicate,pHash < 5,Flagged,Temporal static scene
Part 5,ruokolahti_DJI_0087_frame119,Near Duplicate,pHash < 5,Flagged,Temporal static scene
Part 5,ruokolahti_DJI_0087_frame120,Near Duplicate,pHash < 5,Flagged,Temporal static scene
Part 5,ruokolahti_DJI_0087_frame121,Near Duplicate,pHash < 5,Flagged,Temporal static scene
Part 5,ruokolahti_DJI_0087_frame122,Near Duplicate,pHash < 5,Flagged,Temporal static scene
Part 5,ruokolahti_DJI_0087_frame123,Near Duplicate,pHash < 5,Flagged,Temporal static scene
Part 5,ruokolahti_DJI_0087_frame124,Near Duplicate,pHash < 5,Flagged,Temporal static scene
Part 5,ruokolahti_DJI_0087_frame125,Near Duplicate,pHash < 5,Flagged,Temporal static scene
Part 5,ruokolahti_DJI_0087_frame126,Near Duplicate,pHash < 5,Flagged,Temporal static scene
Part 5,ruokolahti_DJI_0087_frame127,Near Duplicate,pHash < 5,Flagged,Temporal static scene
Part 5,ruokolahti_DJI_0087_frame128,Near Duplicate,pHash < 5,Flagged,Temporal static scene
Part 5,ruokolahti_DJI_0087_frame129,Near Duplicate,pHash < 5,Flagged,Temporal static scene
Part 5,ruokolahti_DJI_0087_frame130,Near Duplicate,pHash < 5,Flagged,Temporal static scene
Part 5,ruokolahti_DJI_0087_frame131,Near Duplicate,pHash < 5,Flagged,Temporal static scene
Part 5,ruokolahti_DJI_0087_frame133,Near Duplicate,pHash < 5,Flagged,Temporal static scene
Part 5,ruokolahti_DJI_0087_frame134,Near Duplicate,pHash < 5,Flagged,Temporal static scene
Part 5,ruokolahti_DJI_0087_frame135,Near Duplicate,pHash < 5,Flagged,Temporal static scene
Part 5,ruokolahti_DJI_0087_frame136,Near Duplicate,pHash < 5,Flagged,Temporal static scene
Part 5,ruokolahti_DJI_0087_frame137,Near Duplicate,pHash < 5,Flagged,Temporal static scene
Part 5,ruokolahti_DJI_0087_frame138,Near Duplicate,pHash < 5,Flagged,Temporal static scene
Part 5,ruokolahti_DJI_0087_frame140,Near Duplicate,pHash < 5,Flagged,Temporal static scene
Part 5,ruokolahti_DJI_0087_frame141,Near Duplicate,pHash < 5,Flagged,Temporal static scene
Part 5,ruokolahti_DJI_0087_frame142,Near Duplicate,pHash < 5,Flagged,Temporal static scene
Part 5,ruokolahti_DJI_0087_frame144,Near Duplicate,pHash < 5,Flagged,Temporal static scene
Part 5,ruokolahti_DJI_0087_frame145,Near Duplicate,pHash < 5,Flagged,Temporal static scene
Part 5,ruokolahti_DJI_0087_frame146,Near Duplicate,pHash < 5,Flagged,Temporal static scene
Part 5,ruokolahti_DJI_0087_frame147,Near Duplicate,pHash < 5,Flagged,Temporal static scene
Part 5,ruokolahti_DJI_0087_frame148,Near Duplicate,pHash < 5,Flagged,Temporal static scene
Part 5,ruokolahti_DJI_0087_frame149,Near Duplicate,pHash < 5,Flagged,Temporal static scene
Part 5,ruokolahti_DJI_0087_frame150,Near Duplicate,pHash < 5,Flagged,Temporal static scene
Part 5,ruokolahti_DJI_0087_frame153,Near Duplicate,pHash < 5,Flagged,Temporal static scene
Part 5,ruokolahti_DJI_0087_frame154,Near Duplicate,pHash < 5,Flagged,Temporal static scene
Part 5,ruokolahti_DJI_0087_frame155,Near Duplicate,pHash < 5,Flagged,Temporal static scene
Part 5,ruokolahti_DJI_0087_frame156,Near Duplicate,pHash < 5,Flagged,Temporal static scene
Part 5,ruokolahti_DJI_0087_frame157,Near Duplicate,pHash < 5,Flagged,Temporal static scene
Part 5,ruokolahti_DJI_0087_frame159,Near Duplicate,pHash < 5,Flagged,Temporal static scene
Part 5,ruokolahti_DJI_0087_frame160,Near Duplicate,pHash < 5,Flagged,Temporal static scene
Part 5,ruokolahti_DJI_0087_frame161,Near Duplicate,pHash < 5,Flagged,Temporal static scene
Part 5,ruokolahti_DJI_0087_frame162,Near Duplicate,pHash < 5,Flagged,Temporal static scene
Part 5,ruokolahti_DJI_0087_frame163,Near Duplicate,pHash < 5,Flagged,Temporal static scene
Part 5,ruokolahti_DJI_0087_frame164,Near Duplicate,pHash < 5,Flagged,Temporal static scene
Part 5,ruokolahti_DJI_0087_frame165,Near Duplicate,pHash < 5,Flagged,Temporal static scene
Part 5,ruokolahti_DJI_0087_frame166,Near Duplicate,pHash < 5,Flagged,Temporal static scene
Part 5,ruokolahti_DJI_0087_frame167,Near Duplicate,pHash < 5,Flagged,Temporal static scene
Part 5,ruokolahti_DJI_0087_frame168,Near Duplicate,pHash < 5,Flagged,Temporal static scene
Part 5,ruokolahti_DJI_0087_frame169,Near Duplicate,pHash < 5,Flagged,Temporal static scene
Part 5,ruokolahti_DJI_0087_frame170,Near Duplicate,pHash < 5,Flagged,Temporal static scene
Part 5,ruokolahti_DJI_0087_frame171,Near Duplicate,pHash < 5,Flagged,Temporal static scene
Part 5,ruokolahti_DJI_0087_frame172,Near Duplicate,pHash < 5,Flagged,Temporal static scene
Part 5,ruokolahti_DJI_0087_frame173,Near Duplicate,pHash < 5,Flagged,Temporal static scene
Part 5,ruokolahti_DJI_0087_frame174,Near Duplicate,pHash < 5,Flagged,Temporal static scene
Part 5,ruokolahti_DJI_0087_frame175,Near Duplicate,pHash < 5,Flagged,Temporal static scene
Part 5,ruokolahti_DJI_0087_frame176,Near Duplicate,pHash < 5,Flagged,Temporal static scene
Part 5,ruokolahti_DJI_0087_frame177,Near Duplicate,pHash < 5,Flagged,Temporal static scene
Part 5,ruokolahti_DJI_0087_frame178,Near Duplicate,pHash < 5,Flagged,Temporal static scene
Part 5,ruokolahti_DJI_0087_frame179,Near Duplicate,pHash < 5,Flagged,Temporal static scene
Part 5,ruokolahti_DJI_0087_frame180,Near Duplicate,pHash < 5,Flagged,Temporal static scene
Part 5,ruokolahti_DJI_0087_frame181,Near Duplicate,pHash < 5,Flagged,Temporal static scene
Part 5,ruokolahti_DJI_0087_frame182,Near Duplicate,pHash < 5,Flagged,Temporal static scene
Part 5,ruokolahti_DJI_0087_frame183,Near Duplicate,pHash < 5,Flagged,Temporal static scene
Part 5,ruokolahti_DJI_0087_frame184,Near Duplicate,pHash < 5,Flagged,Temporal static scene
Part 5,ruokolahti_DJI_0087_frame185,Near Duplicate,pHash < 5,Flagged,Temporal static scene
Part 5,ruokolahti_DJI_0087_frame186,Near Duplicate,pHash < 5,Flagged,Temporal static scene
Part 5,ruokolahti_DJI_0087_frame187,Near Duplicate,pHash < 5,Flagged,Temporal static scene
Part 5,ruokolahti_DJI_0087_frame188,Near Duplicate,pHash < 5,Flagged,Temporal static scene
Part 5,ruokolahti_DJI_0087_frame189,Near Duplicate,pHash < 5,Flagged,Temporal static scene
Part 5,ruokolahti_DJI_0087_frame190,Near Duplicate,pHash < 5,Flagged,Temporal static scene
Part 5,ruokolahti_DJI_0087_frame191,Near Duplicate,pHash < 5,Flagged,Temporal static scene
Part 5,ruokolahti_DJI_0087_frame192,Near Duplicate,pHash < 5,Flagged,Temporal static scene
Part 5,ruokolahti_DJI_0087_frame193,Near Duplicate,pHash < 5,Flagged,Temporal static scene
Part 5,ruokolahti_DJI_0087_frame194,Near Duplicate,pHash < 5,Flagged,Temporal static scene
Part 5,ruokolahti_DJI_0087_frame195,Near Duplicate,pHash < 5,Flagged,Temporal static scene
Part 5,ruokolahti_DJI_0087_frame196,Near Duplicate,pHash < 5,Flagged,Temporal static scene
Part 5,ruokolahti_DJI_0087_frame197,Near Duplicate,pHash < 5,Flagged,Temporal static scene
Part 5,ruokolahti_DJI_0087_frame198,Near Duplicate,pHash < 5,Flagged,Temporal static scene
Part 5,ruokolahti_DJI_0087_frame199,Near Duplicate,pHash < 5,Flagged,Temporal static scene
Part 5,ruokolahti_DJI_0087_frame200,Near Duplicate,pHash < 5,Flagged,Temporal static scene
Part 5,ruokolahti_DJI_0087_frame201,Near Duplicate,pHash < 5,Flagged,Temporal static scene
Part 5,ruokolahti_DJI_0087_frame202,Near Duplicate,pHash < 5,Flagged,Temporal static scene
Part 5,ruokolahti_DJI_0087_frame203,Near Duplicate,pHash < 5,Flagged,Temporal static scene
Part 5,ruokolahti_DJI_0087_frame204,Near Duplicate,pHash < 5,Flagged,Temporal static scene
Part 5,ruokolahti_DJI_0087_frame205,Near Duplicate,pHash < 5,Flagged,Temporal static scene
Part 5,ruokolahti_DJI_0087_frame206,Near Duplicate,pHash < 5,Flagged,Temporal static scene
Part 5,ruokolahti_DJI_0087_frame207,Near Duplicate,pHash < 5,Flagged,Temporal static scene
Part 5,ruokolahti_DJI_0087_frame208,Near Duplicate,pHash < 5,Flagged,Temporal static scene
Part 5,ruokolahti_DJI_0087_frame209,Near Duplicate,pHash < 5,Flagged,Temporal static scene
Part 5,ruokolahti_DJI_0087_frame210,Near Duplicate,pHash < 5,Flagged,Temporal static scene
Part 5,ruokolahti_DJI_0087_frame211,Near Duplicate,pHash < 5,Flagged,Temporal static scene
Part 5,ruokolahti_DJI_0087_frame212,Near Duplicate,pHash < 5,Flagged,Temporal static scene
Part 5,ruokolahti_DJI_0087_frame213,Near Duplicate,pHash < 5,Flagged,Temporal static scene
Part 5,ruokolahti_DJI_0087_frame214,Near Duplicate,pHash < 5,Flagged,Temporal static scene
Part 5,ruokolahti_DJI_0087_frame216,Near Duplicate,pHash < 5,Flagged,Temporal static scene
Part 5,ruokolahti_DJI_0087_frame217,Near Duplicate,pHash < 5,Flagged,Temporal static scene
Part 5,ruokolahti_DJI_0087_frame218,Near Duplicate,pHash < 5,Flagged,Temporal static scene
Part 5,ruokolahti_DJI_0087_frame219,Near Duplicate,pHash < 5,Flagged,Temporal static scene
Part 5,ruokolahti_DJI_0087_frame221,Near Duplicate,pHash < 5,Flagged,Temporal static scene
Part 5,ruokolahti_DJI_0087_frame222,Near Duplicate,pHash < 5,Flagged,Temporal static scene
Part 5,ruokolahti_DJI_0087_frame223,Near Duplicate,pHash < 5,Flagged,Temporal static scene
Part 5,ruokolahti_DJI_0087_frame224,Near Duplicate,pHash < 5,Flagged,Temporal static scene
Part 5,ruokolahti_DJI_0087_frame225,Near Duplicate,pHash < 5,Flagged,Temporal static scene
Part 5,ruokolahti_DJI_0087_frame226,Near Duplicate,pHash < 5,Flagged,Temporal static scene
Part 5,ruokolahti_DJI_0087_frame227,Near Duplicate,pHash < 5,Flagged,Temporal static scene
Part 5,ruokolahti_DJI_0087_frame228,Near Duplicate,pHash < 5,Flagged,Temporal static scene
Part 5,ruokolahti_DJI_0087_frame229,Near Duplicate,pHash < 5,Flagged,Temporal static scene
Part 5,ruokolahti_DJI_0087_frame230,Near Duplicate,pHash < 5,Flagged,Temporal static scene
Part 5,ruokolahti_DJI_0087_frame231,Near Duplicate,pHash < 5,Flagged,Temporal static scene
Part 5,ruokolahti_DJI_0087_frame232,Near Duplicate,pHash < 5,Flagged,Temporal static scene
Part 5,ruokolahti_DJI_0087_frame233,Near Duplicate,pHash < 5,Flagged,Temporal static scene
Part 5,ruokolahti_DJI_0087_frame234,Near Duplicate,pHash < 5,Flagged,Temporal static scene
Part 5,ruokolahti_DJI_0087_frame235,Near Duplicate,pHash < 5,Flagged,Temporal static scene
Part 5,ruokolahti_DJI_0087_frame236,Near Duplicate,pHash < 5,Flagged,Temporal static scene
Part 5,ruokolahti_DJI_0087_frame237,Near Duplicate,pHash < 5,Flagged,Temporal static scene
Part 5,ruokolahti_DJI_0087_frame239,Near Duplicate,pHash < 5,Flagged,Temporal static scene
Part 5,ruokolahti_DJI_0087_frame240,Near Duplicate,pHash < 5,Flagged,Temporal static scene
Part 5,ruokolahti_DJI_0087_frame241,Near Duplicate,pHash < 5,Flagged,Temporal static scene
Part 5,ruokolahti_DJI_0087_frame242,Near Duplicate,pHash < 5,Flagged,Temporal static scene
Part 5,ruokolahti_DJI_0087_frame243,Near Duplicate,pHash < 5,Flagged,Temporal static scene
Part 5,ruokolahti_DJI_0087_frame244,Near Duplicate,pHash < 5,Flagged,Temporal static scene
Part 5,ruokolahti_DJI_0087_frame245,Near Duplicate,pHash < 5,Flagged,Temporal static scene
Part 5,ruokolahti_DJI_0087_frame246,Near Duplicate,pHash < 5,Flagged,Temporal static scene
Part 5,ruokolahti_DJI_0087_frame247,Near Duplicate,pHash < 5,Flagged,Temporal static scene
Part 5,ruokolahti_DJI_0087_frame248,Near Duplicate,pHash < 5,Flagged,Temporal static scene
Part 5,ruokolahti_DJI_0087_frame249,Near Duplicate,pHash < 5,Flagged,Temporal static scene
Part 5,ruokolahti_DJI_0087_frame250,Near Duplicate,pHash < 5,Flagged,Temporal static scene
Part 5,ruokolahti_DJI_0087_frame251,Near Duplicate,pHash < 5,Flagged,Temporal static scene
Part 5,ruokolahti_DJI_0087_frame252,Near Duplicate,pHash < 5,Flagged,Temporal static scene
Part 5,ruokolahti_DJI_0087_frame253,Near Duplicate,pHash < 5,Flagged,Temporal static scene
Part 5,ruokolahti_DJI_0087_frame254,Near Duplicate,pHash < 5,Flagged,Temporal static scene
Part 5,ruokolahti_DJI_0087_frame255,Near Duplicate,pHash < 5,Flagged,Temporal static scene
Part 5,ruokolahti_DJI_0087_frame256,Near Duplicate,pHash < 5,Flagged,Temporal static scene
Part 5,ruokolahti_DJI_0087_frame257,Near Duplicate,pHash < 5,Flagged,Temporal static scene
Part 5,ruokolahti_DJI_0087_frame258,Near Duplicate,pHash < 5,Flagged,Temporal static scene
Part 5,ruokolahti_DJI_0087_frame259,Near Duplicate,pHash < 5,Flagged,Temporal static scene
Part 5,ruokolahti_DJI_0087_frame260,Near Duplicate,pHash < 5,Flagged,Temporal static scene
Part 5,ruokolahti_DJI_0087_frame261,Near Duplicate,pHash < 5,Flagged,Temporal static scene
Part 5,ruokolahti_DJI_0087_frame262,Near Duplicate,pHash < 5,Flagged,Temporal static scene
Part 5,ruokolahti_DJI_0087_frame264,Near Duplicate,pHash < 5,Flagged,Temporal static scene
Part 5,ruokolahti_DJI_0087_frame265,Near Duplicate,pHash < 5,Flagged,Temporal static scene
Part 5,ruokolahti_DJI_0087_frame266,Near Duplicate,pHash < 5,Flagged,Temporal static scene
Part 5,ruokolahti_DJI_0087_frame268,Near Duplicate,pHash < 5,Flagged,Temporal static scene
Part 5,ruokolahti_DJI_0087_frame269,Near Duplicate,pHash < 5,Flagged,Temporal static scene
Part 5,ruokolahti_DJI_0087_frame270,Near Duplicate,pHash < 5,Flagged,Temporal static scene
Part 5,ruokolahti_DJI_0087_frame271,Near Duplicate,pHash < 5,Flagged,Temporal static scene
Part 5,ruokolahti_DJI_0087_frame272,Near Duplicate,pHash < 5,Flagged,Temporal static scene
Part 5,ruokolahti_DJI_0087_frame273,Near Duplicate,pHash < 5,Flagged,Temporal static scene
Part 5,ruokolahti_DJI_0087_frame274,Near Duplicate,pHash < 5,Flagged,Temporal static scene
Part 5,ruokolahti_DJI_0087_frame275,Near Duplicate,pHash < 5,Flagged,Temporal static scene
Part 5,ruokolahti_DJI_0087_frame276,Near Duplicate,pHash < 5,Flagged,Temporal static scene
Part 5,ruokolahti_DJI_0087_frame277,Near Duplicate,pHash < 5,Flagged,Temporal static scene
Part 5,ruokolahti_DJI_0087_frame278,Near Duplicate,pHash < 5,Flagged,Temporal static scene
Part 5,ruokolahti_DJI_0087_frame279,Near Duplicate,pHash < 5,Flagged,Temporal static scene
Part 5,ruokolahti_DJI_0087_frame280,Near Duplicate,pHash < 5,Flagged,Temporal static scene
Part 5,ruokolahti_DJI_0087_frame281,Near Duplicate,pHash < 5,Flagged,Temporal static scene
Part 5,ruokolahti_DJI_0087_frame282,Near Duplicate,pHash < 5,Flagged,Temporal static scene
Part 5,ruokolahti_DJI_0087_frame284,Near Duplicate,pHash < 5,Flagged,Temporal static scene
Part 5,ruokolahti_DJI_0087_frame285,Near Duplicate,pHash < 5,Flagged,Temporal static scene
Part 5,ruokolahti_DJI_0087_frame286,Near Duplicate,pHash < 5,Flagged,Temporal static scene
Part 5,ruokolahti_DJI_0087_frame288,Near Duplicate,pHash < 5,Flagged,Temporal static scene
Part 5,ruokolahti_DJI_0087_frame289,Near Duplicate,pHash < 5,Flagged,Temporal static scene
Part 5,ruokolahti_DJI_0087_frame290,Near Duplicate,pHash < 5,Flagged,Temporal static scene
Part 5,ruokolahti_DJI_0087_frame291,Near Duplicate,pHash < 5,Flagged,Temporal static scene
Part 5,ruokolahti_DJI_0087_frame292,Near Duplicate,pHash < 5,Flagged,Temporal static scene
Part 5,ruokolahti_DJI_0087_frame293,Near Duplicate,pHash < 5,Flagged,Temporal static scene
Part 5,ruokolahti_DJI_0087_frame294,Near Duplicate,pHash < 5,Flagged,Temporal static scene
Part 5,ruokolahti_DJI_0087_frame295,Near Duplicate,pHash < 5,Flagged,Temporal static scene
Part 5,ruokolahti_DJI_0087_frame296,Near Duplicate,pHash < 5,Flagged,Temporal static scene
Part 5,ruokolahti_DJI_0087_frame297,Near Duplicate,pHash < 5,Flagged,Temporal static scene
Part 5,ruokolahti_DJI_0087_frame298,Near Duplicate,pHash < 5,Flagged,Temporal static scene
Part 5,ruokolahti_DJI_0087_frame299,Near Duplicate,pHash < 5,Flagged,Temporal static scene
Part 5,ruokolahti_DJI_0087_frame300,Near Duplicate,pHash < 5,Flagged,Temporal static scene
Part 5,ruokolahti_DJI_0087_frame301,Near Duplicate,pHash < 5,Flagged,Temporal static scene
Part 5,ruokolahti_DJI_0087_frame302,Near Duplicate,pHash < 5,Flagged,Temporal static scene
Part 5,ruokolahti_DJI_0087_frame303,Near Duplicate,pHash < 5,Flagged,Temporal static scene
Part 5,ruokolahti_DJI_0087_frame304,Near Duplicate,pHash < 5,Flagged,Temporal static scene
Part 5,ruokolahti_DJI_0087_frame305,Near Duplicate,pHash < 5,Flagged,Temporal static scene
Part 5,ruokolahti_DJI_0087_frame306,Near Duplicate,pHash < 5,Flagged,Temporal static scene
Part 5,ruokolahti_DJI_0087_frame307,Near Duplicate,pHash < 5,Flagged,Temporal static scene
Part 5,ruokolahti_DJI_0087_frame308,Near Duplicate,pHash < 5,Flagged,Temporal static scene
Part 5,ruokolahti_DJI_0087_frame309,Near Duplicate,pHash < 5,Flagged,Temporal static scene
Part 5,ruokolahti_DJI_0087_frame310,Near Duplicate,pHash < 5,Flagged,Temporal static scene
Part 5,ruokolahti_DJI_0087_frame311,Near Duplicate,pHash < 5,Flagged,Temporal static scene
Part 5,ruokolahti_DJI_0087_frame313,Near Duplicate,pHash < 5,Flagged,Temporal static scene
Part 5,ruokolahti_DJI_0087_frame314,Near Duplicate,pHash < 5,Flagged,Temporal static scene
Part 5,ruokolahti_DJI_0087_frame315,Near Duplicate,pHash < 5,Flagged,Temporal static scene
Part 5,ruokolahti_DJI_0087_frame316,Near Duplicate,pHash < 5,Flagged,Temporal static scene
Part 5,ruokolahti_DJI_0087_frame317,Near Duplicate,pHash < 5,Flagged,Temporal static scene
Part 5,ruokolahti_DJI_0087_frame318,Near Duplicate,pHash < 5,Flagged,Temporal static scene
Part 5,ruokolahti_DJI_0087_frame319,Near Duplicate,pHash < 5,Flagged,Temporal static scene
Part 5,ruokolahti_DJI_0087_frame320,Near Duplicate,pHash < 5,Flagged,Temporal static scene
Part 5,ruokolahti_DJI_0087_frame321,Near Duplicate,pHash < 5,Flagged,Temporal static scene
Part 5,ruokolahti_DJI_0087_frame322,Near Duplicate,pHash < 5,Flagged,Temporal static scene
Part 5,ruokolahti_DJI_0087_frame323,Near Duplicate,pHash < 5,Flagged,Temporal static scene
Part 5,ruokolahti_DJI_0087_frame324,Near Duplicate,pHash < 5,Flagged,Temporal static scene
Part 5,ruokolahti_DJI_0087_frame325,Near Duplicate,pHash < 5,Flagged,Temporal static scene
Part 5,ruokolahti_DJI_0087_frame326,Near Duplicate,pHash < 5,Flagged,Temporal static scene
Part 5,ruokolahti_DJI_0087_frame327,Near Duplicate,pHash < 5,Flagged,Temporal static scene
Part 5,evoDJI_0001_frame10,Near Duplicate,pHash < 5,Flagged,Temporal static scene
Part 5,evoDJI_0001_frame13,Near Duplicate,pHash < 5,Flagged,Temporal static scene
Part 5,evoDJI_0001_frame16,Near Duplicate,pHash < 5,Flagged,Temporal static scene
Part 5,evoDJI_0001_frame17,Near Duplicate,pHash < 5,Flagged,Temporal static scene
Part 5,evoDJI_0001_frame18,Near Duplicate,pHash < 5,Flagged,Temporal static scene
Part 5,evoDJI_0001_frame21,Near Duplicate,pHash < 5,Flagged,Temporal static scene
Part 5,evoDJI_0001_frame22,Near Duplicate,pHash < 5,Flagged,Temporal static scene
Part 5,evoDJI_0001_frame23,Near Duplicate,pHash < 5,Flagged,Temporal static scene
Part 5,evoDJI_0001_frame24,Near Duplicate,pHash < 5,Flagged,Temporal static scene
Part 5,evoDJI_0001_frame25,Near Duplicate,pHash < 5,Flagged,Temporal static scene
Part 5,evoDJI_0001_frame26,Near Duplicate,pHash < 5,Flagged,Temporal static scene
Part 5,evoDJI_0001_frame27,Near Duplicate,pHash < 5,Flagged,Temporal static scene
Part 5,evoDJI_0001_frame28,Near Duplicate,pHash < 5,Flagged,Temporal static scene
Part 5,evoDJI_0001_frame29,Near Duplicate,pHash < 5,Flagged,Temporal static scene
Part 5,evoDJI_0001_frame30,Near Duplicate,pHash < 5,Flagged,Temporal static scene
Part 5,evoDJI_0001_frame33,Near Duplicate,pHash < 5,Flagged,Temporal static scene
Part 5,evoDJI_0001_frame36,Near Duplicate,pHash < 5,Flagged,Temporal static scene
Part 5,evoDJI_0001_frame37,Near Duplicate,pHash < 5,Flagged,Temporal static scene
Part 5,evoDJI_0001_frame38,Near Duplicate,pHash < 5,Flagged,Temporal static scene
Part 5,evoDJI_0001_frame39,Near Duplicate,pHash < 5,Flagged,Temporal static scene
Part 5,evoDJI_0001_frame40,Near Duplicate,pHash < 5,Flagged,Temporal static scene
Part 5,evoDJI_0001_frame41,Near Duplicate,pHash < 5,Flagged,Temporal static scene
Part 5,evoDJI_0001_frame42,Near Duplicate,pHash < 5,Flagged,Temporal static scene
Part 5,evoDJI_0001_frame52,Near Duplicate,pHash < 5,Flagged,Temporal static scene
Part 5,evoDJI_0001_frame53,Near Duplicate,pHash < 5,Flagged,Temporal static scene
Part 5,evoDJI_0001_frame58,Near Duplicate,pHash < 5,Flagged,Temporal static scene
Part 5,evoDJI_0001_frame59,Near Duplicate,pHash < 5,Flagged,Temporal static scene
Part 5,evoDJI_0001_frame60,Near Duplicate,pHash < 5,Flagged,Temporal static scene
Part 5,evoDJI_0001_frame61,Near Duplicate,pHash < 5,Flagged,Temporal static scene
Part 5,evoDJI_0001_frame62,Near Duplicate,pHash < 5,Flagged,Temporal static scene
Part 5,evoDJI_0001_frame63,Near Duplicate,pHash < 5,Flagged,Temporal static scene
Part 5,evoDJI_0001_frame71,Near Duplicate,pHash < 5,Flagged,Temporal static scene
Part 5,evoDJI_0001_frame72,Near Duplicate,pHash < 5,Flagged,Temporal static scene
Part 5,evoDJI_0001_frame73,Near Duplicate,pHash < 5,Flagged,Temporal static scene
Part 5,evoDJI_0001_frame74,Near Duplicate,pHash < 5,Flagged,Temporal static scene
Part 5,evoDJI_0001_frame75,Near Duplicate,pHash < 5,Flagged,Temporal static scene
Part 5,evoDJI_0001_frame76,Near Duplicate,pHash < 5,Flagged,Temporal static scene
Part 5,evoDJI_0001_frame77,Near Duplicate,pHash < 5,Flagged,Temporal static scene
Part 5,evoDJI_0001_frame78,Near Duplicate,pHash < 5,Flagged,Temporal static scene
Part 5,evoDJI_0001_frame79,Near Duplicate,pHash < 5,Flagged,Temporal static scene
Part 5,evoDJI_0001_frame80,Near Duplicate,pHash < 5,Flagged,Temporal static scene
Part 5,evoDJI_0001_frame81,Near Duplicate,pHash < 5,Flagged,Temporal static scene
Part 5,evoDJI_0001_frame84,Near Duplicate,pHash < 5,Flagged,Temporal static scene
Part 5,evoDJI_0001_frame85,Near Duplicate,pHash < 5,Flagged,Temporal static scene
Part 5,evoDJI_0001_frame86,Near Duplicate,pHash < 5,Flagged,Temporal static scene
Part 5,evoDJI_0001_frame89,Near Duplicate,pHash < 5,Flagged,Temporal static scene
Part 5,evoDJI_0001_frame91,Near Duplicate,pHash < 5,Flagged,Temporal static scene
Part 5,evoDJI_0001_frame92,Near Duplicate,pHash < 5,Flagged,Temporal static scene
Part 5,evoDJI_0001_frame93,Near Duplicate,pHash < 5,Flagged,Temporal static scene
Part 5,evoDJI_0001_frame96,Near Duplicate,pHash < 5,Flagged,Temporal static scene
Part 5,evoDJI_0001_frame97,Near Duplicate,pHash < 5,Flagged,Temporal static scene
Part 5,evoDJI_0001_frame98,Near Duplicate,pHash < 5,Flagged,Temporal static scene
Part 5,evoDJI_0001_frame99,Near Duplicate,pHash < 5,Flagged,Temporal static scene
Part 5,evoDJI_0001_frame100,Near Duplicate,pHash < 5,Flagged,Temporal static scene
Part 5,evoDJI_0001_frame101,Near Duplicate,pHash < 5,Flagged,Temporal static scene
Part 5,evoDJI_0001_frame103,Near Duplicate,pHash < 5,Flagged,Temporal static scene
Part 5,evoDJI_0001_frame104,Near Duplicate,pHash < 5,Flagged,Temporal static scene
Part 5,evoDJI_0001_frame105,Near Duplicate,pHash < 5,Flagged,Temporal static scene
Part 5,evoDJI_0001_frame106,Near Duplicate,pHash < 5,Flagged,Temporal static scene
Part 5,evoDJI_0001_frame107,Near Duplicate,pHash < 5,Flagged,Temporal static scene
Part 5,evoDJI_0001_frame108,Near Duplicate,pHash < 5,Flagged,Temporal static scene
Part 5,evoDJI_0001_frame109,Near Duplicate,pHash < 5,Flagged,Temporal static scene
Part 5,evoDJI_0001_frame119,Near Duplicate,pHash < 5,Flagged,Temporal static scene
Part 5,evoDJI_0001_frame120,Near Duplicate,pHash < 5,Flagged,Temporal static scene
Part 5,evoDJI_0001_frame121,Near Duplicate,pHash < 5,Flagged,Temporal static scene
Part 5,evoDJI_0001_frame124,Near Duplicate,pHash < 5,Flagged,Temporal static scene
Part 5,evoDJI_0001_frame125,Near Duplicate,pHash < 5,Flagged,Temporal static scene
Part 5,evoDJI_0001_frame132,Near Duplicate,pHash < 5,Flagged,Temporal static scene
Part 5,evoDJI_0001_frame134,Near Duplicate,pHash < 5,Flagged,Temporal static scene
Part 5,evoDJI_0001_frame135,Near Duplicate,pHash < 5,Flagged,Temporal static scene
Part 5,evoDJI_0001_frame137,Near Duplicate,pHash < 5,Flagged,Temporal static scene
Part 5,evoDJI_0001_frame140,Near Duplicate,pHash < 5,Flagged,Temporal static scene
Part 5,evoDJI_0001_frame141,Near Duplicate,pHash < 5,Flagged,Temporal static scene
Part 5,evoDJI_0001_frame142,Near Duplicate,pHash < 5,Flagged,Temporal static scene
Part 5,evoDJI_0001_frame143,Near Duplicate,pHash < 5,Flagged,Temporal static scene
Part 5,evoDJI_0001_frame144,Near Duplicate,pHash < 5,Flagged,Temporal static scene
Part 5,evoDJI_0001_frame145,Near Duplicate,pHash < 5,Flagged,Temporal static scene
Part 5,evoDJI_0001_frame146,Near Duplicate,pHash < 5,Flagged,Temporal static scene
Part 5,evoDJI_0001_frame147,Near Duplicate,pHash < 5,Flagged,Temporal static scene
Part 5,evoDJI_0001_frame148,Near Duplicate,pHash < 5,Flagged,Temporal static scene
Part 5,evoDJI_0001_frame149,Near Duplicate,pHash < 5,Flagged,Temporal static scene
Part 5,evoDJI_0001_frame150,Near Duplicate,pHash < 5,Flagged,Temporal static scene
Part 5,evoDJI_0001_frame151,Near Duplicate,pHash < 5,Flagged,Temporal static scene
Part 5,evoDJI_0001_frame152,Near Duplicate,pHash < 5,Flagged,Temporal static scene
Part 5,evoDJI_0001_frame153,Near Duplicate,pHash < 5,Flagged,Temporal static scene
Part 5,evoDJI_0001_frame154,Near Duplicate,pHash < 5,Flagged,Temporal static scene
Part 5,evoDJI_0001_frame155,Near Duplicate,pHash < 5,Flagged,Temporal static scene
Part 5,evoDJI_0001_frame156,Near Duplicate,pHash < 5,Flagged,Temporal static scene
Part 5,evoDJI_0001_frame157,Near Duplicate,pHash < 5,Flagged,Temporal static scene
Part 5,evoDJI_0001_frame158,Near Duplicate,pHash < 5,Flagged,Temporal static scene
Part 5,evoDJI_0001_frame159,Near Duplicate,pHash < 5,Flagged,Temporal static scene
Part 5,evoDJI_0001_frame160,Near Duplicate,pHash < 5,Flagged,Temporal static scene
Part 5,evoDJI_0001_frame161,Near Duplicate,pHash < 5,Flagged,Temporal static scene
Part 5,evoDJI_0001_frame162,Near Duplicate,pHash < 5,Flagged,Temporal static scene
Part 5,evoDJI_0001_frame163,Near Duplicate,pHash < 5,Flagged,Temporal static scene
Part 5,evoDJI_0001_frame164,Near Duplicate,pHash < 5,Flagged,Temporal static scene
Part 5,evoDJI_0001_frame165,Near Duplicate,pHash < 5,Flagged,Temporal static scene
Part 5,evoDJI_0001_frame166,Near Duplicate,pHash < 5,Flagged,Temporal static scene
Part 5,evoDJI_0001_frame167,Near Duplicate,pHash < 5,Flagged,Temporal static scene
Part 5,evoDJI_0001_frame168,Near Duplicate,pHash < 5,Flagged,Temporal static scene
Part 5,evoDJI_0001_frame169,Near Duplicate,pHash < 5,Flagged,Temporal static scene
Part 5,evoDJI_0001_frame170,Near Duplicate,pHash < 5,Flagged,Temporal static scene
Part 5,evoDJI_0001_frame171,Near Duplicate,pHash < 5,Flagged,Temporal static scene
Part 5,evoDJI_0001_frame172,Near Duplicate,pHash < 5,Flagged,Temporal static scene
Part 5,evoDJI_0001_frame174,Near Duplicate,pHash < 5,Flagged,Temporal static scene
Part 5,evoDJI_0001_frame175,Near Duplicate,pHash < 5,Flagged,Temporal static scene
Part 5,evoDJI_0001_frame176,Near Duplicate,pHash < 5,Flagged,Temporal static scene
Part 5,evoDJI_0001_frame177,Near Duplicate,pHash < 5,Flagged,Temporal static scene
Part 5,evoDJI_0001_frame179,Near Duplicate,pHash < 5,Flagged,Temporal static scene
Part 5,evoDJI_0001_frame180,Near Duplicate,pHash < 5,Flagged,Temporal static scene
Part 5,evoDJI_0001_frame181,Near Duplicate,pHash < 5,Flagged,Temporal static scene
Part 5,evoDJI_0001_frame184,Near Duplicate,pHash < 5,Flagged,Temporal static scene
Part 5,evoDJI_0001_frame185,Near Duplicate,pHash < 5,Flagged,Temporal static scene
Part 5,evoDJI_0001_frame186,Near Duplicate,pHash < 5,Flagged,Temporal static scene
Part 5,evoDJI_0001_frame187,Near Duplicate,pHash < 5,Flagged,Temporal static scene
Part 5,evoDJI_0001_frame188,Near Duplicate,pHash < 5,Flagged,Temporal static scene
Part 5,evoDJI_0001_frame189,Near Duplicate,pHash < 5,Flagged,Temporal static scene
Part 5,evoDJI_0001_frame190,Near Duplicate,pHash < 5,Flagged,Temporal static scene
Part 5,evoDJI_0001_frame192,Near Duplicate,pHash < 5,Flagged,Temporal static scene
Part 5,evoDJI_0001_frame197,Near Duplicate,pHash < 5,Flagged,Temporal static scene
Part 5,evoDJI_0001_frame199,Near Duplicate,pHash < 5,Flagged,Temporal static scene
Part 5,evoDJI_0001_frame200,Near Duplicate,pHash < 5,Flagged,Temporal static scene
Part 5,evoDJI_0001_frame201,Near Duplicate,pHash < 5,Flagged,Temporal static scene
Part 5,evoDJI_0001_frame202,Near Duplicate,pHash < 5,Flagged,Temporal static scene
Part 5,evoDJI_0001_frame203,Near Duplicate,pHash < 5,Flagged,Temporal static scene
Part 5,evoDJI_0001_frame204,Near Duplicate,pHash < 5,Flagged,Temporal static scene
Part 5,evoDJI_0001_frame205,Near Duplicate,pHash < 5,Flagged,Temporal static scene
Part 5,evoDJI_0001_frame206,Near Duplicate,pHash < 5,Flagged,Temporal static scene
Part 5,evoDJI_0001_frame207,Near Duplicate,pHash < 5,Flagged,Temporal static scene
Part 5,evoDJI_0001_frame208,Near Duplicate,pHash < 5,Flagged,Temporal static scene
Part 5,evoDJI_0001_frame222,Near Duplicate,pHash < 5,Flagged,Temporal static scene
Part 5,evoDJI_0001_frame223,Near Duplicate,pHash < 5,Flagged,Temporal static scene
Part 5,evoDJI_0001_frame224,Near Duplicate,pHash < 5,Flagged,Temporal static scene
Part 5,evoDJI_0001_frame225,Near Duplicate,pHash < 5,Flagged,Temporal static scene
Part 5,evoDJI_0001_frame226,Near Duplicate,pHash < 5,Flagged,Temporal static scene
Part 5,evoDJI_0001_frame227,Near Duplicate,pHash < 5,Flagged,Temporal static scene
Part 5,evoDJI_0001_frame228,Near Duplicate,pHash < 5,Flagged,Temporal static scene
Part 5,evoDJI_0001_frame232,Near Duplicate,pHash < 5,Flagged,Temporal static scene
Part 5,evoDJI_0001_frame233,Near Duplicate,pHash < 5,Flagged,Temporal static scene
Part 5,evoDJI_0001_frame234,Near Duplicate,pHash < 5,Flagged,Temporal static scene
Part 5,evoDJI_0001_frame238,Near Duplicate,pHash < 5,Flagged,Temporal static scene
Part 5,evoDJI_0001_frame239,Near Duplicate,pHash < 5,Flagged,Temporal static scene
Part 5,evoDJI_0001_frame240,Near Duplicate,pHash < 5,Flagged,Temporal static scene
Part 5,evoDJI_0001_frame242,Near Duplicate,pHash < 5,Flagged,Temporal static scene
Part 5,evoDJI_0001_frame249,Near Duplicate,pHash < 5,Flagged,Temporal static scene
Part 5,evoDJI_0001_frame250,Near Duplicate,pHash < 5,Flagged,Temporal static scene
Part 5,evoDJI_0001_frame251,Near Duplicate,pHash < 5,Flagged,Temporal static scene
Part 5,evoDJI_0001_frame252,Near Duplicate,pHash < 5,Flagged,Temporal static scene
Part 5,evoDJI_0001_frame253,Near Duplicate,pHash < 5,Flagged,Temporal static scene
Part 5,evoDJI_0001_frame254,Near Duplicate,pHash < 5,Flagged,Temporal static scene
Part 5,evoDJI_0001_frame255,Near Duplicate,pHash < 5,Flagged,Temporal static scene
Part 5,evoDJI_0001_frame256,Near Duplicate,pHash < 5,Flagged,Temporal static scene
Part 5,evoDJI_0001_frame257,Near Duplicate,pHash < 5,Flagged,Temporal static scene
Part 5,evoDJI_0001_frame258,Near Duplicate,pHash < 5,Flagged,Temporal static scene
Part 5,evoDJI_0001_frame259,Near Duplicate,pHash < 5,Flagged,Temporal static scene
Part 5,evoDJI_0001_frame260,Near Duplicate,pHash < 5,Flagged,Temporal static scene
Part 5,evoDJI_0001_frame261,Near Duplicate,pHash < 5,Flagged,Temporal static scene
Part 5,evoDJI_0001_frame269,Near Duplicate,pHash < 5,Flagged,Temporal static scene
Part 5,evoDJI_0001_frame270,Near Duplicate,pHash < 5,Flagged,Temporal static scene
Part 5,evoDJI_0001_frame274,Near Duplicate,pHash < 5,Flagged,Temporal static scene
Part 5,evoDJI_0001_frame275,Near Duplicate,pHash < 5,Flagged,Temporal static scene
Part 5,evoDJI_0001_frame276,Near Duplicate,pHash < 5,Flagged,Temporal static scene
Part 5,evoDJI_0001_frame277,Near Duplicate,pHash < 5,Flagged,Temporal static scene
Part 5,evoDJI_0001_frame278,Near Duplicate,pHash < 5,Flagged,Temporal static scene
Part 5,evoDJI_0001_frame279,Near Duplicate,pHash < 5,Flagged,Temporal static scene
Part 5,evoDJI_0001_frame287,Near Duplicate,pHash < 5,Flagged,Temporal static scene
Part 5,evoDJI_0001_frame288,Near Duplicate,pHash < 5,Flagged,Temporal static scene
Part 5,evoDJI_0001_frame289,Near Duplicate,pHash < 5,Flagged,Temporal static scene
Part 5,evoDJI_0001_frame290,Near Duplicate,pHash < 5,Flagged,Temporal static scene
Part 5,evoDJI_0001_frame291,Near Duplicate,pHash < 5,Flagged,Temporal static scene
Part 5,evoDJI_0001_frame292,Near Duplicate,pHash < 5,Flagged,Temporal static scene
Part 5,evoDJI_0001_frame293,Near Duplicate,pHash < 5,Flagged,Temporal static scene
Part 5,evoDJI_0001_frame294,Near Duplicate,pHash < 5,Flagged,Temporal static scene
Part 5,evoDJI_0001_frame295,Near Duplicate,pHash < 5,Flagged,Temporal static scene
Part 5,evoDJI_0001_frame296,Near Duplicate,pHash < 5,Flagged,Temporal static scene
Part 5,evoDJI_0001_frame297,Near Duplicate,pHash < 5,Flagged,Temporal static scene
Part 5,evoDJI_0001_frame300,Near Duplicate,pHash < 5,Flagged,Temporal static scene
Part 5,evoDJI_0001_frame301,Near Duplicate,pHash < 5,Flagged,Temporal static scene
Part 5,evoDJI_0001_frame302,Near Duplicate,pHash < 5,Flagged,Temporal static scene
Part 5,evoDJI_0001_frame303,Near Duplicate,pHash < 5,Flagged,Temporal static scene
Part 5,evoDJI_0001_frame308,Near Duplicate,pHash < 5,Flagged,Temporal static scene
Part 5,evoDJI_0001_frame310,Near Duplicate,pHash < 5,Flagged,Temporal static scene
Part 5,evoDJI_0001_frame311,Near Duplicate,pHash < 5,Flagged,Temporal static scene
Part 5,evoDJI_0001_frame312,Near Duplicate,pHash < 5,Flagged,Temporal static scene
Part 5,evoDJI_0001_frame313,Near Duplicate,pHash < 5,Flagged,Temporal static scene
Part 5,evoDJI_0001_frame314,Near Duplicate,pHash < 5,Flagged,Temporal static scene
Part 5,evoDJI_0001_frame315,Near Duplicate,pHash < 5,Flagged,Temporal static scene
Part 5,evoDJI_0001_frame316,Near Duplicate,pHash < 5,Flagged,Temporal static scene
Part 5,evoDJI_0001_frame320,Near Duplicate,pHash < 5,Flagged,Temporal static scene
Part 5,evoDJI_0001_frame323,Near Duplicate,pHash < 5,Flagged,Temporal static scene
Part 5,evoDJI_0001_frame324,Near Duplicate,pHash < 5,Flagged,Temporal static scene
Part 5,evoDJI_0001_frame325,Near Duplicate,pHash < 5,Flagged,Temporal static scene
Part 5,evoDJI_0001_frame326,Near Duplicate,pHash < 5,Flagged,Temporal static scene
Part 5,evoDJI_0001_frame327,Near Duplicate,pHash < 5,Flagged,Temporal static scene
Part 5,karkkila_DJI_0002_frame47,Near Duplicate,pHash < 5,Flagged,Temporal static scene
Part 5,karkkila_DJI_0002_frame49,Near Duplicate,pHash < 5,Flagged,Temporal static scene
Part 5,karkkila_DJI_0002_frame50,Near Duplicate,pHash < 5,Flagged,Temporal static scene
Part 5,karkkila_DJI_0002_frame51,Near Duplicate,pHash < 5,Flagged,Temporal static scene
Part 5,karkkila_DJI_0002_frame52,Near Duplicate,pHash < 5,Flagged,Temporal static scene
Part 5,karkkila_DJI_0002_frame53,Near Duplicate,pHash < 5,Flagged,Temporal static scene
Part 5,karkkila_DJI_0002_frame54,Near Duplicate,pHash < 5,Flagged,Temporal static scene
Part 5,karkkila_DJI_0002_frame56,Near Duplicate,pHash < 5,Flagged,Temporal static scene
Part 5,karkkila_DJI_0002_frame58,Near Duplicate,pHash < 5,Flagged,Temporal static scene
Part 5,karkkila_DJI_0002_frame59,Near Duplicate,pHash < 5,Flagged,Temporal static scene
Part 5,karkkila_DJI_0002_frame60,Near Duplicate,pHash < 5,Flagged,Temporal static scene
Part 5,karkkila_DJI_0002_frame61,Near Duplicate,pHash < 5,Flagged,Temporal static scene
Part 5,karkkila_DJI_0002_frame65,Near Duplicate,pHash < 5,Flagged,Temporal static scene
Part 5,karkkila_DJI_0002_frame66,Near Duplicate,pHash < 5,Flagged,Temporal static scene
Part 5,karkkila_DJI_0002_frame67,Near Duplicate,pHash < 5,Flagged,Temporal static scene
Part 5,karkkila_DJI_0002_frame68,Near Duplicate,pHash < 5,Flagged,Temporal static scene
Part 5,karkkila_DJI_0002_frame69,Near Duplicate,pHash < 5,Flagged,Temporal static scene
Part 5,karkkila_DJI_0002_frame70,Near Duplicate,pHash < 5,Flagged,Temporal static scene
Part 5,karkkila_DJI_0002_frame75,Near Duplicate,pHash < 5,Flagged,Temporal static scene
Part 5,karkkila_DJI_0002_frame76,Near Duplicate,pHash < 5,Flagged,Temporal static scene
Part 5,karkkila_DJI_0002_frame77,Near Duplicate,pHash < 5,Flagged,Temporal static scene
Part 5,karkkila_DJI_0002_frame81,Near Duplicate,pHash < 5,Flagged,Temporal static scene
Part 5,karkkila_DJI_0002_frame82,Near Duplicate,pHash < 5,Flagged,Temporal static scene
Part 5,karkkila_DJI_0002_frame83,Near Duplicate,pHash < 5,Flagged,Temporal static scene
Part 5,karkkila_DJI_0002_frame84,Near Duplicate,pHash < 5,Flagged,Temporal static scene
Part 5,karkkila_DJI_0002_frame85,Near Duplicate,pHash < 5,Flagged,Temporal static scene
Part 5,karkkila_DJI_0002_frame86,Near Duplicate,pHash < 5,Flagged,Temporal static scene
Part 5,karkkila_DJI_0002_frame90,Near Duplicate,pHash < 5,Flagged,Temporal static scene
Part 5,karkkila_DJI_0002_frame91,Near Duplicate,pHash < 5,Flagged,Temporal static scene
Part 5,karkkila_DJI_0002_frame92,Near Duplicate,pHash < 5,Flagged,Temporal static scene
Part 5,karkkila_DJI_0002_frame93,Near Duplicate,pHash < 5,Flagged,Temporal static scene
Part 5,karkkila_DJI_0002_frame94,Near Duplicate,pHash < 5,Flagged,Temporal static scene
Part 5,karkkila_DJI_0002_frame95,Near Duplicate,pHash < 5,Flagged,Temporal static scene
Part 5,karkkila_DJI_0002_frame96,Near Duplicate,pHash < 5,Flagged,Temporal static scene
Part 5,karkkila_DJI_0002_frame97,Near Duplicate,pHash < 5,Flagged,Temporal static scene
Part 5,karkkila_DJI_0002_frame98,Near Duplicate,pHash < 5,Flagged,Temporal static scene
Part 5,karkkila_DJI_0002_frame99,Near Duplicate,pHash < 5,Flagged,Temporal static scene
Part 5,karkkila_DJI_0002_frame100,Near Duplicate,pHash < 5,Flagged,Temporal static scene
Part 5,karkkila_DJI_0002_frame101,Near Duplicate,pHash < 5,Flagged,Temporal static scene
Part 5,karkkila_DJI_0002_frame102,Near Duplicate,pHash < 5,Flagged,Temporal static scene
Part 5,karkkila_DJI_0002_frame103,Near Duplicate,pHash < 5,Flagged,Temporal static scene
Part 5,karkkila_DJI_0002_frame104,Near Duplicate,pHash < 5,Flagged,Temporal static scene
Part 5,karkkila_DJI_0002_frame105,Near Duplicate,pHash < 5,Flagged,Temporal static scene
Part 5,karkkila_DJI_0002_frame106,Near Duplicate,pHash < 5,Flagged,Temporal static scene
Part 5,karkkila_DJI_0002_frame107,Near Duplicate,pHash < 5,Flagged,Temporal static scene
Part 5,karkkila_DJI_0002_frame108,Near Duplicate,pHash < 5,Flagged,Temporal static scene
Part 5,karkkila_DJI_0002_frame109,Near Duplicate,pHash < 5,Flagged,Temporal static scene
Part 5,karkkila_DJI_0002_frame111,Near Duplicate,pHash < 5,Flagged,Temporal static scene
Part 5,karkkila_DJI_0002_frame112,Near Duplicate,pHash < 5,Flagged,Temporal static scene
Part 5,karkkila_DJI_0002_frame113,Near Duplicate,pHash < 5,Flagged,Temporal static scene
Part 5,karkkila_DJI_0002_frame116,Near Duplicate,pHash < 5,Flagged,Temporal static scene
Part 5,karkkila_DJI_0002_frame117,Near Duplicate,pHash < 5,Flagged,Temporal static scene
Part 5,karkkila_DJI_0002_frame118,Near Duplicate,pHash < 5,Flagged,Temporal static scene
Part 5,karkkila_DJI_0002_frame119,Near Duplicate,pHash < 5,Flagged,Temporal static scene
Part 5,karkkila_DJI_0002_frame120,Near Duplicate,pHash < 5,Flagged,Temporal static scene
Part 5,karkkila_DJI_0002_frame121,Near Duplicate,pHash < 5,Flagged,Temporal static scene
Part 5,karkkila_DJI_0002_frame122,Near Duplicate,pHash < 5,Flagged,Temporal static scene
Part 5,karkkila_DJI_0002_frame123,Near Duplicate,pHash < 5,Flagged,Temporal static scene
Part 5,karkkila_DJI_0002_frame124,Near Duplicate,pHash < 5,Flagged,Temporal static scene
Part 5,karkkila_DJI_0002_frame125,Near Duplicate,pHash < 5,Flagged,Temporal static scene
Part 5,karkkila_DJI_0002_frame126,Near Duplicate,pHash < 5,Flagged,Temporal static scene
Part 5,karkkila_DJI_0002_frame127,Near Duplicate,pHash < 5,Flagged,Temporal static scene
Part 5,karkkila_DJI_0002_frame128,Near Duplicate,pHash < 5,Flagged,Temporal static scene
Part 5,karkkila_DJI_0002_frame129,Near Duplicate,pHash < 5,Flagged,Temporal static scene
Part 5,karkkila_DJI_0002_frame130,Near Duplicate,pHash < 5,Flagged,Temporal static scene
Part 5,karkkila_DJI_0002_frame131,Near Duplicate,pHash < 5,Flagged,Temporal static scene
Part 5,karkkila_DJI_0002_frame132,Near Duplicate,pHash < 5,Flagged,Temporal static scene
Part 5,karkkila_DJI_0002_frame133,Near Duplicate,pHash < 5,Flagged,Temporal static scene
Part 5,karkkila_DJI_0002_frame134,Near Duplicate,pHash < 5,Flagged,Temporal static scene
Part 5,karkkila_DJI_0002_frame135,Near Duplicate,pHash < 5,Flagged,Temporal static scene
Part 5,karkkila_DJI_0002_frame137,Near Duplicate,pHash < 5,Flagged,Temporal static scene
Part 5,karkkila_DJI_0002_frame139,Near Duplicate,pHash < 5,Flagged,Temporal static scene
Part 5,karkkila_DJI_0002_frame140,Near Duplicate,pHash < 5,Flagged,Temporal static scene
Part 5,karkkila_DJI_0002_frame141,Near Duplicate,pHash < 5,Flagged,Temporal static scene
Part 5,karkkila_DJI_0002_frame142,Near Duplicate,pHash < 5,Flagged,Temporal static scene
Part 5,karkkila_DJI_0002_frame143,Near Duplicate,pHash < 5,Flagged,Temporal static scene
Part 5,karkkila_DJI_0002_frame144,Near Duplicate,pHash < 5,Flagged,Temporal static scene
Part 5,karkkila_DJI_0002_frame145,Near Duplicate,pHash < 5,Flagged,Temporal static scene
Part 5,karkkila_DJI_0002_frame146,Near Duplicate,pHash < 5,Flagged,Temporal static scene
Part 5,karkkila_DJI_0002_frame147,Near Duplicate,pHash < 5,Flagged,Temporal static scene
Part 5,karkkila_DJI_0002_frame148,Near Duplicate,pHash < 5,Flagged,Temporal static scene
Part 5,karkkila_DJI_0002_frame149,Near Duplicate,pHash < 5,Flagged,Temporal static scene
Part 5,karkkila_DJI_0002_frame150,Near Duplicate,pHash < 5,Flagged,Temporal static scene
Part 5,karkkila_DJI_0002_frame151,Near Duplicate,pHash < 5,Flagged,Temporal static scene
Part 5,karkkila_DJI_0002_frame152,Near Duplicate,pHash < 5,Flagged,Temporal static scene
Part 5,karkkila_DJI_0002_frame153,Near Duplicate,pHash < 5,Flagged,Temporal static scene
Part 5,karkkila_DJI_0002_frame154,Near Duplicate,pHash < 5,Flagged,Temporal static scene
Part 5,karkkila_DJI_0002_frame155,Near Duplicate,pHash < 5,Flagged,Temporal static scene
Part 5,karkkila_DJI_0002_frame156,Near Duplicate,pHash < 5,Flagged,Temporal static scene
Part 5,karkkila_DJI_0002_frame157,Near Duplicate,pHash < 5,Flagged,Temporal static scene
Part 5,karkkila_DJI_0002_frame162,Near Duplicate,pHash < 5,Flagged,Temporal static scene
Part 5,karkkila_DJI_0002_frame170,Near Duplicate,pHash < 5,Flagged,Temporal static scene
Part 5,evoDJI_0009_frame3,Near Duplicate,pHash < 5,Flagged,Temporal static scene
Part 5,evoDJI_0009_frame7,Near Duplicate,pHash < 5,Flagged,Temporal static scene
Part 5,evoDJI_0009_frame18,Near Duplicate,pHash < 5,Flagged,Temporal static scene
Part 5,evoDJI_0009_frame24,Near Duplicate,pHash < 5,Flagged,Temporal static scene
Part 5,evoDJI_0009_frame27,Near Duplicate,pHash < 5,Flagged,Temporal static scene
Part 5,evoDJI_0009_frame28,Near Duplicate,pHash < 5,Flagged,Temporal static scene
Part 5,evoDJI_0009_frame29,Near Duplicate,pHash < 5,Flagged,Temporal static scene
Part 5,evoDJI_0009_frame30,Near Duplicate,pHash < 5,Flagged,Temporal static scene
Part 5,evoDJI_0009_frame31,Near Duplicate,pHash < 5,Flagged,Temporal static scene
Part 5,evoDJI_0009_frame32,Near Duplicate,pHash < 5,Flagged,Temporal static scene
Part 5,evoDJI_0009_frame33,Near Duplicate,pHash < 5,Flagged,Temporal static scene
Part 5,evoDJI_0009_frame34,Near Duplicate,pHash < 5,Flagged,Temporal static scene
Part 5,evoDJI_0009_frame35,Near Duplicate,pHash < 5,Flagged,Temporal static scene
Part 5,evoDJI_0009_frame36,Near Duplicate,pHash < 5,Flagged,Temporal static scene
Part 5,evoDJI_0009_frame37,Near Duplicate,pHash < 5,Flagged,Temporal static scene
Part 5,evoDJI_0009_frame38,Near Duplicate,pHash < 5,Flagged,Temporal static scene
Part 5,evoDJI_0009_frame39,Near Duplicate,pHash < 5,Flagged,Temporal static scene
Part 5,evoDJI_0009_frame41,Near Duplicate,pHash < 5,Flagged,Temporal static scene
Part 5,evoDJI_0009_frame42,Near Duplicate,pHash < 5,Flagged,Temporal static scene
Part 5,evoDJI_0009_frame45,Near Duplicate,pHash < 5,Flagged,Temporal static scene
Part 5,evoDJI_0009_frame46,Near Duplicate,pHash < 5,Flagged,Temporal static scene
Part 5,evoDJI_0009_frame50,Near Duplicate,pHash < 5,Flagged,Temporal static scene
Part 5,evoDJI_0009_frame51,Near Duplicate,pHash < 5,Flagged,Temporal static scene
Part 5,evoDJI_0009_frame52,Near Duplicate,pHash < 5,Flagged,Temporal static scene
Part 5,evoDJI_0009_frame53,Near Duplicate,pHash < 5,Flagged,Temporal static scene
Part 5,evoDJI_0009_frame54,Near Duplicate,pHash < 5,Flagged,Temporal static scene
Part 5,evoDJI_0009_frame55,Near Duplicate,pHash < 5,Flagged,Temporal static scene
Part 5,evoDJI_0009_frame56,Near Duplicate,pHash < 5,Flagged,Temporal static scene
Part 5,evoDJI_0009_frame57,Near Duplicate,pHash < 5,Flagged,Temporal static scene
Part 5,evoDJI_0009_frame58,Near Duplicate,pHash < 5,Flagged,Temporal static scene
Part 5,evoDJI_0009_frame59,Near Duplicate,pHash < 5,Flagged,Temporal static scene
Part 5,evoDJI_0009_frame60,Near Duplicate,pHash < 5,Flagged,Temporal static scene
Part 5,evoDJI_0009_frame61,Near Duplicate,pHash < 5,Flagged,Temporal static scene
Part 5,evoDJI_0009_frame62,Near Duplicate,pHash < 5,Flagged,Temporal static scene
Part 5,evoDJI_0009_frame63,Near Duplicate,pHash < 5,Flagged,Temporal static scene
Part 5,evoDJI_0009_frame64,Near Duplicate,pHash < 5,Flagged,Temporal static scene
Part 5,evoDJI_0009_frame65,Near Duplicate,pHash < 5,Flagged,Temporal static scene
Part 5,evoDJI_0009_frame66,Near Duplicate,pHash < 5,Flagged,Temporal static scene
Part 5,evoDJI_0009_frame67,Near Duplicate,pHash < 5,Flagged,Temporal static scene
Part 5,evoDJI_0009_frame68,Near Duplicate,pHash < 5,Flagged,Temporal static scene
Part 5,evoDJI_0009_frame69,Near Duplicate,pHash < 5,Flagged,Temporal static scene
Part 5,evoDJI_0009_frame70,Near Duplicate,pHash < 5,Flagged,Temporal static scene
Part 5,evoDJI_0009_frame71,Near Duplicate,pHash < 5,Flagged,Temporal static scene
Part 5,evoDJI_0009_frame72,Near Duplicate,pHash < 5,Flagged,Temporal static scene
Part 5,evoDJI_0009_frame73,Near Duplicate,pHash < 5,Flagged,Temporal static scene
Part 5,evoDJI_0009_frame75,Near Duplicate,pHash < 5,Flagged,Temporal static scene
Part 5,evoDJI_0009_frame76,Near Duplicate,pHash < 5,Flagged,Temporal static scene
Part 5,evoDJI_0009_frame77,Near Duplicate,pHash < 5,Flagged,Temporal static scene
Part 5,evoDJI_0009_frame78,Near Duplicate,pHash < 5,Flagged,Temporal static scene
Part 5,evoDJI_0009_frame79,Near Duplicate,pHash < 5,Flagged,Temporal static scene
Part 5,evoDJI_0009_frame80,Near Duplicate,pHash < 5,Flagged,Temporal static scene
Part 5,evoDJI_0009_frame81,Near Duplicate,pHash < 5,Flagged,Temporal static scene
Part 5,evoDJI_0009_frame82,Near Duplicate,pHash < 5,Flagged,Temporal static scene
Part 5,evoDJI_0009_frame83,Near Duplicate,pHash < 5,Flagged,Temporal static scene
Part 5,evoDJI_0009_frame84,Near Duplicate,pHash < 5,Flagged,Temporal static scene
Part 5,evoDJI_0009_frame85,Near Duplicate,pHash < 5,Flagged,Temporal static scene
Part 5,evoDJI_0009_frame86,Near Duplicate,pHash < 5,Flagged,Temporal static scene
Part 5,evoDJI_0009_frame90,Near Duplicate,pHash < 5,Flagged,Temporal static scene
Part 5,evoDJI_0009_frame91,Near Duplicate,pHash < 5,Flagged,Temporal static scene
Part 5,evoDJI_0009_frame92,Near Duplicate,pHash < 5,Flagged,Temporal static scene
Part 5,evoDJI_0009_frame93,Near Duplicate,pHash < 5,Flagged,Temporal static scene
Part 5,evoDJI_0009_frame94,Near Duplicate,pHash < 5,Flagged,Temporal static scene
Part 5,evoDJI_0009_frame95,Near Duplicate,pHash < 5,Flagged,Temporal static scene
Part 5,evoDJI_0009_frame96,Near Duplicate,pHash < 5,Flagged,Temporal static scene
Part 5,evoDJI_0009_frame97,Near Duplicate,pHash < 5,Flagged,Temporal static scene
Part 5,evoDJI_0009_frame98,Near Duplicate,pHash < 5,Flagged,Temporal static scene
Part 5,evoDJI_0009_frame99,Near Duplicate,pHash < 5,Flagged,Temporal static scene
Part 5,evoDJI_0009_frame100,Near Duplicate,pHash < 5,Flagged,Temporal static scene
Part 5,evoDJI_0009_frame101,Near Duplicate,pHash < 5,Flagged,Temporal static scene
Part 5,evoDJI_0009_frame102,Near Duplicate,pHash < 5,Flagged,Temporal static scene
Part 5,evoDJI_0009_frame103,Near Duplicate,pHash < 5,Flagged,Temporal static scene
Part 5,evoDJI_0009_frame104,Near Duplicate,pHash < 5,Flagged,Temporal static scene
Part 5,evoDJI_0009_frame105,Near Duplicate,pHash < 5,Flagged,Temporal static scene
Part 5,evoDJI_0009_frame106,Near Duplicate,pHash < 5,Flagged,Temporal static scene
Part 5,evoDJI_0009_frame107,Near Duplicate,pHash < 5,Flagged,Temporal static scene
Part 5,evoDJI_0009_frame108,Near Duplicate,pHash < 5,Flagged,Temporal static scene
Part 5,evoDJI_0009_frame109,Near Duplicate,pHash < 5,Flagged,Temporal static scene
Part 5,evoDJI_0009_frame110,Near Duplicate,pHash < 5,Flagged,Temporal static scene
Part 5,evoDJI_0009_frame111,Near Duplicate,pHash < 5,Flagged,Temporal static scene
Part 5,evoDJI_0009_frame112,Near Duplicate,pHash < 5,Flagged,Temporal static scene
Part 5,evoDJI_0009_frame113,Near Duplicate,pHash < 5,Flagged,Temporal static scene
Part 5,evoDJI_0009_frame114,Near Duplicate,pHash < 5,Flagged,Temporal static scene
Part 5,evoDJI_0009_frame115,Near Duplicate,pHash < 5,Flagged,Temporal static scene
Part 5,evoDJI_0009_frame116,Near Duplicate,pHash < 5,Flagged,Temporal static scene
Part 5,evoDJI_0009_frame117,Near Duplicate,pHash < 5,Flagged,Temporal static scene
Part 5,evoDJI_0009_frame118,Near Duplicate,pHash < 5,Flagged,Temporal static scene
Part 5,evoDJI_0009_frame119,Near Duplicate,pHash < 5,Flagged,Temporal static scene
Part 5,evoDJI_0009_frame122,Near Duplicate,pHash < 5,Flagged,Temporal static scene
Part 5,evoDJI_0009_frame123,Near Duplicate,pHash < 5,Flagged,Temporal static scene
Part 5,evoDJI_0009_frame124,Near Duplicate,pHash < 5,Flagged,Temporal static scene
Part 5,evoDJI_0009_frame126,Near Duplicate,pHash < 5,Flagged,Temporal static scene
Part 5,evoDJI_0009_frame127,Near Duplicate,pHash < 5,Flagged,Temporal static scene
Part 5,evoDJI_0009_frame128,Near Duplicate,pHash < 5,Flagged,Temporal static scene
Part 5,evoDJI_0009_frame129,Near Duplicate,pHash < 5,Flagged,Temporal static scene
Part 5,evoDJI_0009_frame130,Near Duplicate,pHash < 5,Flagged,Temporal static scene
Part 5,evoDJI_0009_frame131,Near Duplicate,pHash < 5,Flagged,Temporal static scene
Part 5,evoDJI_0009_frame132,Near Duplicate,pHash < 5,Flagged,Temporal static scene
Part 5,evoDJI_0009_frame133,Near Duplicate,pHash < 5,Flagged,Temporal static scene
Part 5,evoDJI_0009_frame134,Near Duplicate,pHash < 5,Flagged,Temporal static scene
Part 5,evoDJI_0009_frame135,Near Duplicate,pHash < 5,Flagged,Temporal static scene
Part 5,evoDJI_0009_frame136,Near Duplicate,pHash < 5,Flagged,Temporal static scene
Part 5,evoDJI_0009_frame137,Near Duplicate,pHash < 5,Flagged,Temporal static scene
Part 5,evoDJI_0009_frame139,Near Duplicate,pHash < 5,Flagged,Temporal static scene
Part 5,evoDJI_0009_frame140,Near Duplicate,pHash < 5,Flagged,Temporal static scene
Part 5,evoDJI_0009_frame141,Near Duplicate,pHash < 5,Flagged,Temporal static scene
Part 5,evoDJI_0009_frame142,Near Duplicate,pHash < 5,Flagged,Temporal static scene
Part 5,evoDJI_0009_frame143,Near Duplicate,pHash < 5,Flagged,Temporal static scene
Part 5,evoDJI_0009_frame144,Near Duplicate,pHash < 5,Flagged,Temporal static scene
Part 5,evoDJI_0009_frame145,Near Duplicate,pHash < 5,Flagged,Temporal static scene
Part 5,evoDJI_0009_frame146,Near Duplicate,pHash < 5,Flagged,Temporal static scene
Part 5,evoDJI_0009_frame147,Near Duplicate,pHash < 5,Flagged,Temporal static scene
Part 5,evoDJI_0009_frame148,Near Duplicate,pHash < 5,Flagged,Temporal static scene
Part 5,evoDJI_0009_frame149,Near Duplicate,pHash < 5,Flagged,Temporal static scene
Part 5,evoDJI_0009_frame150,Near Duplicate,pHash < 5,Flagged,Temporal static scene
Part 5,evoDJI_0009_frame151,Near Duplicate,pHash < 5,Flagged,Temporal static scene
Part 5,evoDJI_0009_frame154,Near Duplicate,pHash < 5,Flagged,Temporal static scene
Part 5,evoDJI_0009_frame155,Near Duplicate,pHash < 5,Flagged,Temporal static scene
Part 5,evoDJI_0009_frame156,Near Duplicate,pHash < 5,Flagged,Temporal static scene
Part 5,evoDJI_0009_frame157,Near Duplicate,pHash < 5,Flagged,Temporal static scene
Part 5,evoDJI_0009_frame158,Near Duplicate,pHash < 5,Flagged,Temporal static scene
Part 5,evoDJI_0009_frame159,Near Duplicate,pHash < 5,Flagged,Temporal static scene
Part 5,evoDJI_0009_frame162,Near Duplicate,pHash < 5,Flagged,Temporal static scene
Part 5,evoDJI_0009_frame163,Near Duplicate,pHash < 5,Flagged,Temporal static scene
Part 5,evoDJI_0009_frame164,Near Duplicate,pHash < 5,Flagged,Temporal static scene
Part 5,evoDJI_0009_frame165,Near Duplicate,pHash < 5,Flagged,Temporal static scene
Part 5,evoDJI_0009_frame166,Near Duplicate,pHash < 5,Flagged,Temporal static scene
Part 5,evoDJI_0009_frame167,Near Duplicate,pHash < 5,Flagged,Temporal static scene
Part 5,evoDJI_0009_frame168,Near Duplicate,pHash < 5,Flagged,Temporal static scene
Part 5,evoDJI_0009_frame169,Near Duplicate,pHash < 5,Flagged,Temporal static scene
Part 5,evoDJI_0009_frame170,Near Duplicate,pHash < 5,Flagged,Temporal static scene
Part 5,evoDJI_0009_frame171,Near Duplicate,pHash < 5,Flagged,Temporal static scene
Part 5,evoDJI_0009_frame172,Near Duplicate,pHash < 5,Flagged,Temporal static scene
Part 5,evoDJI_0009_frame173,Near Duplicate,pHash < 5,Flagged,Temporal static scene
Part 5,evoDJI_0009_frame174,Near Duplicate,pHash < 5,Flagged,Temporal static scene
Part 5,evoDJI_0009_frame175,Near Duplicate,pHash < 5,Flagged,Temporal static scene
Part 5,evoDJI_0009_frame176,Near Duplicate,pHash < 5,Flagged,Temporal static scene
Part 5,evoDJI_0009_frame177,Near Duplicate,pHash < 5,Flagged,Temporal static scene
Part 5,evoDJI_0009_frame178,Near Duplicate,pHash < 5,Flagged,Temporal static scene
Part 5,evoDJI_0009_frame179,Near Duplicate,pHash < 5,Flagged,Temporal static scene
Part 5,evoDJI_0009_frame180,Near Duplicate,pHash < 5,Flagged,Temporal static scene
Part 5,evoDJI_0009_frame181,Near Duplicate,pHash < 5,Flagged,Temporal static scene
Part 5,evoDJI_0009_frame182,Near Duplicate,pHash < 5,Flagged,Temporal static scene
Part 5,evoDJI_0009_frame183,Near Duplicate,pHash < 5,Flagged,Temporal static scene
Part 5,evoDJI_0009_frame184,Near Duplicate,pHash < 5,Flagged,Temporal static scene
Part 5,evoDJI_0009_frame186,Near Duplicate,pHash < 5,Flagged,Temporal static scene
Part 5,evoDJI_0009_frame189,Near Duplicate,pHash < 5,Flagged,Temporal static scene
Part 5,evoDJI_0009_frame190,Near Duplicate,pHash < 5,Flagged,Temporal static scene
Part 5,evoDJI_0009_frame191,Near Duplicate,pHash < 5,Flagged,Temporal static scene
Part 5,evoDJI_0009_frame195,Near Duplicate,pHash < 5,Flagged,Temporal static scene
Part 5,evoDJI_0009_frame198,Near Duplicate,pHash < 5,Flagged,Temporal static scene
Part 5,evoDJI_0009_frame199,Near Duplicate,pHash < 5,Flagged,Temporal static scene
Part 5,evoDJI_0009_frame200,Near Duplicate,pHash < 5,Flagged,Temporal static scene
Part 5,evoDJI_0009_frame201,Near Duplicate,pHash < 5,Flagged,Temporal static scene
Part 5,evoDJI_0009_frame203,Near Duplicate,pHash < 5,Flagged,Temporal static scene
Part 5,evoDJI_0009_frame205,Near Duplicate,pHash < 5,Flagged,Temporal static scene
Part 5,evoDJI_0009_frame206,Near Duplicate,pHash < 5,Flagged,Temporal static scene
Part 5,evoDJI_0009_frame207,Near Duplicate,pHash < 5,Flagged,Temporal static scene
Part 5,evoDJI_0009_frame209,Near Duplicate,pHash < 5,Flagged,Temporal static scene
Part 5,evoDJI_0009_frame213,Near Duplicate,pHash < 5,Flagged,Temporal static scene
Part 5,evoDJI_0009_frame214,Near Duplicate,pHash < 5,Flagged,Temporal static scene
Part 5,evoDJI_0009_frame215,Near Duplicate,pHash < 5,Flagged,Temporal static scene
Part 5,evoDJI_0009_frame216,Near Duplicate,pHash < 5,Flagged,Temporal static scene
Part 5,evoDJI_0009_frame217,Near Duplicate,pHash < 5,Flagged,Temporal static scene
Part 5,evoDJI_0009_frame219,Near Duplicate,pHash < 5,Flagged,Temporal static scene
Part 5,evoDJI_0009_frame221,Near Duplicate,pHash < 5,Flagged,Temporal static scene
Part 5,evoDJI_0009_frame223,Near Duplicate,pHash < 5,Flagged,Temporal static scene
Part 5,evoDJI_0009_frame224,Near Duplicate,pHash < 5,Flagged,Temporal static scene
Part 5,evoDJI_0009_frame226,Near Duplicate,pHash < 5,Flagged,Temporal static scene
Part 5,evoDJI_0009_frame231,Near Duplicate,pHash < 5,Flagged,Temporal static scene
Part 5,evoDJI_0009_frame232,Near Duplicate,pHash < 5,Flagged,Temporal static scene
Part 5,evoDJI_0009_frame233,Near Duplicate,pHash < 5,Flagged,Temporal static scene
Part 5,evoDJI_0009_frame234,Near Duplicate,pHash < 5,Flagged,Temporal static scene
Part 5,evoDJI_0009_frame242,Near Duplicate,pHash < 5,Flagged,Temporal static scene
Part 5,evoDJI_0009_frame243,Near Duplicate,pHash < 5,Flagged,Temporal static scene
Part 5,evoDJI_0009_frame244,Near Duplicate,pHash < 5,Flagged,Temporal static scene
Part 5,evoDJI_0009_frame246,Near Duplicate,pHash < 5,Flagged,Temporal static scene
Part 5,evoDJI_0009_frame247,Near Duplicate,pHash < 5,Flagged,Temporal static scene
Part 5,evoDJI_0009_frame248,Near Duplicate,pHash < 5,Flagged,Temporal static scene
Part 5,evoDJI_0009_frame249,Near Duplicate,pHash < 5,Flagged,Temporal static scene
Part 5,evoDJI_0009_frame250,Near Duplicate,pHash < 5,Flagged,Temporal static scene
Part 5,evoDJI_0009_frame251,Near Duplicate,pHash < 5,Flagged,Temporal static scene
Part 5,evoDJI_0009_frame252,Near Duplicate,pHash < 5,Flagged,Temporal static scene
Part 5,evoDJI_0009_frame253,Near Duplicate,pHash < 5,Flagged,Temporal static scene
Part 5,evoDJI_0009_frame254,Near Duplicate,pHash < 5,Flagged,Temporal static scene
Part 5,evoDJI_0009_frame256,Near Duplicate,pHash < 5,Flagged,Temporal static scene
Part 5,evoDJI_0009_frame260,Near Duplicate,pHash < 5,Flagged,Temporal static scene
Part 5,evoDJI_0009_frame261,Near Duplicate,pHash < 5,Flagged,Temporal static scene
Part 5,evoDJI_0009_frame262,Near Duplicate,pHash < 5,Flagged,Temporal static scene
Part 5,evoDJI_0009_frame265,Near Duplicate,pHash < 5,Flagged,Temporal static scene
Part 5,evoDJI_0009_frame266,Near Duplicate,pHash < 5,Flagged,Temporal static scene
Part 5,evoDJI_0009_frame270,Near Duplicate,pHash < 5,Flagged,Temporal static scene
Part 5,evoDJI_0009_frame271,Near Duplicate,pHash < 5,Flagged,Temporal static scene
Part 5,evoDJI_0009_frame276,Near Duplicate,pHash < 5,Flagged,Temporal static scene
Part 5,evoDJI_0009_frame277,Near Duplicate,pHash < 5,Flagged,Temporal static scene
Part 5,evoDJI_0009_frame279,Near Duplicate,pHash < 5,Flagged,Temporal static scene
Part 5,karkkila_DJI_0020_frame33,Near Duplicate,pHash < 5,Flagged,Temporal static scene
Part 5,karkkila_DJI_0020_frame34,Near Duplicate,pHash < 5,Flagged,Temporal static scene
Part 5,karkkila_DJI_0020_frame37,Near Duplicate,pHash < 5,Flagged,Temporal static scene
Part 5,karkkila_DJI_0020_frame42,Near Duplicate,pHash < 5,Flagged,Temporal static scene
Part 5,karkkila_DJI_0020_frame49,Near Duplicate,pHash < 5,Flagged,Temporal static scene
Part 5,karkkila_DJI_0020_frame54,Near Duplicate,pHash < 5,Flagged,Temporal static scene
Part 5,karkkila_DJI_0020_frame55,Near Duplicate,pHash < 5,Flagged,Temporal static scene
Part 5,karkkila_DJI_0020_frame57,Near Duplicate,pHash < 5,Flagged,Temporal static scene
Part 5,karkkila_DJI_0020_frame59,Near Duplicate,pHash < 5,Flagged,Temporal static scene
Part 5,karkkila_DJI_0020_frame94,Near Duplicate,pHash < 5,Flagged,Temporal static scene
Part 5,karkkila_DJI_0020_frame125,Near Duplicate,pHash < 5,Flagged,Temporal static scene
Part 5,karkkila_DJI_0020_frame126,Near Duplicate,pHash < 5,Flagged,Temporal static scene
Part 5,karkkila_DJI_0020_frame128,Near Duplicate,pHash < 5,Flagged,Temporal static scene
Part 5,karkkila_DJI_0020_frame129,Near Duplicate,pHash < 5,Flagged,Temporal static scene
Part 5,karkkila_DJI_0020_frame133,Near Duplicate,pHash < 5,Flagged,Temporal static scene
Part 5,karkkila_DJI_0020_frame134,Near Duplicate,pHash < 5,Flagged,Temporal static scene
Part 5,karkkila_DJI_0020_frame135,Near Duplicate,pHash < 5,Flagged,Temporal static scene
Part 5,karkkila_DJI_0020_frame136,Near Duplicate,pHash < 5,Flagged,Temporal static scene
Part 5,karkkila_DJI_0020_frame146,Near Duplicate,pHash < 5,Flagged,Temporal static scene
Part 5,karkkila_DJI_0020_frame148,Near Duplicate,pHash < 5,Flagged,Temporal static scene
Part 5,karkkila_DJI_0020_frame149,Near Duplicate,pHash < 5,Flagged,Temporal static scene
Part 5,karkkila_DJI_0020_frame150,Near Duplicate,pHash < 5,Flagged,Temporal static scene
Part 5,karkkila_DJI_0020_frame153,Near Duplicate,pHash < 5,Flagged,Temporal static scene
Part 5,karkkila_DJI_0020_frame154,Near Duplicate,pHash < 5,Flagged,Temporal static scene
Part 5,karkkila_DJI_0020_frame155,Near Duplicate,pHash < 5,Flagged,Temporal static scene
Part 5,karkkila_DJI_0020_frame158,Near Duplicate,pHash < 5,Flagged,Temporal static scene
Part 5,karkkila_DJI_0020_frame162,Near Duplicate,pHash < 5,Flagged,Temporal static scene
Part 5,ruokolahti_DJI_0085_frame1,Near Duplicate,pHash < 5,Flagged,Temporal static scene
Part 5,ruokolahti_DJI_0085_frame2,Near Duplicate,pHash < 5,Flagged,Temporal static scene
Part 5,ruokolahti_DJI_0085_frame3,Near Duplicate,pHash < 5,Flagged,Temporal static scene
Part 5,ruokolahti_DJI_0085_frame4,Near Duplicate,pHash < 5,Flagged,Temporal static scene
Part 5,ruokolahti_DJI_0085_frame6,Near Duplicate,pHash < 5,Flagged,Temporal static scene
Part 5,ruokolahti_DJI_0085_frame7,Near Duplicate,pHash < 5,Flagged,Temporal static scene
Part 5,ruokolahti_DJI_0085_frame8,Near Duplicate,pHash < 5,Flagged,Temporal static scene
Part 5,ruokolahti_DJI_0085_frame9,Near Duplicate,pHash < 5,Flagged,Temporal static scene
Part 5,ruokolahti_DJI_0085_frame10,Near Duplicate,pHash < 5,Flagged,Temporal static scene
Part 5,ruokolahti_DJI_0085_frame14,Near Duplicate,pHash < 5,Flagged,Temporal static scene
Part 5,ruokolahti_DJI_0085_frame15,Near Duplicate,pHash < 5,Flagged,Temporal static scene
Part 5,ruokolahti_DJI_0085_frame16,Near Duplicate,pHash < 5,Flagged,Temporal static scene
Part 5,ruokolahti_DJI_0085_frame19,Near Duplicate,pHash < 5,Flagged,Temporal static scene
Part 5,ruokolahti_DJI_0085_frame20,Near Duplicate,pHash < 5,Flagged,Temporal static scene
Part 5,ruokolahti_DJI_0085_frame22,Near Duplicate,pHash < 5,Flagged,Temporal static scene
Part 5,ruokolahti_DJI_0085_frame23,Near Duplicate,pHash < 5,Flagged,Temporal static scene
Part 5,ruokolahti_DJI_0085_frame24,Near Duplicate,pHash < 5,Flagged,Temporal static scene
Part 5,ruokolahti_DJI_0085_frame25,Near Duplicate,pHash < 5,Flagged,Temporal static scene
Part 5,ruokolahti_DJI_0085_frame26,Near Duplicate,pHash < 5,Flagged,Temporal static scene
Part 5,ruokolahti_DJI_0085_frame28,Near Duplicate,pHash < 5,Flagged,Temporal static scene
Part 5,ruokolahti_DJI_0085_frame29,Near Duplicate,pHash < 5,Flagged,Temporal static scene
Part 5,ruokolahti_DJI_0085_frame30,Near Duplicate,pHash < 5,Flagged,Temporal static scene
Part 5,ruokolahti_DJI_0085_frame31,Near Duplicate,pHash < 5,Flagged,Temporal static scene
Part 5,ruokolahti_DJI_0085_frame33,Near Duplicate,pHash < 5,Flagged,Temporal static scene
Part 5,ruokolahti_DJI_0085_frame35,Near Duplicate,pHash < 5,Flagged,Temporal static scene
Part 5,ruokolahti_DJI_0085_frame36,Near Duplicate,pHash < 5,Flagged,Temporal static scene
Part 5,ruokolahti_DJI_0085_frame37,Near Duplicate,pHash < 5,Flagged,Temporal static scene
Part 5,ruokolahti_DJI_0085_frame38,Near Duplicate,pHash < 5,Flagged,Temporal static scene
Part 5,ruokolahti_DJI_0085_frame39,Near Duplicate,pHash < 5,Flagged,Temporal static scene
Part 5,ruokolahti_DJI_0085_frame41,Near Duplicate,pHash < 5,Flagged,Temporal static scene
Part 5,ruokolahti_DJI_0085_frame42,Near Duplicate,pHash < 5,Flagged,Temporal static scene
Part 5,ruokolahti_DJI_0085_frame43,Near Duplicate,pHash < 5,Flagged,Temporal static scene
Part 5,ruokolahti_DJI_0085_frame44,Near Duplicate,pHash < 5,Flagged,Temporal static scene
Part 5,ruokolahti_DJI_0085_frame45,Near Duplicate,pHash < 5,Flagged,Temporal static scene
Part 5,ruokolahti_DJI_0085_frame47,Near Duplicate,pHash < 5,Flagged,Temporal static scene
Part 5,ruokolahti_DJI_0085_frame48,Near Duplicate,pHash < 5,Flagged,Temporal static scene
Part 5,ruokolahti_DJI_0085_frame49,Near Duplicate,pHash < 5,Flagged,Temporal static scene
Part 5,ruokolahti_DJI_0085_frame50,Near Duplicate,pHash < 5,Flagged,Temporal static scene
Part 5,ruokolahti_DJI_0085_frame51,Near Duplicate,pHash < 5,Flagged,Temporal static scene
Part 5,ruokolahti_DJI_0085_frame52,Near Duplicate,pHash < 5,Flagged,Temporal static scene
Part 5,ruokolahti_DJI_0085_frame53,Near Duplicate,pHash < 5,Flagged,Temporal static scene
Part 5,ruokolahti_DJI_0085_frame54,Near Duplicate,pHash < 5,Flagged,Temporal static scene
Part 5,ruokolahti_DJI_0085_frame55,Near Duplicate,pHash < 5,Flagged,Temporal static scene
Part 5,ruokolahti_DJI_0085_frame59,Near Duplicate,pHash < 5,Flagged,Temporal static scene
Part 5,ruokolahti_DJI_0085_frame60,Near Duplicate,pHash < 5,Flagged,Temporal static scene
Part 5,ruokolahti_DJI_0085_frame61,Near Duplicate,pHash < 5,Flagged,Temporal static scene
Part 5,ruokolahti_DJI_0085_frame68,Near Duplicate,pHash < 5,Flagged,Temporal static scene
Part 5,ruokolahti_DJI_0085_frame69,Near Duplicate,pHash < 5,Flagged,Temporal static scene
Part 5,ruokolahti_DJI_0085_frame70,Near Duplicate,pHash < 5,Flagged,Temporal static scene
Part 5,ruokolahti_DJI_0085_frame71,Near Duplicate,pHash < 5,Flagged,Temporal static scene
Part 5,ruokolahti_DJI_0085_frame73,Near Duplicate,pHash < 5,Flagged,Temporal static scene
Part 5,ruokolahti_DJI_0085_frame76,Near Duplicate,pHash < 5,Flagged,Temporal static scene
Part 5,ruokolahti_DJI_0085_frame77,Near Duplicate,pHash < 5,Flagged,Temporal static scene
Part 5,ruokolahti_DJI_0085_frame78,Near Duplicate,pHash < 5,Flagged,Temporal static scene
Part 5,ruokolahti_DJI_0085_frame79,Near Duplicate,pHash < 5,Flagged,Temporal static scene
Part 5,ruokolahti_DJI_0085_frame80,Near Duplicate,pHash < 5,Flagged,Temporal static scene
Part 5,ruokolahti_DJI_0085_frame81,Near Duplicate,pHash < 5,Flagged,Temporal static scene
Part 5,ruokolahti_DJI_0085_frame83,Near Duplicate,pHash < 5,Flagged,Temporal static scene
Part 5,ruokolahti_DJI_0085_frame85,Near Duplicate,pHash < 5,Flagged,Temporal static scene
Part 5,ruokolahti_DJI_0085_frame88,Near Duplicate,pHash < 5,Flagged,Temporal static scene
Part 5,ruokolahti_DJI_0085_frame89,Near Duplicate,pHash < 5,Flagged,Temporal static scene
Part 5,ruokolahti_DJI_0085_frame92,Near Duplicate,pHash < 5,Flagged,Temporal static scene
Part 5,ruokolahti_DJI_0085_frame96,Near Duplicate,pHash < 5,Flagged,Temporal static scene
Part 5,ruokolahti_DJI_0085_frame111,Near Duplicate,pHash < 5,Flagged,Temporal static scene
Part 5,ruokolahti_DJI_0085_frame112,Near Duplicate,pHash < 5,Flagged,Temporal static scene
Part 5,ruokolahti_DJI_0085_frame117,Near Duplicate,pHash < 5,Flagged,Temporal static scene
Part 5,ruokolahti_DJI_0085_frame124,Near Duplicate,pHash < 5,Flagged,Temporal static scene
Part 5,ruokolahti_DJI_0085_frame132,Near Duplicate,pHash < 5,Flagged,Temporal static scene
Part 5,ruokolahti_DJI_0085_frame135,Near Duplicate,pHash < 5,Flagged,Temporal static scene
Part 5,ruokolahti_DJI_0085_frame141,Near Duplicate,pHash < 5,Flagged,Temporal static scene
Part 5,ruokolahti_DJI_0085_frame143,Near Duplicate,pHash < 5,Flagged,Temporal static scene
Part 5,ruokolahti_DJI_0085_frame144,Near Duplicate,pHash < 5,Flagged,Temporal static scene
Part 5,ruokolahti_DJI_0085_frame146,Near Duplicate,pHash < 5,Flagged,Temporal static scene
Part 5,ruokolahti_DJI_0085_frame147,Near Duplicate,pHash < 5,Flagged,Temporal static scene
Part 5,ruokolahti_DJI_0085_frame154,Near Duplicate,pHash < 5,Flagged,Temporal static scene
Part 5,ruokolahti_DJI_0085_frame155,Near Duplicate,pHash < 5,Flagged,Temporal static scene
Part 5,ruokolahti_DJI_0085_frame157,Near Duplicate,pHash < 5,Flagged,Temporal static scene
Part 5,ruokolahti_DJI_0085_frame162,Near Duplicate,pHash < 5,Flagged,Temporal static scene
Part 5,ruokolahti_DJI_0085_frame163,Near Duplicate,pHash < 5,Flagged,Temporal static scene
Part 5,ruokolahti_DJI_0085_frame164,Near Duplicate,pHash < 5,Flagged,Temporal static scene
Part 5,ruokolahti_DJI_0085_frame166,Near Duplicate,pHash < 5,Flagged,Temporal static scene
Part 5,ruokolahti_DJI_0085_frame168,Near Duplicate,pHash < 5,Flagged,Temporal static scene
Part 5,ruokolahti_DJI_0085_frame169,Near Duplicate,pHash < 5,Flagged,Temporal static scene
Part 5,ruokolahti_DJI_0085_frame171,Near Duplicate,pHash < 5,Flagged,Temporal static scene
Part 5,ruokolahti_DJI_0085_frame172,Near Duplicate,pHash < 5,Flagged,Temporal static scene
Part 5,ruokolahti_DJI_0085_frame174,Near Duplicate,pHash < 5,Flagged,Temporal static scene
Part 5,ruokolahti_DJI_0088_frame1,Near Duplicate,pHash < 5,Flagged,Temporal static scene
Part 5,ruokolahti_DJI_0088_frame2,Near Duplicate,pHash < 5,Flagged,Temporal static scene
Part 5,ruokolahti_DJI_0088_frame3,Near Duplicate,pHash < 5,Flagged,Temporal static scene
Part 5,ruokolahti_DJI_0088_frame4,Near Duplicate,pHash < 5,Flagged,Temporal static scene
Part 5,ruokolahti_DJI_0088_frame5,Near Duplicate,pHash < 5,Flagged,Temporal static scene
Part 5,ruokolahti_DJI_0088_frame6,Near Duplicate,pHash < 5,Flagged,Temporal static scene
Part 5,ruokolahti_DJI_0088_frame7,Near Duplicate,pHash < 5,Flagged,Temporal static scene
Part 5,ruokolahti_DJI_0088_frame8,Near Duplicate,pHash < 5,Flagged,Temporal static scene
Part 5,ruokolahti_DJI_0088_frame9,Near Duplicate,pHash < 5,Flagged,Temporal static scene
Part 5,ruokolahti_DJI_0088_frame10,Near Duplicate,pHash < 5,Flagged,Temporal static scene
Part 5,ruokolahti_DJI_0088_frame11,Near Duplicate,pHash < 5,Flagged,Temporal static scene
Part 5,ruokolahti_DJI_0088_frame12,Near Duplicate,pHash < 5,Flagged,Temporal static scene
Part 5,ruokolahti_DJI_0088_frame13,Near Duplicate,pHash < 5,Flagged,Temporal static scene
Part 5,ruokolahti_DJI_0088_frame14,Near Duplicate,pHash < 5,Flagged,Temporal static scene
Part 5,ruokolahti_DJI_0088_frame15,Near Duplicate,pHash < 5,Flagged,Temporal static scene
Part 5,ruokolahti_DJI_0088_frame16,Near Duplicate,pHash < 5,Flagged,Temporal static scene
Part 5,ruokolahti_DJI_0088_frame18,Near Duplicate,pHash < 5,Flagged,Temporal static scene
Part 5,ruokolahti_DJI_0088_frame19,Near Duplicate,pHash < 5,Flagged,Temporal static scene
Part 5,ruokolahti_DJI_0088_frame20,Near Duplicate,pHash < 5,Flagged,Temporal static scene
Part 5,ruokolahti_DJI_0088_frame21,Near Duplicate,pHash < 5,Flagged,Temporal static scene
Part 5,ruokolahti_DJI_0088_frame22,Near Duplicate,pHash < 5,Flagged,Temporal static scene
Part 5,ruokolahti_DJI_0088_frame23,Near Duplicate,pHash < 5,Flagged,Temporal static scene
Part 5,ruokolahti_DJI_0088_frame24,Near Duplicate,pHash < 5,Flagged,Temporal static scene
Part 5,ruokolahti_DJI_0088_frame25,Near Duplicate,pHash < 5,Flagged,Temporal static scene
Part 5,ruokolahti_DJI_0088_frame26,Near Duplicate,pHash < 5,Flagged,Temporal static scene
Part 5,ruokolahti_DJI_0088_frame27,Near Duplicate,pHash < 5,Flagged,Temporal static scene
Part 5,ruokolahti_DJI_0088_frame28,Near Duplicate,pHash < 5,Flagged,Temporal static scene
Part 5,ruokolahti_DJI_0088_frame29,Near Duplicate,pHash < 5,Flagged,Temporal static scene
Part 5,ruokolahti_DJI_0088_frame30,Near Duplicate,pHash < 5,Flagged,Temporal static scene
Part 5,ruokolahti_DJI_0088_frame31,Near Duplicate,pHash < 5,Flagged,Temporal static scene
Part 5,ruokolahti_DJI_0088_frame32,Near Duplicate,pHash < 5,Flagged,Temporal static scene
Part 5,ruokolahti_DJI_0088_frame33,Near Duplicate,pHash < 5,Flagged,Temporal static scene
Part 5,ruokolahti_DJI_0088_frame34,Near Duplicate,pHash < 5,Flagged,Temporal static scene
Part 5,ruokolahti_DJI_0088_frame35,Near Duplicate,pHash < 5,Flagged,Temporal static scene
Part 5,ruokolahti_DJI_0088_frame36,Near Duplicate,pHash < 5,Flagged,Temporal static scene
Part 5,ruokolahti_DJI_0088_frame37,Near Duplicate,pHash < 5,Flagged,Temporal static scene
Part 5,ruokolahti_DJI_0088_frame38,Near Duplicate,pHash < 5,Flagged,Temporal static scene
Part 5,ruokolahti_DJI_0088_frame39,Near Duplicate,pHash < 5,Flagged,Temporal static scene
Part 5,ruokolahti_DJI_0088_frame40,Near Duplicate,pHash < 5,Flagged,Temporal static scene
Part 5,ruokolahti_DJI_0088_frame41,Near Duplicate,pHash < 5,Flagged,Temporal static scene
Part 5,ruokolahti_DJI_0088_frame42,Near Duplicate,pHash < 5,Flagged,Temporal static scene
Part 5,ruokolahti_DJI_0088_frame43,Near Duplicate,pHash < 5,Flagged,Temporal static scene
Part 5,ruokolahti_DJI_0088_frame44,Near Duplicate,pHash < 5,Flagged,Temporal static scene
Part 5,ruokolahti_DJI_0088_frame45,Near Duplicate,pHash < 5,Flagged,Temporal static scene
Part 5,ruokolahti_DJI_0088_frame46,Near Duplicate,pHash < 5,Flagged,Temporal static scene
Part 5,ruokolahti_DJI_0088_frame47,Near Duplicate,pHash < 5,Flagged,Temporal static scene
Part 5,ruokolahti_DJI_0088_frame48,Near Duplicate,pHash < 5,Flagged,Temporal static scene
Part 5,ruokolahti_DJI_0088_frame49,Near Duplicate,pHash < 5,Flagged,Temporal static scene
Part 5,ruokolahti_DJI_0088_frame50,Near Duplicate,pHash < 5,Flagged,Temporal static scene
Part 5,ruokolahti_DJI_0088_frame51,Near Duplicate,pHash < 5,Flagged,Temporal static scene
Part 5,ruokolahti_DJI_0088_frame52,Near Duplicate,pHash < 5,Flagged,Temporal static scene
Part 5,ruokolahti_DJI_0088_frame53,Near Duplicate,pHash < 5,Flagged,Temporal static scene
Part 5,ruokolahti_DJI_0088_frame54,Near Duplicate,pHash < 5,Flagged,Temporal static scene
Part 5,ruokolahti_DJI_0088_frame55,Near Duplicate,pHash < 5,Flagged,Temporal static scene
Part 5,ruokolahti_DJI_0088_frame56,Near Duplicate,pHash < 5,Flagged,Temporal static scene
Part 5,ruokolahti_DJI_0088_frame57,Near Duplicate,pHash < 5,Flagged,Temporal static scene
Part 5,ruokolahti_DJI_0088_frame58,Near Duplicate,pHash < 5,Flagged,Temporal static scene
Part 5,ruokolahti_DJI_0088_frame59,Near Duplicate,pHash < 5,Flagged,Temporal static scene
Part 5,ruokolahti_DJI_0088_frame60,Near Duplicate,pHash < 5,Flagged,Temporal static scene
Part 5,ruokolahti_DJI_0088_frame61,Near Duplicate,pHash < 5,Flagged,Temporal static scene
Part 5,ruokolahti_DJI_0088_frame63,Near Duplicate,pHash < 5,Flagged,Temporal static scene
Part 5,ruokolahti_DJI_0088_frame64,Near Duplicate,pHash < 5,Flagged,Temporal static scene
Part 5,ruokolahti_DJI_0088_frame65,Near Duplicate,pHash < 5,Flagged,Temporal static scene
Part 5,ruokolahti_DJI_0088_frame66,Near Duplicate,pHash < 5,Flagged,Temporal static scene
Part 5,ruokolahti_DJI_0088_frame67,Near Duplicate,pHash < 5,Flagged,Temporal static scene
Part 5,ruokolahti_DJI_0088_frame68,Near Duplicate,pHash < 5,Flagged,Temporal static scene
Part 5,ruokolahti_DJI_0088_frame69,Near Duplicate,pHash < 5,Flagged,Temporal static scene
Part 5,ruokolahti_DJI_0088_frame70,Near Duplicate,pHash < 5,Flagged,Temporal static scene
Part 5,ruokolahti_DJI_0088_frame71,Near Duplicate,pHash < 5,Flagged,Temporal static scene
Part 5,ruokolahti_DJI_0088_frame72,Near Duplicate,pHash < 5,Flagged,Temporal static scene
Part 5,ruokolahti_DJI_0088_frame73,Near Duplicate,pHash < 5,Flagged,Temporal static scene
Part 5,ruokolahti_DJI_0088_frame74,Near Duplicate,pHash < 5,Flagged,Temporal static scene
Part 5,ruokolahti_DJI_0088_frame75,Near Duplicate,pHash < 5,Flagged,Temporal static scene
Part 5,ruokolahti_DJI_0088_frame76,Near Duplicate,pHash < 5,Flagged,Temporal static scene
Part 5,ruokolahti_DJI_0088_frame77,Near Duplicate,pHash < 5,Flagged,Temporal static scene
Part 5,ruokolahti_DJI_0088_frame78,Near Duplicate,pHash < 5,Flagged,Temporal static scene
Part 5,ruokolahti_DJI_0088_frame79,Near Duplicate,pHash < 5,Flagged,Temporal static scene
Part 5,ruokolahti_DJI_0088_frame80,Near Duplicate,pHash < 5,Flagged,Temporal static scene
Part 5,ruokolahti_DJI_0088_frame81,Near Duplicate,pHash < 5,Flagged,Temporal static scene
Part 5,ruokolahti_DJI_0088_frame82,Near Duplicate,pHash < 5,Flagged,Temporal static scene
Part 5,ruokolahti_DJI_0088_frame83,Near Duplicate,pHash < 5,Flagged,Temporal static scene
Part 5,ruokolahti_DJI_0088_frame84,Near Duplicate,pHash < 5,Flagged,Temporal static scene
Part 5,ruokolahti_DJI_0088_frame85,Near Duplicate,pHash < 5,Flagged,Temporal static scene
Part 5,ruokolahti_DJI_0088_frame86,Near Duplicate,pHash < 5,Flagged,Temporal static scene
Part 5,ruokolahti_DJI_0088_frame87,Near Duplicate,pHash < 5,Flagged,Temporal static scene
Part 5,ruokolahti_DJI_0088_frame88,Near Duplicate,pHash < 5,Flagged,Temporal static scene
Part 5,ruokolahti_DJI_0088_frame89,Near Duplicate,pHash < 5,Flagged,Temporal static scene
Part 5,ruokolahti_DJI_0088_frame90,Near Duplicate,pHash < 5,Flagged,Temporal static scene
Part 5,ruokolahti_DJI_0088_frame91,Near Duplicate,pHash < 5,Flagged,Temporal static scene
Part 5,ruokolahti_DJI_0088_frame92,Near Duplicate,pHash < 5,Flagged,Temporal static scene
Part 5,ruokolahti_DJI_0088_frame93,Near Duplicate,pHash < 5,Flagged,Temporal static scene
Part 5,ruokolahti_DJI_0088_frame94,Near Duplicate,pHash < 5,Flagged,Temporal static scene
Part 5,ruokolahti_DJI_0088_frame95,Near Duplicate,pHash < 5,Flagged,Temporal static scene
Part 5,ruokolahti_DJI_0088_frame96,Near Duplicate,pHash < 5,Flagged,Temporal static scene
Part 5,ruokolahti_DJI_0088_frame97,Near Duplicate,pHash < 5,Flagged,Temporal static scene
Part 5,ruokolahti_DJI_0088_frame98,Near Duplicate,pHash < 5,Flagged,Temporal static scene
Part 5,ruokolahti_DJI_0088_frame99,Near Duplicate,pHash < 5,Flagged,Temporal static scene
Part 5,ruokolahti_DJI_0088_frame100,Near Duplicate,pHash < 5,Flagged,Temporal static scene
Part 5,ruokolahti_DJI_0088_frame101,Near Duplicate,pHash < 5,Flagged,Temporal static scene
Part 5,ruokolahti_DJI_0088_frame102,Near Duplicate,pHash < 5,Flagged,Temporal static scene
Part 5,ruokolahti_DJI_0088_frame103,Near Duplicate,pHash < 5,Flagged,Temporal static scene
Part 5,ruokolahti_DJI_0088_frame104,Near Duplicate,pHash < 5,Flagged,Temporal static scene
Part 5,ruokolahti_DJI_0088_frame105,Near Duplicate,pHash < 5,Flagged,Temporal static scene
Part 5,ruokolahti_DJI_0088_frame106,Near Duplicate,pHash < 5,Flagged,Temporal static scene
Part 5,ruokolahti_DJI_0088_frame107,Near Duplicate,pHash < 5,Flagged,Temporal static scene
Part 5,ruokolahti_DJI_0088_frame108,Near Duplicate,pHash < 5,Flagged,Temporal static scene
Part 5,ruokolahti_DJI_0088_frame109,Near Duplicate,pHash < 5,Flagged,Temporal static scene
Part 5,ruokolahti_DJI_0088_frame110,Near Duplicate,pHash < 5,Flagged,Temporal static scene
Part 5,ruokolahti_DJI_0088_frame111,Near Duplicate,pHash < 5,Flagged,Temporal static scene
Part 5,ruokolahti_DJI_0088_frame112,Near Duplicate,pHash < 5,Flagged,Temporal static scene
Part 5,ruokolahti_DJI_0088_frame113,Near Duplicate,pHash < 5,Flagged,Temporal static scene
Part 5,ruokolahti_DJI_0088_frame114,Near Duplicate,pHash < 5,Flagged,Temporal static scene
Part 5,ruokolahti_DJI_0088_frame115,Near Duplicate,pHash < 5,Flagged,Temporal static scene
Part 5,ruokolahti_DJI_0088_frame116,Near Duplicate,pHash < 5,Flagged,Temporal static scene
Part 5,ruokolahti_DJI_0088_frame117,Near Duplicate,pHash < 5,Flagged,Temporal static scene
Part 5,ruokolahti_DJI_0088_frame118,Near Duplicate,pHash < 5,Flagged,Temporal static scene
Part 5,ruokolahti_DJI_0088_frame119,Near Duplicate,pHash < 5,Flagged,Temporal static scene
Part 5,ruokolahti_DJI_0088_frame120,Near Duplicate,pHash < 5,Flagged,Temporal static scene
Part 5,ruokolahti_DJI_0088_frame121,Near Duplicate,pHash < 5,Flagged,Temporal static scene
Part 5,ruokolahti_DJI_0088_frame122,Near Duplicate,pHash < 5,Flagged,Temporal static scene
Part 5,ruokolahti_DJI_0088_frame123,Near Duplicate,pHash < 5,Flagged,Temporal static scene
Part 5,ruokolahti_DJI_0088_frame124,Near Duplicate,pHash < 5,Flagged,Temporal static scene
Part 5,ruokolahti_DJI_0088_frame125,Near Duplicate,pHash < 5,Flagged,Temporal static scene
Part 5,ruokolahti_DJI_0088_frame126,Near Duplicate,pHash < 5,Flagged,Temporal static scene
Part 5,ruokolahti_DJI_0088_frame127,Near Duplicate,pHash < 5,Flagged,Temporal static scene
Part 5,ruokolahti_DJI_0088_frame128,Near Duplicate,pHash < 5,Flagged,Temporal static scene
Part 5,ruokolahti_DJI_0088_frame129,Near Duplicate,pHash < 5,Flagged,Temporal static scene
Part 5,ruokolahti_DJI_0088_frame130,Near Duplicate,pHash < 5,Flagged,Temporal static scene
Part 5,ruokolahti_DJI_0088_frame131,Near Duplicate,pHash < 5,Flagged,Temporal static scene
Part 5,ruokolahti_DJI_0088_frame132,Near Duplicate,pHash < 5,Flagged,Temporal static scene
Part 5,ruokolahti_DJI_0088_frame133,Near Duplicate,pHash < 5,Flagged,Temporal static scene
Part 5,ruokolahti_DJI_0088_frame134,Near Duplicate,pHash < 5,Flagged,Temporal static scene
Part 5,ruokolahti_DJI_0088_frame135,Near Duplicate,pHash < 5,Flagged,Temporal static scene
Part 5,ruokolahti_DJI_0088_frame136,Near Duplicate,pHash < 5,Flagged,Temporal static scene
Part 5,ruokolahti_DJI_0088_frame137,Near Duplicate,pHash < 5,Flagged,Temporal static scene
Part 5,ruokolahti_DJI_0088_frame138,Near Duplicate,pHash < 5,Flagged,Temporal static scene
Part 5,ruokolahti_DJI_0088_frame139,Near Duplicate,pHash < 5,Flagged,Temporal static scene
Part 5,ruokolahti_DJI_0088_frame140,Near Duplicate,pHash < 5,Flagged,Temporal static scene
Part 5,ruokolahti_DJI_0088_frame141,Near Duplicate,pHash < 5,Flagged,Temporal static scene
Part 5,ruokolahti_DJI_0088_frame142,Near Duplicate,pHash < 5,Flagged,Temporal static scene
Part 5,ruokolahti_DJI_0088_frame143,Near Duplicate,pHash < 5,Flagged,Temporal static scene
Part 5,ruokolahti_DJI_0088_frame144,Near Duplicate,pHash < 5,Flagged,Temporal static scene
Part 5,ruokolahti_DJI_0088_frame145,Near Duplicate,pHash < 5,Flagged,Temporal static scene
Part 5,ruokolahti_DJI_0088_frame146,Near Duplicate,pHash < 5,Flagged,Temporal static scene
Part 5,ruokolahti_DJI_0088_frame147,Near Duplicate,pHash < 5,Flagged,Temporal static scene
Part 5,ruokolahti_DJI_0088_frame149,Near Duplicate,pHash < 5,Flagged,Temporal static scene
Part 5,ruokolahti_DJI_0088_frame150,Near Duplicate,pHash < 5,Flagged,Temporal static scene
Part 5,ruokolahti_DJI_0088_frame151,Near Duplicate,pHash < 5,Flagged,Temporal static scene
Part 5,ruokolahti_DJI_0088_frame152,Near Duplicate,pHash < 5,Flagged,Temporal static scene
Part 5,ruokolahti_DJI_0088_frame153,Near Duplicate,pHash < 5,Flagged,Temporal static scene
Part 5,ruokolahti_DJI_0088_frame154,Near Duplicate,pHash < 5,Flagged,Temporal static scene
Part 5,ruokolahti_DJI_0088_frame155,Near Duplicate,pHash < 5,Flagged,Temporal static scene
Part 5,ruokolahti_DJI_0088_frame156,Near Duplicate,pHash < 5,Flagged,Temporal static scene
Part 5,ruokolahti_DJI_0088_frame157,Near Duplicate,pHash < 5,Flagged,Temporal static scene
Part 5,ruokolahti_DJI_0088_frame158,Near Duplicate,pHash < 5,Flagged,Temporal static scene
Part 5,ruokolahti_DJI_0088_frame159,Near Duplicate,pHash < 5,Flagged,Temporal static scene
Part 5,ruokolahti_DJI_0088_frame160,Near Duplicate,pHash < 5,Flagged,Temporal static scene
Part 5,ruokolahti_DJI_0088_frame161,Near Duplicate,pHash < 5,Flagged,Temporal static scene
Part 5,ruokolahti_DJI_0088_frame162,Near Duplicate,pHash < 5,Flagged,Temporal static scene
Part 5,ruokolahti_DJI_0088_frame163,Near Duplicate,pHash < 5,Flagged,Temporal static scene
Part 5,ruokolahti_DJI_0088_frame164,Near Duplicate,pHash < 5,Flagged,Temporal static scene
Part 5,ruokolahti_DJI_0088_frame165,Near Duplicate,pHash < 5,Flagged,Temporal static scene
Part 5,ruokolahti_DJI_0088_frame166,Near Duplicate,pHash < 5,Flagged,Temporal static scene
Part 5,ruokolahti_DJI_0088_frame167,Near Duplicate,pHash < 5,Flagged,Temporal static scene
Part 5,ruokolahti_DJI_0088_frame168,Near Duplicate,pHash < 5,Flagged,Temporal static scene
Part 5,ruokolahti_DJI_0088_frame169,Near Duplicate,pHash < 5,Flagged,Temporal static scene
Part 5,ruokolahti_DJI_0088_frame170,Near Duplicate,pHash < 5,Flagged,Temporal static scene
Part 5,ruokolahti_DJI_0088_frame171,Near Duplicate,pHash < 5,Flagged,Temporal static scene
Part 5,ruokolahti_DJI_0088_frame172,Near Duplicate,pHash < 5,Flagged,Temporal static scene
Part 5,ruokolahti_DJI_0088_frame173,Near Duplicate,pHash < 5,Flagged,Temporal static scene
Part 5,ruokolahti_DJI_0088_frame174,Near Duplicate,pHash < 5,Flagged,Temporal static scene
Part 5,ruokolahti_DJI_0088_frame175,Near Duplicate,pHash < 5,Flagged,Temporal static scene
Part 5,ruokolahti_DJI_0088_frame176,Near Duplicate,pHash < 5,Flagged,Temporal static scene
Part 5,ruokolahti_DJI_0088_frame177,Near Duplicate,pHash < 5,Flagged,Temporal static scene
Part 5,ruokolahti_DJI_0088_frame178,Near Duplicate,pHash < 5,Flagged,Temporal static scene
Part 5,ruokolahti_DJI_0088_frame179,Near Duplicate,pHash < 5,Flagged,Temporal static scene
Part 5,ruokolahti_DJI_0088_frame180,Near Duplicate,pHash < 5,Flagged,Temporal static scene
Part 5,ruokolahti_DJI_0088_frame181,Near Duplicate,pHash < 5,Flagged,Temporal static scene
Part 5,ruokolahti_DJI_0088_frame182,Near Duplicate,pHash < 5,Flagged,Temporal static scene
Part 5,ruokolahti_DJI_0088_frame183,Near Duplicate,pHash < 5,Flagged,Temporal static scene
Part 5,ruokolahti_DJI_0088_frame184,Near Duplicate,pHash < 5,Flagged,Temporal static scene
Part 5,ruokolahti_DJI_0088_frame185,Near Duplicate,pHash < 5,Flagged,Temporal static scene
Part 5,ruokolahti_DJI_0088_frame186,Near Duplicate,pHash < 5,Flagged,Temporal static scene
Part 5,ruokolahti_DJI_0088_frame187,Near Duplicate,pHash < 5,Flagged,Temporal static scene
Part 5,ruokolahti_DJI_0088_frame188,Near Duplicate,pHash < 5,Flagged,Temporal static scene
Part 5,ruokolahti_DJI_0088_frame189,Near Duplicate,pHash < 5,Flagged,Temporal static scene
Part 5,ruokolahti_DJI_0088_frame190,Near Duplicate,pHash < 5,Flagged,Temporal static scene
Part 5,ruokolahti_DJI_0088_frame191,Near Duplicate,pHash < 5,Flagged,Temporal static scene
Part 5,ruokolahti_DJI_0088_frame192,Near Duplicate,pHash < 5,Flagged,Temporal static scene
Part 5,ruokolahti_DJI_0088_frame194,Near Duplicate,pHash < 5,Flagged,Temporal static scene
Part 5,ruokolahti_DJI_0088_frame195,Near Duplicate,pHash < 5,Flagged,Temporal static scene
Part 5,ruokolahti_DJI_0088_frame196,Near Duplicate,pHash < 5,Flagged,Temporal static scene
Part 5,ruokolahti_DJI_0088_frame197,Near Duplicate,pHash < 5,Flagged,Temporal static scene
Part 5,ruokolahti_DJI_0088_frame198,Near Duplicate,pHash < 5,Flagged,Temporal static scene
Part 5,ruokolahti_DJI_0088_frame199,Near Duplicate,pHash < 5,Flagged,Temporal static scene
Part 5,ruokolahti_DJI_0088_frame200,Near Duplicate,pHash < 5,Flagged,Temporal static scene
Part 5,ruokolahti_DJI_0088_frame201,Near Duplicate,pHash < 5,Flagged,Temporal static scene
Part 5,ruokolahti_DJI_0088_frame202,Near Duplicate,pHash < 5,Flagged,Temporal static scene
Part 5,ruokolahti_DJI_0088_frame203,Near Duplicate,pHash < 5,Flagged,Temporal static scene
Part 5,ruokolahti_DJI_0088_frame204,Near Duplicate,pHash < 5,Flagged,Temporal static scene
Part 5,ruokolahti_DJI_0088_frame205,Near Duplicate,pHash < 5,Flagged,Temporal static scene
Part 5,ruokolahti_DJI_0088_frame206,Near Duplicate,pHash < 5,Flagged,Temporal static scene
Part 5,ruokolahti_DJI_0088_frame207,Near Duplicate,pHash < 5,Flagged,Temporal static scene
Part 5,ruokolahti_DJI_0088_frame208,Near Duplicate,pHash < 5,Flagged,Temporal static scene
Part 5,ruokolahti_DJI_0088_frame209,Near Duplicate,pHash < 5,Flagged,Temporal static scene
Part 5,ruokolahti_DJI_0088_frame210,Near Duplicate,pHash < 5,Flagged,Temporal static scene
Part 5,ruokolahti_DJI_0088_frame211,Near Duplicate,pHash < 5,Flagged,Temporal static scene
Part 5,ruokolahti_DJI_0088_frame212,Near Duplicate,pHash < 5,Flagged,Temporal static scene
Part 5,ruokolahti_DJI_0088_frame213,Near Duplicate,pHash < 5,Flagged,Temporal static scene
Part 5,ruokolahti_DJI_0088_frame214,Near Duplicate,pHash < 5,Flagged,Temporal static scene
Part 5,ruokolahti_DJI_0088_frame215,Near Duplicate,pHash < 5,Flagged,Temporal static scene
Part 5,ruokolahti_DJI_0088_frame216,Near Duplicate,pHash < 5,Flagged,Temporal static scene
Part 5,ruokolahti_DJI_0088_frame217,Near Duplicate,pHash < 5,Flagged,Temporal static scene
Part 5,ruokolahti_DJI_0088_frame218,Near Duplicate,pHash < 5,Flagged,Temporal static scene
Part 5,ruokolahti_DJI_0088_frame219,Near Duplicate,pHash < 5,Flagged,Temporal static scene
Part 5,ruokolahti_DJI_0088_frame220,Near Duplicate,pHash < 5,Flagged,Temporal static scene
Part 5,ruokolahti_DJI_0088_frame221,Near Duplicate,pHash < 5,Flagged,Temporal static scene
Part 5,ruokolahti_DJI_0088_frame222,Near Duplicate,pHash < 5,Flagged,Temporal static scene
Part 5,ruokolahti_DJI_0088_frame223,Near Duplicate,pHash < 5,Flagged,Temporal static scene
Part 5,ruokolahti_DJI_0088_frame224,Near Duplicate,pHash < 5,Flagged,Temporal static scene
Part 5,ruokolahti_DJI_0088_frame225,Near Duplicate,pHash < 5,Flagged,Temporal static scene
Part 5,ruokolahti_DJI_0088_frame226,Near Duplicate,pHash < 5,Flagged,Temporal static scene
Part 5,ruokolahti_DJI_0088_frame227,Near Duplicate,pHash < 5,Flagged,Temporal static scene
Part 5,ruokolahti_DJI_0088_frame228,Near Duplicate,pHash < 5,Flagged,Temporal static scene
Part 5,ruokolahti_DJI_0088_frame229,Near Duplicate,pHash < 5,Flagged,Temporal static scene
Part 5,ruokolahti_DJI_0088_frame230,Near Duplicate,pHash < 5,Flagged,Temporal static scene
Part 5,ruokolahti_DJI_0088_frame231,Near Duplicate,pHash < 5,Flagged,Temporal static scene
Part 5,ruokolahti_DJI_0088_frame232,Near Duplicate,pHash < 5,Flagged,Temporal static scene
Part 5,ruokolahti_DJI_0088_frame233,Near Duplicate,pHash < 5,Flagged,Temporal static scene
Part 5,ruokolahti_DJI_0088_frame234,Near Duplicate,pHash < 5,Flagged,Temporal static scene
Part 5,ruokolahti_DJI_0088_frame235,Near Duplicate,pHash < 5,Flagged,Temporal static scene
Part 5,ruokolahti_DJI_0088_frame236,Near Duplicate,pHash < 5,Flagged,Temporal static scene
Part 5,ruokolahti_DJI_0088_frame237,Near Duplicate,pHash < 5,Flagged,Temporal static scene
Part 5,ruokolahti_DJI_0088_frame238,Near Duplicate,pHash < 5,Flagged,Temporal static scene
Part 5,ruokolahti_DJI_0088_frame239,Near Duplicate,pHash < 5,Flagged,Temporal static scene
Part 5,ruokolahti_DJI_0088_frame240,Near Duplicate,pHash < 5,Flagged,Temporal static scene
Part 5,ruokolahti_DJI_0088_frame241,Near Duplicate,pHash < 5,Flagged,Temporal static scene
Part 5,ruokolahti_DJI_0088_frame242,Near Duplicate,pHash < 5,Flagged,Temporal static scene
Part 5,ruokolahti_DJI_0088_frame243,Near Duplicate,pHash < 5,Flagged,Temporal static scene
Part 5,ruokolahti_DJI_0088_frame245,Near Duplicate,pHash < 5,Flagged,Temporal static scene
Part 5,ruokolahti_DJI_0088_frame246,Near Duplicate,pHash < 5,Flagged,Temporal static scene
Part 5,ruokolahti_DJI_0088_frame247,Near Duplicate,pHash < 5,Flagged,Temporal static scene
Part 5,ruokolahti_DJI_0088_frame248,Near Duplicate,pHash < 5,Flagged,Temporal static scene
Part 5,ruokolahti_DJI_0088_frame249,Near Duplicate,pHash < 5,Flagged,Temporal static scene
Part 5,ruokolahti_DJI_0088_frame250,Near Duplicate,pHash < 5,Flagged,Temporal static scene
Part 5,ruokolahti_DJI_0088_frame251,Near Duplicate,pHash < 5,Flagged,Temporal static scene
Part 5,ruokolahti_DJI_0088_frame252,Near Duplicate,pHash < 5,Flagged,Temporal static scene
Part 5,ruokolahti_DJI_0088_frame253,Near Duplicate,pHash < 5,Flagged,Temporal static scene
Part 5,ruokolahti_DJI_0088_frame254,Near Duplicate,pHash < 5,Flagged,Temporal static scene
Part 5,ruokolahti_DJI_0088_frame255,Near Duplicate,pHash < 5,Flagged,Temporal static scene
Part 5,ruokolahti_DJI_0088_frame257,Near Duplicate,pHash < 5,Flagged,Temporal static scene
Part 5,ruokolahti_DJI_0088_frame258,Near Duplicate,pHash < 5,Flagged,Temporal static scene
Part 5,ruokolahti_DJI_0088_frame259,Near Duplicate,pHash < 5,Flagged,Temporal static scene
Part 5,ruokolahti_DJI_0088_frame260,Near Duplicate,pHash < 5,Flagged,Temporal static scene
Part 5,ruokolahti_DJI_0088_frame261,Near Duplicate,pHash < 5,Flagged,Temporal static scene
Part 5,ruokolahti_DJI_0088_frame262,Near Duplicate,pHash < 5,Flagged,Temporal static scene
Part 5,ruokolahti_DJI_0088_frame263,Near Duplicate,pHash < 5,Flagged,Temporal static scene
Part 5,ruokolahti_DJI_0088_frame264,Near Duplicate,pHash < 5,Flagged,Temporal static scene
Part 5,ruokolahti_DJI_0088_frame265,Near Duplicate,pHash < 5,Flagged,Temporal static scene
Part 5,ruokolahti_DJI_0088_frame266,Near Duplicate,pHash < 5,Flagged,Temporal static scene
Part 5,ruokolahti_DJI_0088_frame267,Near Duplicate,pHash < 5,Flagged,Temporal static scene
Part 5,ruokolahti_DJI_0088_frame268,Near Duplicate,pHash < 5,Flagged,Temporal static scene
Part 5,ruokolahti_DJI_0088_frame269,Near Duplicate,pHash < 5,Flagged,Temporal static scene
Part 5,ruokolahti_DJI_0088_frame270,Near Duplicate,pHash < 5,Flagged,Temporal static scene
Part 5,ruokolahti_DJI_0088_frame271,Near Duplicate,pHash < 5,Flagged,Temporal static scene
Part 5,ruokolahti_DJI_0088_frame272,Near Duplicate,pHash < 5,Flagged,Temporal static scene
Part 5,ruokolahti_DJI_0088_frame273,Near Duplicate,pHash < 5,Flagged,Temporal static scene
Part 5,ruokolahti_DJI_0088_frame274,Near Duplicate,pHash < 5,Flagged,Temporal static scene
Part 5,ruokolahti_DJI_0088_frame275,Near Duplicate,pHash < 5,Flagged,Temporal static scene
Part 5,ruokolahti_DJI_0088_frame276,Near Duplicate,pHash < 5,Flagged,Temporal static scene
Part 5,ruokolahti_DJI_0088_frame277,Near Duplicate,pHash < 5,Flagged,Temporal static scene
Part 5,ruokolahti_DJI_0088_frame278,Near Duplicate,pHash < 5,Flagged,Temporal static scene
Part 5,ruokolahti_DJI_0088_frame279,Near Duplicate,pHash < 5,Flagged,Temporal static scene
Part 5,ruokolahti_DJI_0088_frame280,Near Duplicate,pHash < 5,Flagged,Temporal static scene
Part 5,ruokolahti_DJI_0088_frame281,Near Duplicate,pHash < 5,Flagged,Temporal static scene
Part 5,ruokolahti_DJI_0088_frame282,Near Duplicate,pHash < 5,Flagged,Temporal static scene
Part 5,ruokolahti_DJI_0088_frame283,Near Duplicate,pHash < 5,Flagged,Temporal static scene
Part 5,ruokolahti_DJI_0088_frame284,Near Duplicate,pHash < 5,Flagged,Temporal static scene
Part 5,ruokolahti_DJI_0088_frame285,Near Duplicate,pHash < 5,Flagged,Temporal static scene
Part 5,ruokolahti_DJI_0088_frame286,Near Duplicate,pHash < 5,Flagged,Temporal static scene
Part 5,ruokolahti_DJI_0088_frame287,Near Duplicate,pHash < 5,Flagged,Temporal static scene
Part 5,ruokolahti_DJI_0088_frame288,Near Duplicate,pHash < 5,Flagged,Temporal static scene
Part 5,ruokolahti_DJI_0088_frame289,Near Duplicate,pHash < 5,Flagged,Temporal static scene
Part 5,ruokolahti_DJI_0088_frame290,Near Duplicate,pHash < 5,Flagged,Temporal static scene
Part 5,ruokolahti_DJI_0088_frame291,Near Duplicate,pHash < 5,Flagged,Temporal static scene
Part 5,ruokolahti_DJI_0088_frame292,Near Duplicate,pHash < 5,Flagged,Temporal static scene
Part 5,ruokolahti_DJI_0088_frame293,Near Duplicate,pHash < 5,Flagged,Temporal static scene
Part 5,ruokolahti_DJI_0088_frame294,Near Duplicate,pHash < 5,Flagged,Temporal static scene
Part 5,ruokolahti_DJI_0088_frame295,Near Duplicate,pHash < 5,Flagged,Temporal static scene
Part 5,ruokolahti_DJI_0088_frame296,Near Duplicate,pHash < 5,Flagged,Temporal static scene
Part 5,ruokolahti_DJI_0088_frame297,Near Duplicate,pHash < 5,Flagged,Temporal static scene
Part 5,ruokolahti_DJI_0088_frame298,Near Duplicate,pHash < 5,Flagged,Temporal static scene
Part 5,ruokolahti_DJI_0088_frame299,Near Duplicate,pHash < 5,Flagged,Temporal static scene
Part 5,ruokolahti_DJI_0088_frame300,Near Duplicate,pHash < 5,Flagged,Temporal static scene
Part 5,ruokolahti_DJI_0088_frame301,Near Duplicate,pHash < 5,Flagged,Temporal static scene
Part 5,ruokolahti_DJI_0088_frame302,Near Duplicate,pHash < 5,Flagged,Temporal static scene
Part 5,ruokolahti_DJI_0088_frame303,Near Duplicate,pHash < 5,Flagged,Temporal static scene
Part 5,ruokolahti_DJI_0088_frame304,Near Duplicate,pHash < 5,Flagged,Temporal static scene
Part 5,ruokolahti_DJI_0088_frame305,Near Duplicate,pHash < 5,Flagged,Temporal static scene
Part 5,ruokolahti_DJI_0088_frame306,Near Duplicate,pHash < 5,Flagged,Temporal static scene
Part 5,ruokolahti_DJI_0088_frame307,Near Duplicate,pHash < 5,Flagged,Temporal static scene
Part 5,ruokolahti_DJI_0088_frame310,Near Duplicate,pHash < 5,Flagged,Temporal static scene
Part 5,ruokolahti_DJI_0088_frame311,Near Duplicate,pHash < 5,Flagged,Temporal static scene
Part 5,ruokolahti_DJI_0088_frame312,Near Duplicate,pHash < 5,Flagged,Temporal static scene
Part 5,ruokolahti_DJI_0088_frame313,Near Duplicate,pHash < 5,Flagged,Temporal static scene
Part 5,ruokolahti_DJI_0088_frame314,Near Duplicate,pHash < 5,Flagged,Temporal static scene
Part 5,ruokolahti_DJI_0088_frame316,Near Duplicate,pHash < 5,Flagged,Temporal static scene
Part 5,ruokolahti_DJI_0088_frame317,Near Duplicate,pHash < 5,Flagged,Temporal static scene
Part 5,ruokolahti_DJI_0088_frame318,Near Duplicate,pHash < 5,Flagged,Temporal static scene
Part 5,ruokolahti_DJI_0088_frame320,Near Duplicate,pHash < 5,Flagged,Temporal static scene
Part 5,ruokolahti_DJI_0088_frame321,Near Duplicate,pHash < 5,Flagged,Temporal static scene
Part 5,ruokolahti_DJI_0088_frame322,Near Duplicate,pHash < 5,Flagged,Temporal static scene
Part 5,ruokolahti_DJI_0088_frame323,Near Duplicate,pHash < 5,Flagged,Temporal static scene
Part 5,ruokolahti_DJI_0088_frame324,Near Duplicate,pHash < 5,Flagged,Temporal static scene
Part 5,ruokolahti_DJI_0088_frame325,Near Duplicate,pHash < 5,Flagged,Temporal static scene
Part 5,ruokolahti_DJI_0088_frame326,Near Duplicate,pHash < 5,Flagged,Temporal static scene
Part 5,ruokolahti_DJI_0088_frame327,Near Duplicate,pHash < 5,Flagged,Temporal static scene
Part 5,karkkila_DJI_0010_frame1,Near Duplicate,pHash < 5,Flagged,Temporal static scene
Part 5,karkkila_DJI_0010_frame2,Near Duplicate,pHash < 5,Flagged,Temporal static scene
Part 5,karkkila_DJI_0010_frame3,Near Duplicate,pHash < 5,Flagged,Temporal static scene
Part 5,karkkila_DJI_0010_frame4,Near Duplicate,pHash < 5,Flagged,Temporal static scene
Part 5,karkkila_DJI_0010_frame5,Near Duplicate,pHash < 5,Flagged,Temporal static scene
Part 5,karkkila_DJI_0010_frame6,Near Duplicate,pHash < 5,Flagged,Temporal static scene
Part 5,karkkila_DJI_0010_frame7,Near Duplicate,pHash < 5,Flagged,Temporal static scene
Part 5,karkkila_DJI_0010_frame8,Near Duplicate,pHash < 5,Flagged,Temporal static scene
Part 5,karkkila_DJI_0010_frame9,Near Duplicate,pHash < 5,Flagged,Temporal static scene
Part 5,karkkila_DJI_0010_frame10,Near Duplicate,pHash < 5,Flagged,Temporal static scene
Part 5,karkkila_DJI_0010_frame11,Near Duplicate,pHash < 5,Flagged,Temporal static scene
Part 5,karkkila_DJI_0010_frame12,Near Duplicate,pHash < 5,Flagged,Temporal static scene
Part 5,karkkila_DJI_0010_frame13,Near Duplicate,pHash < 5,Flagged,Temporal static scene
Part 5,karkkila_DJI_0010_frame14,Near Duplicate,pHash < 5,Flagged,Temporal static scene
Part 5,karkkila_DJI_0010_frame15,Near Duplicate,pHash < 5,Flagged,Temporal static scene
Part 5,karkkila_DJI_0010_frame16,Near Duplicate,pHash < 5,Flagged,Temporal static scene
Part 5,karkkila_DJI_0010_frame17,Near Duplicate,pHash < 5,Flagged,Temporal static scene
Part 5,karkkila_DJI_0010_frame18,Near Duplicate,pHash < 5,Flagged,Temporal static scene
Part 5,karkkila_DJI_0010_frame19,Near Duplicate,pHash < 5,Flagged,Temporal static scene
Part 5,karkkila_DJI_0010_frame20,Near Duplicate,pHash < 5,Flagged,Temporal static scene
Part 5,karkkila_DJI_0010_frame21,Near Duplicate,pHash < 5,Flagged,Temporal static scene
Part 5,karkkila_DJI_0010_frame22,Near Duplicate,pHash < 5,Flagged,Temporal static scene
Part 5,karkkila_DJI_0010_frame23,Near Duplicate,pHash < 5,Flagged,Temporal static scene
Part 5,karkkila_DJI_0010_frame24,Near Duplicate,pHash < 5,Flagged,Temporal static scene
Part 5,karkkila_DJI_0010_frame25,Near Duplicate,pHash < 5,Flagged,Temporal static scene
Part 5,karkkila_DJI_0010_frame26,Near Duplicate,pHash < 5,Flagged,Temporal static scene
Part 5,karkkila_DJI_0010_frame27,Near Duplicate,pHash < 5,Flagged,Temporal static scene
Part 5,karkkila_DJI_0010_frame28,Near Duplicate,pHash < 5,Flagged,Temporal static scene
Part 5,karkkila_DJI_0010_frame29,Near Duplicate,pHash < 5,Flagged,Temporal static scene
Part 5,karkkila_DJI_0010_frame30,Near Duplicate,pHash < 5,Flagged,Temporal static scene
Part 5,karkkila_DJI_0010_frame31,Near Duplicate,pHash < 5,Flagged,Temporal static scene
Part 5,karkkila_DJI_0010_frame32,Near Duplicate,pHash < 5,Flagged,Temporal static scene
Part 5,karkkila_DJI_0010_frame33,Near Duplicate,pHash < 5,Flagged,Temporal static scene
Part 5,karkkila_DJI_0010_frame34,Near Duplicate,pHash < 5,Flagged,Temporal static scene
Part 5,karkkila_DJI_0010_frame35,Near Duplicate,pHash < 5,Flagged,Temporal static scene
Part 5,karkkila_DJI_0010_frame36,Near Duplicate,pHash < 5,Flagged,Temporal static scene
Part 5,karkkila_DJI_0010_frame38,Near Duplicate,pHash < 5,Flagged,Temporal static scene
Part 5,karkkila_DJI_0010_frame39,Near Duplicate,pHash < 5,Flagged,Temporal static scene
Part 5,karkkila_DJI_0010_frame40,Near Duplicate,pHash < 5,Flagged,Temporal static scene
Part 5,karkkila_DJI_0010_frame41,Near Duplicate,pHash < 5,Flagged,Temporal static scene
Part 5,karkkila_DJI_0010_frame42,Near Duplicate,pHash < 5,Flagged,Temporal static scene
Part 5,karkkila_DJI_0010_frame43,Near Duplicate,pHash < 5,Flagged,Temporal static scene
Part 5,karkkila_DJI_0010_frame44,Near Duplicate,pHash < 5,Flagged,Temporal static scene
Part 5,karkkila_DJI_0010_frame45,Near Duplicate,pHash < 5,Flagged,Temporal static scene
Part 5,karkkila_DJI_0010_frame46,Near Duplicate,pHash < 5,Flagged,Temporal static scene
Part 5,karkkila_DJI_0010_frame47,Near Duplicate,pHash < 5,Flagged,Temporal static scene
Part 5,karkkila_DJI_0010_frame48,Near Duplicate,pHash < 5,Flagged,Temporal static scene
Part 5,karkkila_DJI_0010_frame49,Near Duplicate,pHash < 5,Flagged,Temporal static scene
Part 5,karkkila_DJI_0010_frame50,Near Duplicate,pHash < 5,Flagged,Temporal static scene
Part 5,karkkila_DJI_0010_frame51,Near Duplicate,pHash < 5,Flagged,Temporal static scene
Part 5,karkkila_DJI_0010_frame52,Near Duplicate,pHash < 5,Flagged,Temporal static scene
Part 5,karkkila_DJI_0010_frame53,Near Duplicate,pHash < 5,Flagged,Temporal static scene
Part 5,karkkila_DJI_0010_frame54,Near Duplicate,pHash < 5,Flagged,Temporal static scene
Part 5,karkkila_DJI_0010_frame55,Near Duplicate,pHash < 5,Flagged,Temporal static scene
Part 5,karkkila_DJI_0010_frame56,Near Duplicate,pHash < 5,Flagged,Temporal static scene
Part 5,karkkila_DJI_0010_frame57,Near Duplicate,pHash < 5,Flagged,Temporal static scene
Part 5,ruokolahti_DJI_0086_frame1,Near Duplicate,pHash < 5,Flagged,Temporal static scene
Part 5,ruokolahti_DJI_0086_frame2,Near Duplicate,pHash < 5,Flagged,Temporal static scene
Part 5,ruokolahti_DJI_0086_frame3,Near Duplicate,pHash < 5,Flagged,Temporal static scene
Part 5,ruokolahti_DJI_0086_frame6,Near Duplicate,pHash < 5,Flagged,Temporal static scene
Part 5,ruokolahti_DJI_0086_frame7,Near Duplicate,pHash < 5,Flagged,Temporal static scene
Part 5,ruokolahti_DJI_0086_frame9,Near Duplicate,pHash < 5,Flagged,Temporal static scene
Part 5,ruokolahti_DJI_0086_frame10,Near Duplicate,pHash < 5,Flagged,Temporal static scene
Part 5,ruokolahti_DJI_0086_frame11,Near Duplicate,pHash < 5,Flagged,Temporal static scene
Part 5,ruokolahti_DJI_0086_frame12,Near Duplicate,pHash < 5,Flagged,Temporal static scene
Part 5,ruokolahti_DJI_0086_frame13,Near Duplicate,pHash < 5,Flagged,Temporal static scene
Part 5,ruokolahti_DJI_0086_frame14,Near Duplicate,pHash < 5,Flagged,Temporal static scene
Part 5,ruokolahti_DJI_0086_frame15,Near Duplicate,pHash < 5,Flagged,Temporal static scene
Part 5,ruokolahti_DJI_0086_frame16,Near Duplicate,pHash < 5,Flagged,Temporal static scene
Part 5,ruokolahti_DJI_0086_frame17,Near Duplicate,pHash < 5,Flagged,Temporal static scene
Part 5,ruokolahti_DJI_0086_frame18,Near Duplicate,pHash < 5,Flagged,Temporal static scene
Part 5,ruokolahti_DJI_0086_frame20,Near Duplicate,pHash < 5,Flagged,Temporal static scene
Part 5,ruokolahti_DJI_0086_frame21,Near Duplicate,pHash < 5,Flagged,Temporal static scene
Part 5,ruokolahti_DJI_0086_frame22,Near Duplicate,pHash < 5,Flagged,Temporal static scene
Part 5,ruokolahti_DJI_0086_frame23,Near Duplicate,pHash < 5,Flagged,Temporal static scene
Part 5,ruokolahti_DJI_0086_frame24,Near Duplicate,pHash < 5,Flagged,Temporal static scene
Part 5,ruokolahti_DJI_0086_frame25,Near Duplicate,pHash < 5,Flagged,Temporal static scene
Part 5,ruokolahti_DJI_0086_frame26,Near Duplicate,pHash < 5,Flagged,Temporal static scene
Part 5,ruokolahti_DJI_0086_frame28,Near Duplicate,pHash < 5,Flagged,Temporal static scene
Part 5,ruokolahti_DJI_0086_frame30,Near Duplicate,pHash < 5,Flagged,Temporal static scene
Part 5,ruokolahti_DJI_0086_frame31,Near Duplicate,pHash < 5,Flagged,Temporal static scene
Part 5,ruokolahti_DJI_0086_frame32,Near Duplicate,pHash < 5,Flagged,Temporal static scene
Part 5,ruokolahti_DJI_0086_frame34,Near Duplicate,pHash < 5,Flagged,Temporal static scene
Part 5,ruokolahti_DJI_0086_frame35,Near Duplicate,pHash < 5,Flagged,Temporal static scene
Part 5,ruokolahti_DJI_0086_frame37,Near Duplicate,pHash < 5,Flagged,Temporal static scene
Part 5,ruokolahti_DJI_0086_frame38,Near Duplicate,pHash < 5,Flagged,Temporal static scene
Part 5,ruokolahti_DJI_0086_frame40,Near Duplicate,pHash < 5,Flagged,Temporal static scene
Part 5,ruokolahti_DJI_0086_frame41,Near Duplicate,pHash < 5,Flagged,Temporal static scene
Part 5,ruokolahti_DJI_0086_frame42,Near Duplicate,pHash < 5,Flagged,Temporal static scene
Part 5,ruokolahti_DJI_0086_frame43,Near Duplicate,pHash < 5,Flagged,Temporal static scene
Part 5,ruokolahti_DJI_0086_frame44,Near Duplicate,pHash < 5,Flagged,Temporal static scene
Part 5,ruokolahti_DJI_0086_frame45,Near Duplicate,pHash < 5,Flagged,Temporal static scene
Part 5,ruokolahti_DJI_0086_frame46,Near Duplicate,pHash < 5,Flagged,Temporal static scene
Part 5,ruokolahti_DJI_0086_frame48,Near Duplicate,pHash < 5,Flagged,Temporal static scene
Part 5,ruokolahti_DJI_0086_frame49,Near Duplicate,pHash < 5,Flagged,Temporal static scene
Part 5,ruokolahti_DJI_0086_frame50,Near Duplicate,pHash < 5,Flagged,Temporal static scene
Part 5,ruokolahti_DJI_0086_frame51,Near Duplicate,pHash < 5,Flagged,Temporal static scene
Part 5,ruokolahti_DJI_0086_frame54,Near Duplicate,pHash < 5,Flagged,Temporal static scene
Part 5,ruokolahti_DJI_0086_frame55,Near Duplicate,pHash < 5,Flagged,Temporal static scene
Part 5,ruokolahti_DJI_0086_frame56,Near Duplicate,pHash < 5,Flagged,Temporal static scene
Part 5,ruokolahti_DJI_0086_frame57,Near Duplicate,pHash < 5,Flagged,Temporal static scene
Part 5,ruokolahti_DJI_0086_frame58,Near Duplicate,pHash < 5,Flagged,Temporal static scene
Part 5,ruokolahti_DJI_0086_frame59,Near Duplicate,pHash < 5,Flagged,Temporal static scene
Part 5,ruokolahti_DJI_0086_frame60,Near Duplicate,pHash < 5,Flagged,Temporal static scene
Part 5,ruokolahti_DJI_0086_frame61,Near Duplicate,pHash < 5,Flagged,Temporal static scene
Part 5,ruokolahti_DJI_0086_frame62,Near Duplicate,pHash < 5,Flagged,Temporal static scene
Part 5,ruokolahti_DJI_0086_frame64,Near Duplicate,pHash < 5,Flagged,Temporal static scene
Part 5,ruokolahti_DJI_0086_frame65,Near Duplicate,pHash < 5,Flagged,Temporal static scene
Part 5,ruokolahti_DJI_0086_frame67,Near Duplicate,pHash < 5,Flagged,Temporal static scene
Part 5,ruokolahti_DJI_0086_frame68,Near Duplicate,pHash < 5,Flagged,Temporal static scene
Part 5,ruokolahti_DJI_0086_frame69,Near Duplicate,pHash < 5,Flagged,Temporal static scene
Part 5,ruokolahti_DJI_0086_frame70,Near Duplicate,pHash < 5,Flagged,Temporal static scene
Part 5,ruokolahti_DJI_0086_frame71,Near Duplicate,pHash < 5,Flagged,Temporal static scene
Part 5,ruokolahti_DJI_0086_frame73,Near Duplicate,pHash < 5,Flagged,Temporal static scene
Part 5,ruokolahti_DJI_0086_frame76,Near Duplicate,pHash < 5,Flagged,Temporal static scene
Part 5,ruokolahti_DJI_0086_frame78,Near Duplicate,pHash < 5,Flagged,Temporal static scene
Part 5,ruokolahti_DJI_0086_frame79,Near Duplicate,pHash < 5,Flagged,Temporal static scene
Part 5,ruokolahti_DJI_0086_frame80,Near Duplicate,pHash < 5,Flagged,Temporal static scene
Part 5,ruokolahti_DJI_0086_frame81,Near Duplicate,pHash < 5,Flagged,Temporal static scene
Part 5,ruokolahti_DJI_0086_frame82,Near Duplicate,pHash < 5,Flagged,Temporal static scene
Part 5,ruokolahti_DJI_0086_frame83,Near Duplicate,pHash < 5,Flagged,Temporal static scene
Part 5,ruokolahti_DJI_0086_frame84,Near Duplicate,pHash < 5,Flagged,Temporal static scene
Part 5,ruokolahti_DJI_0086_frame85,Near Duplicate,pHash < 5,Flagged,Temporal static scene
Part 5,ruokolahti_DJI_0086_frame86,Near Duplicate,pHash < 5,Flagged,Temporal static scene
Part 5,ruokolahti_DJI_0086_frame88,Near Duplicate,pHash < 5,Flagged,Temporal static scene
Part 5,ruokolahti_DJI_0086_frame89,Near Duplicate,pHash < 5,Flagged,Temporal static scene
Part 5,ruokolahti_DJI_0086_frame93,Near Duplicate,pHash < 5,Flagged,Temporal static scene
Part 5,ruokolahti_DJI_0086_frame94,Near Duplicate,pHash < 5,Flagged,Temporal static scene
Part 5,ruokolahti_DJI_0086_frame95,Near Duplicate,pHash < 5,Flagged,Temporal static scene
Part 5,ruokolahti_DJI_0086_frame97,Near Duplicate,pHash < 5,Flagged,Temporal static scene
Part 5,ruokolahti_DJI_0086_frame98,Near Duplicate,pHash < 5,Flagged,Temporal static scene
Part 5,ruokolahti_DJI_0086_frame99,Near Duplicate,pHash < 5,Flagged,Temporal static scene
Part 5,ruokolahti_DJI_0086_frame100,Near Duplicate,pHash < 5,Flagged,Temporal static scene
Part 5,ruokolahti_DJI_0086_frame101,Near Duplicate,pHash < 5,Flagged,Temporal static scene
Part 5,ruokolahti_DJI_0086_frame102,Near Duplicate,pHash < 5,Flagged,Temporal static scene
Part 5,ruokolahti_DJI_0086_frame103,Near Duplicate,pHash < 5,Flagged,Temporal static scene
Part 5,ruokolahti_DJI_0086_frame104,Near Duplicate,pHash < 5,Flagged,Temporal static scene
Part 5,ruokolahti_DJI_0086_frame105,Near Duplicate,pHash < 5,Flagged,Temporal static scene
Part 5,ruokolahti_DJI_0086_frame106,Near Duplicate,pHash < 5,Flagged,Temporal static scene
Part 5,ruokolahti_DJI_0086_frame107,Near Duplicate,pHash < 5,Flagged,Temporal static scene
Part 5,ruokolahti_DJI_0086_frame108,Near Duplicate,pHash < 5,Flagged,Temporal static scene
Part 5,ruokolahti_DJI_0086_frame109,Near Duplicate,pHash < 5,Flagged,Temporal static scene
Part 5,ruokolahti_DJI_0086_frame110,Near Duplicate,pHash < 5,Flagged,Temporal static scene
Part 5,ruokolahti_DJI_0086_frame112,Near Duplicate,pHash < 5,Flagged,Temporal static scene
Part 5,ruokolahti_DJI_0086_frame113,Near Duplicate,pHash < 5,Flagged,Temporal static scene
Part 5,ruokolahti_DJI_0086_frame114,Near Duplicate,pHash < 5,Flagged,Temporal static scene
Part 5,ruokolahti_DJI_0086_frame115,Near Duplicate,pHash < 5,Flagged,Temporal static scene
Part 5,ruokolahti_DJI_0086_frame116,Near Duplicate,pHash < 5,Flagged,Temporal static scene
Part 5,ruokolahti_DJI_0086_frame117,Near Duplicate,pHash < 5,Flagged,Temporal static scene
Part 5,ruokolahti_DJI_0086_frame119,Near Duplicate,pHash < 5,Flagged,Temporal static scene
Part 5,ruokolahti_DJI_0086_frame120,Near Duplicate,pHash < 5,Flagged,Temporal static scene
Part 5,ruokolahti_DJI_0086_frame121,Near Duplicate,pHash < 5,Flagged,Temporal static scene
Part 5,ruokolahti_DJI_0086_frame123,Near Duplicate,pHash < 5,Flagged,Temporal static scene
Part 5,ruokolahti_DJI_0086_frame124,Near Duplicate,pHash < 5,Flagged,Temporal static scene
Part 5,ruokolahti_DJI_0086_frame125,Near Duplicate,pHash < 5,Flagged,Temporal static scene
Part 5,ruokolahti_DJI_0086_frame126,Near Duplicate,pHash < 5,Flagged,Temporal static scene
Part 5,ruokolahti_DJI_0086_frame127,Near Duplicate,pHash < 5,Flagged,Temporal static scene
Part 5,ruokolahti_DJI_0086_frame128,Near Duplicate,pHash < 5,Flagged,Temporal static scene
Part 5,ruokolahti_DJI_0086_frame129,Near Duplicate,pHash < 5,Flagged,Temporal static scene
Part 5,ruokolahti_DJI_0086_frame130,Near Duplicate,pHash < 5,Flagged,Temporal static scene
Part 5,ruokolahti_DJI_0086_frame131,Near Duplicate,pHash < 5,Flagged,Temporal static scene
Part 5,ruokolahti_DJI_0086_frame132,Near Duplicate,pHash < 5,Flagged,Temporal static scene
Part 5,ruokolahti_DJI_0086_frame133,Near Duplicate,pHash < 5,Flagged,Temporal static scene
Part 5,ruokolahti_DJI_0086_frame134,Near Duplicate,pHash < 5,Flagged,Temporal static scene
Part 5,ruokolahti_DJI_0086_frame135,Near Duplicate,pHash < 5,Flagged,Temporal static scene
Part 5,ruokolahti_DJI_0086_frame136,Near Duplicate,pHash < 5,Flagged,Temporal static scene
Part 5,ruokolahti_DJI_0086_frame137,Near Duplicate,pHash < 5,Flagged,Temporal static scene
Part 5,ruokolahti_DJI_0086_frame139,Near Duplicate,pHash < 5,Flagged,Temporal static scene
Part 5,ruokolahti_DJI_0086_frame140,Near Duplicate,pHash < 5,Flagged,Temporal static scene
Part 5,ruokolahti_DJI_0086_frame141,Near Duplicate,pHash < 5,Flagged,Temporal static scene
Part 5,ruokolahti_DJI_0086_frame143,Near Duplicate,pHash < 5,Flagged,Temporal static scene
Part 5,ruokolahti_DJI_0086_frame144,Near Duplicate,pHash < 5,Flagged,Temporal static scene
Part 5,ruokolahti_DJI_0086_frame145,Near Duplicate,pHash < 5,Flagged,Temporal static scene
Part 5,ruokolahti_DJI_0086_frame150,Near Duplicate,pHash < 5,Flagged,Temporal static scene
Part 5,ruokolahti_DJI_0086_frame152,Near Duplicate,pHash < 5,Flagged,Temporal static scene
Part 5,ruokolahti_DJI_0086_frame153,Near Duplicate,pHash < 5,Flagged,Temporal static scene
Part 5,ruokolahti_DJI_0086_frame154,Near Duplicate,pHash < 5,Flagged,Temporal static scene
Part 5,ruokolahti_DJI_0086_frame155,Near Duplicate,pHash < 5,Flagged,Temporal static scene
Part 5,ruokolahti_DJI_0086_frame156,Near Duplicate,pHash < 5,Flagged,Temporal static scene
Part 5,ruokolahti_DJI_0086_frame157,Near Duplicate,pHash < 5,Flagged,Temporal static scene
Part 5,ruokolahti_DJI_0086_frame158,Near Duplicate,pHash < 5,Flagged,Temporal static scene
Part 5,ruokolahti_DJI_0086_frame159,Near Duplicate,pHash < 5,Flagged,Temporal static scene
Part 5,ruokolahti_DJI_0086_frame160,Near Duplicate,pHash < 5,Flagged,Temporal static scene
Part 5,ruokolahti_DJI_0086_frame161,Near Duplicate,pHash < 5,Flagged,Temporal static scene
Part 5,ruokolahti_DJI_0086_frame164,Near Duplicate,pHash < 5,Flagged,Temporal static scene
Part 5,ruokolahti_DJI_0086_frame165,Near Duplicate,pHash < 5,Flagged,Temporal static scene
Part 5,ruokolahti_DJI_0086_frame166,Near Duplicate,pHash < 5,Flagged,Temporal static scene
Part 5,ruokolahti_DJI_0086_frame167,Near Duplicate,pHash < 5,Flagged,Temporal static scene
Part 5,ruokolahti_DJI_0086_frame169,Near Duplicate,pHash < 5,Flagged,Temporal static scene
Part 5,ruokolahti_DJI_0086_frame170,Near Duplicate,pHash < 5,Flagged,Temporal static scene
Part 5,ruokolahti_DJI_0086_frame171,Near Duplicate,pHash < 5,Flagged,Temporal static scene
Part 5,ruokolahti_DJI_0086_frame172,Near Duplicate,pHash < 5,Flagged,Temporal static scene
Part 5,ruokolahti_DJI_0086_frame173,Near Duplicate,pHash < 5,Flagged,Temporal static scene
Part 5,ruokolahti_DJI_0086_frame175,Near Duplicate,pHash < 5,Flagged,Temporal static scene
Part 5,ruokolahti_DJI_0086_frame177,Near Duplicate,pHash < 5,Flagged,Temporal static scene
Part 5,ruokolahti_DJI_0086_frame179,Near Duplicate,pHash < 5,Flagged,Temporal static scene
Part 5,ruokolahti_DJI_0086_frame181,Near Duplicate,pHash < 5,Flagged,Temporal static scene
Part 5,ruokolahti_DJI_0086_frame182,Near Duplicate,pHash < 5,Flagged,Temporal static scene
Part 5,ruokolahti_DJI_0086_frame184,Near Duplicate,pHash < 5,Flagged,Temporal static scene
Part 5,ruokolahti_DJI_0086_frame185,Near Duplicate,pHash < 5,Flagged,Temporal static scene
Part 5,ruokolahti_DJI_0086_frame186,Near Duplicate,pHash < 5,Flagged,Temporal static scene
Part 5,ruokolahti_DJI_0086_frame187,Near Duplicate,pHash < 5,Flagged,Temporal static scene
Part 5,ruokolahti_DJI_0086_frame188,Near Duplicate,pHash < 5,Flagged,Temporal static scene
Part 5,ruokolahti_DJI_0086_frame189,Near Duplicate,pHash < 5,Flagged,Temporal static scene
Part 5,ruokolahti_DJI_0086_frame190,Near Duplicate,pHash < 5,Flagged,Temporal static scene
Part 5,ruokolahti_DJI_0086_frame191,Near Duplicate,pHash < 5,Flagged,Temporal static scene
Part 5,ruokolahti_DJI_0086_frame192,Near Duplicate,pHash < 5,Flagged,Temporal static scene
Part 5,ruokolahti_DJI_0086_frame195,Near Duplicate,pHash < 5,Flagged,Temporal static scene
Part 5,ruokolahti_DJI_0086_frame196,Near Duplicate,pHash < 5,Flagged,Temporal static scene
Part 5,ruokolahti_DJI_0086_frame198,Near Duplicate,pHash < 5,Flagged,Temporal static scene
Part 5,ruokolahti_DJI_0086_frame199,Near Duplicate,pHash < 5,Flagged,Temporal static scene
Part 5,ruokolahti_DJI_0086_frame200,Near Duplicate,pHash < 5,Flagged,Temporal static scene
Part 5,ruokolahti_DJI_0086_frame201,Near Duplicate,pHash < 5,Flagged,Temporal static scene
Part 5,ruokolahti_DJI_0086_frame203,Near Duplicate,pHash < 5,Flagged,Temporal static scene
Part 5,ruokolahti_DJI_0086_frame204,Near Duplicate,pHash < 5,Flagged,Temporal static scene
Part 5,ruokolahti_DJI_0086_frame205,Near Duplicate,pHash < 5,Flagged,Temporal static scene
Part 5,ruokolahti_DJI_0086_frame206,Near Duplicate,pHash < 5,Flagged,Temporal static scene
Part 5,ruokolahti_DJI_0086_frame208,Near Duplicate,pHash < 5,Flagged,Temporal static scene
Part 5,ruokolahti_DJI_0086_frame209,Near Duplicate,pHash < 5,Flagged,Temporal static scene
Part 5,ruokolahti_DJI_0086_frame210,Near Duplicate,pHash < 5,Flagged,Temporal static scene
Part 5,ruokolahti_DJI_0086_frame211,Near Duplicate,pHash < 5,Flagged,Temporal static scene
Part 5,ruokolahti_DJI_0086_frame212,Near Duplicate,pHash < 5,Flagged,Temporal static scene
Part 5,ruokolahti_DJI_0086_frame214,Near Duplicate,pHash < 5,Flagged,Temporal static scene
Part 5,ruokolahti_DJI_0086_frame215,Near Duplicate,pHash < 5,Flagged,Temporal static scene
Part 5,ruokolahti_DJI_0086_frame216,Near Duplicate,pHash < 5,Flagged,Temporal static scene
Part 5,ruokolahti_DJI_0086_frame217,Near Duplicate,pHash < 5,Flagged,Temporal static scene
Part 5,ruokolahti_DJI_0086_frame219,Near Duplicate,pHash < 5,Flagged,Temporal static scene
Part 5,ruokolahti_DJI_0086_frame221,Near Duplicate,pHash < 5,Flagged,Temporal static scene
Part 5,ruokolahti_DJI_0086_frame222,Near Duplicate,pHash < 5,Flagged,Temporal static scene
Part 5,ruokolahti_DJI_0086_frame223,Near Duplicate,pHash < 5,Flagged,Temporal static scene
Part 5,ruokolahti_DJI_0086_frame224,Near Duplicate,pHash < 5,Flagged,Temporal static scene
Part 5,ruokolahti_DJI_0086_frame225,Near Duplicate,pHash < 5,Flagged,Temporal static scene
Part 5,ruokolahti_DJI_0086_frame226,Near Duplicate,pHash < 5,Flagged,Temporal static scene
Part 5,ruokolahti_DJI_0086_frame227,Near Duplicate,pHash < 5,Flagged,Temporal static scene
Part 5,ruokolahti_DJI_0086_frame228,Near Duplicate,pHash < 5,Flagged,Temporal static scene
Part 5,ruokolahti_DJI_0086_frame229,Near Duplicate,pHash < 5,Flagged,Temporal static scene
Part 5,ruokolahti_DJI_0086_frame230,Near Duplicate,pHash < 5,Flagged,Temporal static scene
Part 5,ruokolahti_DJI_0086_frame231,Near Duplicate,pHash < 5,Flagged,Temporal static scene
Part 5,ruokolahti_DJI_0086_frame233,Near Duplicate,pHash < 5,Flagged,Temporal static scene
Part 5,ruokolahti_DJI_0086_frame234,Near Duplicate,pHash < 5,Flagged,Temporal static scene
Part 5,ruokolahti_DJI_0086_frame235,Near Duplicate,pHash < 5,Flagged,Temporal static scene
Part 5,ruokolahti_DJI_0086_frame236,Near Duplicate,pHash < 5,Flagged,Temporal static scene
Part 5,ruokolahti_DJI_0086_frame238,Near Duplicate,pHash < 5,Flagged,Temporal static scene
Part 5,ruokolahti_DJI_0086_frame239,Near Duplicate,pHash < 5,Flagged,Temporal static scene
Part 5,ruokolahti_DJI_0086_frame240,Near Duplicate,pHash < 5,Flagged,Temporal static scene
Part 5,ruokolahti_DJI_0086_frame244,Near Duplicate,pHash < 5,Flagged,Temporal static scene
Part 5,ruokolahti_DJI_0086_frame245,Near Duplicate,pHash < 5,Flagged,Temporal static scene
Part 5,ruokolahti_DJI_0086_frame246,Near Duplicate,pHash < 5,Flagged,Temporal static scene
Part 5,ruokolahti_DJI_0086_frame247,Near Duplicate,pHash < 5,Flagged,Temporal static scene
Part 5,ruokolahti_DJI_0086_frame248,Near Duplicate,pHash < 5,Flagged,Temporal static scene
Part 5,ruokolahti_DJI_0086_frame249,Near Duplicate,pHash < 5,Flagged,Temporal static scene
Part 5,ruokolahti_DJI_0086_frame250,Near Duplicate,pHash < 5,Flagged,Temporal static scene
Part 5,ruokolahti_DJI_0086_frame251,Near Duplicate,pHash < 5,Flagged,Temporal static scene
Part 5,ruokolahti_DJI_0086_frame252,Near Duplicate,pHash < 5,Flagged,Temporal static scene
Part 5,ruokolahti_DJI_0086_frame253,Near Duplicate,pHash < 5,Flagged,Temporal static scene
Part 5,ruokolahti_DJI_0086_frame254,Near Duplicate,pHash < 5,Flagged,Temporal static scene
Part 5,ruokolahti_DJI_0086_frame255,Near Duplicate,pHash < 5,Flagged,Temporal static scene
Part 5,ruokolahti_DJI_0086_frame256,Near Duplicate,pHash < 5,Flagged,Temporal static scene
Part 5,ruokolahti_DJI_0086_frame257,Near Duplicate,pHash < 5,Flagged,Temporal static scene
Part 5,ruokolahti_DJI_0086_frame258,Near Duplicate,pHash < 5,Flagged,Temporal static scene
Part 5,ruokolahti_DJI_0086_frame259,Near Duplicate,pHash < 5,Flagged,Temporal static scene
Part 5,ruokolahti_DJI_0086_frame260,Near Duplicate,pHash < 5,Flagged,Temporal static scene
Part 5,ruokolahti_DJI_0086_frame261,Near Duplicate,pHash < 5,Flagged,Temporal static scene
Part 5,ruokolahti_DJI_0086_frame262,Near Duplicate,pHash < 5,Flagged,Temporal static scene
Part 5,ruokolahti_DJI_0086_frame263,Near Duplicate,pHash < 5,Flagged,Temporal static scene
Part 5,ruokolahti_DJI_0086_frame264,Near Duplicate,pHash < 5,Flagged,Temporal static scene
Part 5,ruokolahti_DJI_0086_frame266,Near Duplicate,pHash < 5,Flagged,Temporal static scene
Part 5,ruokolahti_DJI_0086_frame267,Near Duplicate,pHash < 5,Flagged,Temporal static scene
Part 5,ruokolahti_DJI_0086_frame268,Near Duplicate,pHash < 5,Flagged,Temporal static scene
Part 5,ruokolahti_DJI_0086_frame269,Near Duplicate,pHash < 5,Flagged,Temporal static scene
Part 5,ruokolahti_DJI_0086_frame270,Near Duplicate,pHash < 5,Flagged,Temporal static scene
Part 5,ruokolahti_DJI_0086_frame271,Near Duplicate,pHash < 5,Flagged,Temporal static scene
Part 5,ruokolahti_DJI_0086_frame272,Near Duplicate,pHash < 5,Flagged,Temporal static scene
Part 5,ruokolahti_DJI_0086_frame274,Near Duplicate,pHash < 5,Flagged,Temporal static scene
Part 5,ruokolahti_DJI_0086_frame277,Near Duplicate,pHash < 5,Flagged,Temporal static scene
Part 5,ruokolahti_DJI_0086_frame278,Near Duplicate,pHash < 5,Flagged,Temporal static scene
Part 5,ruokolahti_DJI_0086_frame280,Near Duplicate,pHash < 5,Flagged,Temporal static scene
Part 5,ruokolahti_DJI_0086_frame281,Near Duplicate,pHash < 5,Flagged,Temporal static scene
Part 5,ruokolahti_DJI_0086_frame282,Near Duplicate,pHash < 5,Flagged,Temporal static scene
Part 5,ruokolahti_DJI_0086_frame283,Near Duplicate,pHash < 5,Flagged,Temporal static scene
Part 5,ruokolahti_DJI_0086_frame284,Near Duplicate,pHash < 5,Flagged,Temporal static scene
Part 5,ruokolahti_DJI_0086_frame285,Near Duplicate,pHash < 5,Flagged,Temporal static scene
Part 5,ruokolahti_DJI_0086_frame286,Near Duplicate,pHash < 5,Flagged,Temporal static scene
Part 5,ruokolahti_DJI_0086_frame287,Near Duplicate,pHash < 5,Flagged,Temporal static scene
Part 5,ruokolahti_DJI_0086_frame288,Near Duplicate,pHash < 5,Flagged,Temporal static scene
Part 5,ruokolahti_DJI_0086_frame289,Near Duplicate,pHash < 5,Flagged,Temporal static scene
Part 5,ruokolahti_DJI_0086_frame290,Near Duplicate,pHash < 5,Flagged,Temporal static scene
Part 5,ruokolahti_DJI_0086_frame291,Near Duplicate,pHash < 5,Flagged,Temporal static scene
Part 5,ruokolahti_DJI_0086_frame292,Near Duplicate,pHash < 5,Flagged,Temporal static scene
Part 5,ruokolahti_DJI_0086_frame293,Near Duplicate,pHash < 5,Flagged,Temporal static scene
Part 5,ruokolahti_DJI_0086_frame294,Near Duplicate,pHash < 5,Flagged,Temporal static scene
Part 5,ruokolahti_DJI_0086_frame295,Near Duplicate,pHash < 5,Flagged,Temporal static scene
Part 5,ruokolahti_DJI_0086_frame296,Near Duplicate,pHash < 5,Flagged,Temporal static scene
Part 5,ruokolahti_DJI_0086_frame298,Near Duplicate,pHash < 5,Flagged,Temporal static scene
Part 5,ruokolahti_DJI_0086_frame299,Near Duplicate,pHash < 5,Flagged,Temporal static scene
Part 5,ruokolahti_DJI_0086_frame300,Near Duplicate,pHash < 5,Flagged,Temporal static scene
Part 5,ruokolahti_DJI_0086_frame301,Near Duplicate,pHash < 5,Flagged,Temporal static scene
Part 5,ruokolahti_DJI_0086_frame302,Near Duplicate,pHash < 5,Flagged,Temporal static scene
Part 5,ruokolahti_DJI_0086_frame304,Near Duplicate,pHash < 5,Flagged,Temporal static scene
Part 5,ruokolahti_DJI_0086_frame306,Near Duplicate,pHash < 5,Flagged,Temporal static scene
Part 5,ruokolahti_DJI_0086_frame307,Near Duplicate,pHash < 5,Flagged,Temporal static scene
Part 5,ruokolahti_DJI_0086_frame308,Near Duplicate,pHash < 5,Flagged,Temporal static scene
Part 5,ruokolahti_DJI_0086_frame309,Near Duplicate,pHash < 5,Flagged,Temporal static scene
Part 5,ruokolahti_DJI_0086_frame310,Near Duplicate,pHash < 5,Flagged,Temporal static scene
Part 5,ruokolahti_DJI_0086_frame311,Near Duplicate,pHash < 5,Flagged,Temporal static scene
Part 5,ruokolahti_DJI_0086_frame314,Near Duplicate,pHash < 5,Flagged,Temporal static scene
Part 5,ruokolahti_DJI_0086_frame315,Near Duplicate,pHash < 5,Flagged,Temporal static scene
Part 5,ruokolahti_DJI_0086_frame316,Near Duplicate,pHash < 5,Flagged,Temporal static scene
Part 5,ruokolahti_DJI_0086_frame317,Near Duplicate,pHash < 5,Flagged,Temporal static scene
Part 5,ruokolahti_DJI_0086_frame318,Near Duplicate,pHash < 5,Flagged,Temporal static scene
Part 5,ruokolahti_DJI_0086_frame319,Near Duplicate,pHash < 5,Flagged,Temporal static scene
Part 5,ruokolahti_DJI_0086_frame321,Near Duplicate,pHash < 5,Flagged,Temporal static scene
Part 5,ruokolahti_DJI_0086_frame322,Near Duplicate,pHash < 5,Flagged,Temporal static scene
Part 5,ruokolahti_DJI_0086_frame323,Near Duplicate,pHash < 5,Flagged,Temporal static scene
Part 5,ruokolahti_DJI_0086_frame324,Near Duplicate,pHash < 5,Flagged,Temporal static scene
Part 5,ruokolahti_DJI_0086_frame325,Near Duplicate,pHash < 5,Flagged,Temporal static scene
Part 5,ruokolahti_DJI_0086_frame326,Near Duplicate,pHash < 5,Flagged,Temporal static scene
Part 5,ruokolahti_DJI_0086_frame327,Near Duplicate,pHash < 5,Flagged,Temporal static scene
Part 5,heinola_DJI_0029_frame1,Near Duplicate,pHash < 5,Flagged,Temporal static scene
Part 5,heinola_DJI_0029_frame4,Near Duplicate,pHash < 5,Flagged,Temporal static scene
Part 5,heinola_DJI_0029_frame5,Near Duplicate,pHash < 5,Flagged,Temporal static scene
Part 5,heinola_DJI_0029_frame6,Near Duplicate,pHash < 5,Flagged,Temporal static scene
Part 5,heinola_DJI_0029_frame7,Near Duplicate,pHash < 5,Flagged,Temporal static scene
Part 5,heinola_DJI_0029_frame8,Near Duplicate,pHash < 5,Flagged,Temporal static scene
Part 5,heinola_DJI_0029_frame85,Near Duplicate,pHash < 5,Flagged,Temporal static scene
Part 5,heinola_DJI_0029_frame166,Near Duplicate,pHash < 5,Flagged,Temporal static scene
Part 5,heinola_DJI_0029_frame181,Near Duplicate,pHash < 5,Flagged,Temporal static scene
Part 5,heinola_DJI_0029_frame182,Near Duplicate,pHash < 5,Flagged,Temporal static scene
Part 5,heinola_DJI_0029_frame183,Near Duplicate,pHash < 5,Flagged,Temporal static scene
Part 5,heinola_DJI_0029_frame184,Near Duplicate,pHash < 5,Flagged,Temporal static scene
Part 5,heinola_DJI_0029_frame185,Near Duplicate,pHash < 5,Flagged,Temporal static scene
Part 5,heinola_DJI_0029_frame186,Near Duplicate,pHash < 5,Flagged,Temporal static scene
Part 5,heinola_DJI_0029_frame187,Near Duplicate,pHash < 5,Flagged,Temporal static scene
Part 5,heinola_DJI_0029_frame188,Near Duplicate,pHash < 5,Flagged,Temporal static scene
Part 5,heinola_DJI_0029_frame189,Near Duplicate,pHash < 5,Flagged,Temporal static scene
Part 5,heinola_DJI_0029_frame190,Near Duplicate,pHash < 5,Flagged,Temporal static scene
Part 5,heinola_DJI_0029_frame191,Near Duplicate,pHash < 5,Flagged,Temporal static scene
Part 5,heinola_DJI_0029_frame192,Near Duplicate,pHash < 5,Flagged,Temporal static scene
Part 5,heinola_DJI_0029_frame193,Near Duplicate,pHash < 5,Flagged,Temporal static scene
Part 5,heinola_DJI_0029_frame194,Near Duplicate,pHash < 5,Flagged,Temporal static scene
Part 5,heinola_DJI_0029_frame195,Near Duplicate,pHash < 5,Flagged,Temporal static scene
Part 5,heinola_DJI_0029_frame196,Near Duplicate,pHash < 5,Flagged,Temporal static scene
Part 5,heinola_DJI_0029_frame197,Near Duplicate,pHash < 5,Flagged,Temporal static scene
Part 5,heinola_DJI_0029_frame199,Near Duplicate,pHash < 5,Flagged,Temporal static scene
Part 5,heinola_DJI_0029_frame200,Near Duplicate,pHash < 5,Flagged,Temporal static scene
Part 5,heinola_DJI_0029_frame201,Near Duplicate,pHash < 5,Flagged,Temporal static scene
Part 5,heinola_DJI_0029_frame202,Near Duplicate,pHash < 5,Flagged,Temporal static scene
Part 5,heinola_DJI_0029_frame203,Near Duplicate,pHash < 5,Flagged,Temporal static scene
Part 5,heinola_DJI_0029_frame204,Near Duplicate,pHash < 5,Flagged,Temporal static scene
Part 5,heinola_DJI_0029_frame205,Near Duplicate,pHash < 5,Flagged,Temporal static scene
Part 5,heinola_DJI_0029_frame206,Near Duplicate,pHash < 5,Flagged,Temporal static scene
Part 5,heinola_DJI_0029_frame207,Near Duplicate,pHash < 5,Flagged,Temporal static scene
Part 5,heinola_DJI_0029_frame209,Near Duplicate,pHash < 5,Flagged,Temporal static scene
Part 5,karkkila_DJI_0005_frame1,Near Duplicate,pHash < 5,Flagged,Temporal static scene
Part 5,karkkila_DJI_0005_frame5,Near Duplicate,pHash < 5,Flagged,Temporal static scene
Part 5,karkkila_DJI_0005_frame7,Near Duplicate,pHash < 5,Flagged,Temporal static scene
Part 5,karkkila_DJI_0005_frame9,Near Duplicate,pHash < 5,Flagged,Temporal static scene
Part 5,karkkila_DJI_0005_frame10,Near Duplicate,pHash < 5,Flagged,Temporal static scene
Part 5,karkkila_DJI_0005_frame12,Near Duplicate,pHash < 5,Flagged,Temporal static scene
Part 5,karkkila_DJI_0005_frame13,Near Duplicate,pHash < 5,Flagged,Temporal static scene
Part 5,karkkila_DJI_0005_frame14,Near Duplicate,pHash < 5,Flagged,Temporal static scene
Part 5,karkkila_DJI_0005_frame15,Near Duplicate,pHash < 5,Flagged,Temporal static scene
Part 5,karkkila_DJI_0005_frame16,Near Duplicate,pHash < 5,Flagged,Temporal static scene
Part 5,karkkila_DJI_0005_frame17,Near Duplicate,pHash < 5,Flagged,Temporal static scene
Part 5,karkkila_DJI_0005_frame18,Near Duplicate,pHash < 5,Flagged,Temporal static scene
Part 5,karkkila_DJI_0005_frame19,Near Duplicate,pHash < 5,Flagged,Temporal static scene
Part 5,karkkila_DJI_0005_frame21,Near Duplicate,pHash < 5,Flagged,Temporal static scene
Part 5,karkkila_DJI_0005_frame23,Near Duplicate,pHash < 5,Flagged,Temporal static scene
Part 5,karkkila_DJI_0005_frame25,Near Duplicate,pHash < 5,Flagged,Temporal static scene
Part 5,karkkila_DJI_0005_frame26,Near Duplicate,pHash < 5,Flagged,Temporal static scene
Part 5,karkkila_DJI_0005_frame27,Near Duplicate,pHash < 5,Flagged,Temporal static scene
Part 5,karkkila_DJI_0005_frame29,Near Duplicate,pHash < 5,Flagged,Temporal static scene
Part 5,karkkila_DJI_0005_frame34,Near Duplicate,pHash < 5,Flagged,Temporal static scene
Part 5,karkkila_DJI_0005_frame36,Near Duplicate,pHash < 5,Flagged,Temporal static scene
Part 5,karkkila_DJI_0005_frame37,Near Duplicate,pHash < 5,Flagged,Temporal static scene
Part 5,karkkila_DJI_0005_frame38,Near Duplicate,pHash < 5,Flagged,Temporal static scene
Part 5,karkkila_DJI_0005_frame39,Near Duplicate,pHash < 5,Flagged,Temporal static scene
Part 5,karkkila_DJI_0005_frame40,Near Duplicate,pHash < 5,Flagged,Temporal static scene
Part 5,karkkila_DJI_0005_frame42,Near Duplicate,pHash < 5,Flagged,Temporal static scene
Part 5,karkkila_DJI_0005_frame43,Near Duplicate,pHash < 5,Flagged,Temporal static scene
Part 5,karkkila_DJI_0005_frame44,Near Duplicate,pHash < 5,Flagged,Temporal static scene
Part 5,karkkila_DJI_0005_frame45,Near Duplicate,pHash < 5,Flagged,Temporal static scene
Part 5,karkkila_DJI_0005_frame47,Near Duplicate,pHash < 5,Flagged,Temporal static scene
Part 5,karkkila_DJI_0005_frame48,Near Duplicate,pHash < 5,Flagged,Temporal static scene
Part 5,karkkila_DJI_0005_frame49,Near Duplicate,pHash < 5,Flagged,Temporal static scene
Part 5,karkkila_DJI_0005_frame50,Near Duplicate,pHash < 5,Flagged,Temporal static scene
Part 5,karkkila_DJI_0005_frame51,Near Duplicate,pHash < 5,Flagged,Temporal static scene
Part 5,karkkila_DJI_0005_frame53,Near Duplicate,pHash < 5,Flagged,Temporal static scene
Part 5,karkkila_DJI_0005_frame54,Near Duplicate,pHash < 5,Flagged,Temporal static scene
Part 5,karkkila_DJI_0005_frame55,Near Duplicate,pHash < 5,Flagged,Temporal static scene
Part 5,karkkila_DJI_0005_frame56,Near Duplicate,pHash < 5,Flagged,Temporal static scene
Part 5,karkkila_DJI_0005_frame57,Near Duplicate,pHash < 5,Flagged,Temporal static scene
Part 5,karkkila_DJI_0005_frame58,Near Duplicate,pHash < 5,Flagged,Temporal static scene
Part 5,karkkila_DJI_0005_frame59,Near Duplicate,pHash < 5,Flagged,Temporal static scene
Part 5,karkkila_DJI_0005_frame60,Near Duplicate,pHash < 5,Flagged,Temporal static scene
Part 5,karkkila_DJI_0005_frame61,Near Duplicate,pHash < 5,Flagged,Temporal static scene
Part 5,karkkila_DJI_0005_frame62,Near Duplicate,pHash < 5,Flagged,Temporal static scene
Part 5,karkkila_DJI_0005_frame65,Near Duplicate,pHash < 5,Flagged,Temporal static scene
Part 5,karkkila_DJI_0005_frame66,Near Duplicate,pHash < 5,Flagged,Temporal static scene
Part 5,karkkila_DJI_0005_frame68,Near Duplicate,pHash < 5,Flagged,Temporal static scene
Part 5,karkkila_DJI_0005_frame70,Near Duplicate,pHash < 5,Flagged,Temporal static scene
Part 5,karkkila_DJI_0005_frame71,Near Duplicate,pHash < 5,Flagged,Temporal static scene
Part 5,karkkila_DJI_0005_frame73,Near Duplicate,pHash < 5,Flagged,Temporal static scene
Part 5,karkkila_DJI_0005_frame74,Near Duplicate,pHash < 5,Flagged,Temporal static scene
Part 5,karkkila_DJI_0005_frame75,Near Duplicate,pHash < 5,Flagged,Temporal static scene
Part 5,karkkila_DJI_0005_frame76,Near Duplicate,pHash < 5,Flagged,Temporal static scene
Part 5,karkkila_DJI_0005_frame77,Near Duplicate,pHash < 5,Flagged,Temporal static scene
Part 5,karkkila_DJI_0005_frame78,Near Duplicate,pHash < 5,Flagged,Temporal static scene
Part 5,karkkila_DJI_0005_frame80,Near Duplicate,pHash < 5,Flagged,Temporal static scene
Part 5,karkkila_DJI_0005_frame81,Near Duplicate,pHash < 5,Flagged,Temporal static scene
Part 5,karkkila_DJI_0005_frame82,Near Duplicate,pHash < 5,Flagged,Temporal static scene
Part 5,karkkila_DJI_0005_frame83,Near Duplicate,pHash < 5,Flagged,Temporal static scene
Part 5,karkkila_DJI_0005_frame84,Near Duplicate,pHash < 5,Flagged,Temporal static scene
Part 5,karkkila_DJI_0005_frame85,Near Duplicate,pHash < 5,Flagged,Temporal static scene
Part 5,karkkila_DJI_0005_frame87,Near Duplicate,pHash < 5,Flagged,Temporal static scene
Part 5,karkkila_DJI_0005_frame88,Near Duplicate,pHash < 5,Flagged,Temporal static scene
Part 5,karkkila_DJI_0005_frame89,Near Duplicate,pHash < 5,Flagged,Temporal static scene
Part 5,karkkila_DJI_0005_frame90,Near Duplicate,pHash < 5,Flagged,Temporal static scene
Part 5,karkkila_DJI_0005_frame91,Near Duplicate,pHash < 5,Flagged,Temporal static scene
Part 5,karkkila_DJI_0005_frame92,Near Duplicate,pHash < 5,Flagged,Temporal static scene
Part 5,karkkila_DJI_0005_frame93,Near Duplicate,pHash < 5,Flagged,Temporal static scene
Part 5,karkkila_DJI_0005_frame94,Near Duplicate,pHash < 5,Flagged,Temporal static scene
Part 5,karkkila_DJI_0005_frame95,Near Duplicate,pHash < 5,Flagged,Temporal static scene
Part 5,karkkila_DJI_0005_frame96,Near Duplicate,pHash < 5,Flagged,Temporal static scene
Part 5,karkkila_DJI_0005_frame97,Near Duplicate,pHash < 5,Flagged,Temporal static scene
Part 5,karkkila_DJI_0005_frame98,Near Duplicate,pHash < 5,Flagged,Temporal static scene
Part 5,karkkila_DJI_0005_frame99,Near Duplicate,pHash < 5,Flagged,Temporal static scene
Part 5,karkkila_DJI_0005_frame100,Near Duplicate,pHash < 5,Flagged,Temporal static scene
Part 5,karkkila_DJI_0005_frame101,Near Duplicate,pHash < 5,Flagged,Temporal static scene
Part 5,karkkila_DJI_0005_frame104,Near Duplicate,pHash < 5,Flagged,Temporal static scene
Part 5,karkkila_DJI_0005_frame105,Near Duplicate,pHash < 5,Flagged,Temporal static scene
Part 5,karkkila_DJI_0005_frame106,Near Duplicate,pHash < 5,Flagged,Temporal static scene
Part 5,karkkila_DJI_0005_frame108,Near Duplicate,pHash < 5,Flagged,Temporal static scene
Part 5,karkkila_DJI_0005_frame109,Near Duplicate,pHash < 5,Flagged,Temporal static scene
Part 5,karkkila_DJI_0005_frame110,Near Duplicate,pHash < 5,Flagged,Temporal static scene
Part 5,karkkila_DJI_0005_frame111,Near Duplicate,pHash < 5,Flagged,Temporal static scene
Part 5,karkkila_DJI_0005_frame112,Near Duplicate,pHash < 5,Flagged,Temporal static scene
Part 5,karkkila_DJI_0005_frame113,Near Duplicate,pHash < 5,Flagged,Temporal static scene
Part 5,karkkila_DJI_0005_frame114,Near Duplicate,pHash < 5,Flagged,Temporal static scene
Part 5,karkkila_DJI_0005_frame117,Near Duplicate,pHash < 5,Flagged,Temporal static scene
Part 5,karkkila_DJI_0005_frame118,Near Duplicate,pHash < 5,Flagged,Temporal static scene
Part 5,karkkila_DJI_0005_frame119,Near Duplicate,pHash < 5,Flagged,Temporal static scene
Part 5,karkkila_DJI_0005_frame120,Near Duplicate,pHash < 5,Flagged,Temporal static scene
Part 5,karkkila_DJI_0005_frame121,Near Duplicate,pHash < 5,Flagged,Temporal static scene
Part 5,karkkila_DJI_0005_frame122,Near Duplicate,pHash < 5,Flagged,Temporal static scene
Part 5,karkkila_DJI_0005_frame123,Near Duplicate,pHash < 5,Flagged,Temporal static scene
Part 5,karkkila_DJI_0005_frame124,Near Duplicate,pHash < 5,Flagged,Temporal static scene
Part 5,karkkila_DJI_0005_frame125,Near Duplicate,pHash < 5,Flagged,Temporal static scene
Part 5,karkkila_DJI_0005_frame126,Near Duplicate,pHash < 5,Flagged,Temporal static scene
Part 5,karkkila_DJI_0005_frame128,Near Duplicate,pHash < 5,Flagged,Temporal static scene
Part 5,karkkila_DJI_0005_frame134,Near Duplicate,pHash < 5,Flagged,Temporal static scene
Part 5,karkkila_DJI_0005_frame135,Near Duplicate,pHash < 5,Flagged,Temporal static scene
Part 5,karkkila_DJI_0005_frame136,Near Duplicate,pHash < 5,Flagged,Temporal static scene
Part 5,karkkila_DJI_0005_frame137,Near Duplicate,pHash < 5,Flagged,Temporal static scene
Part 5,karkkila_DJI_0005_frame138,Near Duplicate,pHash < 5,Flagged,Temporal static scene
Part 5,karkkila_DJI_0005_frame139,Near Duplicate,pHash < 5,Flagged,Temporal static scene
Part 5,karkkila_DJI_0005_frame140,Near Duplicate,pHash < 5,Flagged,Temporal static scene
Part 5,karkkila_DJI_0005_frame141,Near Duplicate,pHash < 5,Flagged,Temporal static scene
Part 5,karkkila_DJI_0005_frame143,Near Duplicate,pHash < 5,Flagged,Temporal static scene
Part 5,karkkila_DJI_0005_frame146,Near Duplicate,pHash < 5,Flagged,Temporal static scene
Part 5,karkkila_DJI_0005_frame147,Near Duplicate,pHash < 5,Flagged,Temporal static scene
Part 5,karkkila_DJI_0005_frame148,Near Duplicate,pHash < 5,Flagged,Temporal static scene
Part 5,karkkila_DJI_0005_frame149,Near Duplicate,pHash < 5,Flagged,Temporal static scene
Part 5,karkkila_DJI_0005_frame151,Near Duplicate,pHash < 5,Flagged,Temporal static scene
Part 5,karkkila_DJI_0005_frame152,Near Duplicate,pHash < 5,Flagged,Temporal static scene
Part 5,karkkila_DJI_0005_frame156,Near Duplicate,pHash < 5,Flagged,Temporal static scene
Part 5,karkkila_DJI_0005_frame157,Near Duplicate,pHash < 5,Flagged,Temporal static scene
Part 5,karkkila_DJI_0005_frame158,Near Duplicate,pHash < 5,Flagged,Temporal static scene
Part 5,karkkila_DJI_0005_frame159,Near Duplicate,pHash < 5,Flagged,Temporal static scene
Part 5,karkkila_DJI_0005_frame160,Near Duplicate,pHash < 5,Flagged,Temporal static scene
Part 5,karkkila_DJI_0005_frame161,Near Duplicate,pHash < 5,Flagged,Temporal static scene
Part 5,karkkila_DJI_0005_frame162,Near Duplicate,pHash < 5,Flagged,Temporal static scene
Part 5,karkkila_DJI_0005_frame163,Near Duplicate,pHash < 5,Flagged,Temporal static scene
Part 5,karkkila_DJI_0005_frame164,Near Duplicate,pHash < 5,Flagged,Temporal static scene
Part 5,karkkila_DJI_0005_frame165,Near Duplicate,pHash < 5,Flagged,Temporal static scene
Part 5,karkkila_DJI_0005_frame166,Near Duplicate,pHash < 5,Flagged,Temporal static scene
Part 5,karkkila_DJI_0005_frame168,Near Duplicate,pHash < 5,Flagged,Temporal static scene
Part 5,karkkila_DJI_0005_frame169,Near Duplicate,pHash < 5,Flagged,Temporal static scene
Part 5,karkkila_DJI_0004_frame101,Near Duplicate,pHash < 5,Flagged,Temporal static scene
Part 5,karkkila_DJI_0004_frame102,Near Duplicate,pHash < 5,Flagged,Temporal static scene
Part 5,karkkila_DJI_0004_frame105,Near Duplicate,pHash < 5,Flagged,Temporal static scene
Part 5,karkkila_DJI_0004_frame108,Near Duplicate,pHash < 5,Flagged,Temporal static scene
Part 5,karkkila_DJI_0004_frame109,Near Duplicate,pHash < 5,Flagged,Temporal static scene
Part 5,karkkila_DJI_0004_frame110,Near Duplicate,pHash < 5,Flagged,Temporal static scene
Part 5,karkkila_DJI_0004_frame111,Near Duplicate,pHash < 5,Flagged,Temporal static scene
Part 5,karkkila_DJI_0004_frame112,Near Duplicate,pHash < 5,Flagged,Temporal static scene
Part 5,karkkila_DJI_0004_frame113,Near Duplicate,pHash < 5,Flagged,Temporal static scene
Part 5,karkkila_DJI_0004_frame114,Near Duplicate,pHash < 5,Flagged,Temporal static scene
Part 5,karkkila_DJI_0004_frame115,Near Duplicate,pHash < 5,Flagged,Temporal static scene
Part 5,karkkila_DJI_0004_frame116,Near Duplicate,pHash < 5,Flagged,Temporal static scene
Part 5,karkkila_DJI_0004_frame117,Near Duplicate,pHash < 5,Flagged,Temporal static scene
Part 5,karkkila_DJI_0004_frame118,Near Duplicate,pHash < 5,Flagged,Temporal static scene
Part 5,karkkila_DJI_0004_frame119,Near Duplicate,pHash < 5,Flagged,Temporal static scene
Part 5,karkkila_DJI_0004_frame123,Near Duplicate,pHash < 5,Flagged,Temporal static scene
Part 5,karkkila_DJI_0004_frame124,Near Duplicate,pHash < 5,Flagged,Temporal static scene
Part 5,karkkila_DJI_0004_frame125,Near Duplicate,pHash < 5,Flagged,Temporal static scene
Part 5,karkkila_DJI_0004_frame129,Near Duplicate,pHash < 5,Flagged,Temporal static scene
Part 5,karkkila_DJI_0004_frame133,Near Duplicate,pHash < 5,Flagged,Temporal static scene
Part 5,karkkila_DJI_0004_frame134,Near Duplicate,pHash < 5,Flagged,Temporal static scene
Part 5,karkkila_DJI_0004_frame135,Near Duplicate,pHash < 5,Flagged,Temporal static scene
Part 5,karkkila_DJI_0004_frame136,Near Duplicate,pHash < 5,Flagged,Temporal static scene
Part 5,karkkila_DJI_0004_frame137,Near Duplicate,pHash < 5,Flagged,Temporal static scene
Part 5,karkkila_DJI_0004_frame138,Near Duplicate,pHash < 5,Flagged,Temporal static scene
Part 5,karkkila_DJI_0004_frame140,Near Duplicate,pHash < 5,Flagged,Temporal static scene
Part 5,karkkila_DJI_0004_frame142,Near Duplicate,pHash < 5,Flagged,Temporal static scene
Part 5,karkkila_DJI_0004_frame143,Near Duplicate,pHash < 5,Flagged,Temporal static scene
Part 5,karkkila_DJI_0004_frame145,Near Duplicate,pHash < 5,Flagged,Temporal static scene
Part 5,karkkila_DJI_0004_frame146,Near Duplicate,pHash < 5,Flagged,Temporal static scene
Part 5,karkkila_DJI_0004_frame147,Near Duplicate,pHash < 5,Flagged,Temporal static scene
Part 5,karkkila_DJI_0004_frame148,Near Duplicate,pHash < 5,Flagged,Temporal static scene
Part 5,karkkila_DJI_0004_frame149,Near Duplicate,pHash < 5,Flagged,Temporal static scene
Part 5,karkkila_DJI_0004_frame150,Near Duplicate,pHash < 5,Flagged,Temporal static scene
Part 5,karkkila_DJI_0004_frame151,Near Duplicate,pHash < 5,Flagged,Temporal static scene
Part 5,karkkila_DJI_0004_frame152,Near Duplicate,pHash < 5,Flagged,Temporal static scene
Part 5,karkkila_DJI_0004_frame153,Near Duplicate,pHash < 5,Flagged,Temporal static scene
Part 5,karkkila_DJI_0004_frame154,Near Duplicate,pHash < 5,Flagged,Temporal static scene
Part 5,karkkila_DJI_0004_frame157,Near Duplicate,pHash < 5,Flagged,Temporal static scene
Part 5,karkkila_DJI_0004_frame158,Near Duplicate,pHash < 5,Flagged,Temporal static scene
Part 5,karkkila_DJI_0004_frame159,Near Duplicate,pHash < 5,Flagged,Temporal static scene
Part 5,karkkila_DJI_0004_frame160,Near Duplicate,pHash < 5,Flagged,Temporal static scene
Part 5,karkkila_DJI_0004_frame161,Near Duplicate,pHash < 5,Flagged,Temporal static scene
Part 5,karkkila_DJI_0004_frame162,Near Duplicate,pHash < 5,Flagged,Temporal static scene
Part 5,karkkila_DJI_0004_frame163,Near Duplicate,pHash < 5,Flagged,Temporal static scene
Part 5,karkkila_DJI_0004_frame164,Near Duplicate,pHash < 5,Flagged,Temporal static scene
Part 5,karkkila_DJI_0004_frame165,Near Duplicate,pHash < 5,Flagged,Temporal static scene
Part 5,karkkila_DJI_0004_frame170,Near Duplicate,pHash < 5,Flagged,Temporal static scene
Part 5,karkkila_DJI_0001_frame56,Near Duplicate,pHash < 5,Flagged,Temporal static scene
Part 5,karkkila_DJI_0001_frame57,Near Duplicate,pHash < 5,Flagged,Temporal static scene
Part 5,karkkila_DJI_0001_frame58,Near Duplicate,pHash < 5,Flagged,Temporal static scene
Part 5,karkkila_DJI_0001_frame59,Near Duplicate,pHash < 5,Flagged,Temporal static scene
Part 5,karkkila_DJI_0001_frame60,Near Duplicate,pHash < 5,Flagged,Temporal static scene
Part 5,karkkila_DJI_0001_frame61,Near Duplicate,pHash < 5,Flagged,Temporal static scene
Part 5,karkkila_DJI_0001_frame63,Near Duplicate,pHash < 5,Flagged,Temporal static scene
Part 5,karkkila_DJI_0001_frame65,Near Duplicate,pHash < 5,Flagged,Temporal static scene
Part 5,karkkila_DJI_0001_frame68,Near Duplicate,pHash < 5,Flagged,Temporal static scene
Part 5,karkkila_DJI_0001_frame70,Near Duplicate,pHash < 5,Flagged,Temporal static scene
Part 5,karkkila_DJI_0001_frame71,Near Duplicate,pHash < 5,Flagged,Temporal static scene
Part 5,karkkila_DJI_0001_frame72,Near Duplicate,pHash < 5,Flagged,Temporal static scene
Part 5,karkkila_DJI_0001_frame73,Near Duplicate,pHash < 5,Flagged,Temporal static scene
Part 5,karkkila_DJI_0001_frame75,Near Duplicate,pHash < 5,Flagged,Temporal static scene
Part 5,karkkila_DJI_0001_frame76,Near Duplicate,pHash < 5,Flagged,Temporal static scene
Part 5,karkkila_DJI_0001_frame78,Near Duplicate,pHash < 5,Flagged,Temporal static scene
Part 5,karkkila_DJI_0001_frame79,Near Duplicate,pHash < 5,Flagged,Temporal static scene
Part 5,karkkila_DJI_0001_frame80,Near Duplicate,pHash < 5,Flagged,Temporal static scene
Part 5,karkkila_DJI_0001_frame81,Near Duplicate,pHash < 5,Flagged,Temporal static scene
Part 5,karkkila_DJI_0001_frame82,Near Duplicate,pHash < 5,Flagged,Temporal static scene
Part 5,karkkila_DJI_0001_frame83,Near Duplicate,pHash < 5,Flagged,Temporal static scene
Part 5,karkkila_DJI_0001_frame84,Near Duplicate,pHash < 5,Flagged,Temporal static scene
Part 5,karkkila_DJI_0001_frame85,Near Duplicate,pHash < 5,Flagged,Temporal static scene
Part 5,karkkila_DJI_0001_frame86,Near Duplicate,pHash < 5,Flagged,Temporal static scene
Part 5,karkkila_DJI_0001_frame89,Near Duplicate,pHash < 5,Flagged,Temporal static scene
Part 5,karkkila_DJI_0001_frame90,Near Duplicate,pHash < 5,Flagged,Temporal static scene
Part 5,karkkila_DJI_0001_frame91,Near Duplicate,pHash < 5,Flagged,Temporal static scene
Part 5,karkkila_DJI_0001_frame92,Near Duplicate,pHash < 5,Flagged,Temporal static scene
Part 5,karkkila_DJI_0001_frame93,Near Duplicate,pHash < 5,Flagged,Temporal static scene
Part 5,karkkila_DJI_0001_frame94,Near Duplicate,pHash < 5,Flagged,Temporal static scene
Part 5,karkkila_DJI_0001_frame96,Near Duplicate,pHash < 5,Flagged,Temporal static scene
Part 5,karkkila_DJI_0001_frame98,Near Duplicate,pHash < 5,Flagged,Temporal static scene
Part 5,karkkila_DJI_0001_frame99,Near Duplicate,pHash < 5,Flagged,Temporal static scene
Part 5,karkkila_DJI_0001_frame100,Near Duplicate,pHash < 5,Flagged,Temporal static scene
Part 5,karkkila_DJI_0001_frame101,Near Duplicate,pHash < 5,Flagged,Temporal static scene
Part 5,karkkila_DJI_0001_frame102,Near Duplicate,pHash < 5,Flagged,Temporal static scene
Part 5,karkkila_DJI_0001_frame103,Near Duplicate,pHash < 5,Flagged,Temporal static scene
Part 5,karkkila_DJI_0001_frame104,Near Duplicate,pHash < 5,Flagged,Temporal static scene
Part 5,karkkila_DJI_0001_frame105,Near Duplicate,pHash < 5,Flagged,Temporal static scene
Part 5,karkkila_DJI_0001_frame106,Near Duplicate,pHash < 5,Flagged,Temporal static scene
Part 5,karkkila_DJI_0001_frame107,Near Duplicate,pHash < 5,Flagged,Temporal static scene
Part 5,karkkila_DJI_0001_frame108,Near Duplicate,pHash < 5,Flagged,Temporal static scene
Part 5,karkkila_DJI_0001_frame109,Near Duplicate,pHash < 5,Flagged,Temporal static scene
Part 5,karkkila_DJI_0001_frame110,Near Duplicate,pHash < 5,Flagged,Temporal static scene
Part 5,karkkila_DJI_0001_frame111,Near Duplicate,pHash < 5,Flagged,Temporal static scene
Part 5,karkkila_DJI_0001_frame112,Near Duplicate,pHash < 5,Flagged,Temporal static scene
Part 5,karkkila_DJI_0001_frame113,Near Duplicate,pHash < 5,Flagged,Temporal static scene
Part 5,karkkila_DJI_0001_frame114,Near Duplicate,pHash < 5,Flagged,Temporal static scene
Part 5,karkkila_DJI_0001_frame115,Near Duplicate,pHash < 5,Flagged,Temporal static scene
Part 5,karkkila_DJI_0001_frame116,Near Duplicate,pHash < 5,Flagged,Temporal static scene
Part 5,karkkila_DJI_0001_frame118,Near Duplicate,pHash < 5,Flagged,Temporal static scene
Part 5,karkkila_DJI_0001_frame119,Near Duplicate,pHash < 5,Flagged,Temporal static scene
Part 5,karkkila_DJI_0001_frame120,Near Duplicate,pHash < 5,Flagged,Temporal static scene
Part 5,karkkila_DJI_0001_frame122,Near Duplicate,pHash < 5,Flagged,Temporal static scene
Part 5,karkkila_DJI_0001_frame123,Near Duplicate,pHash < 5,Flagged,Temporal static scene
Part 5,heinola_DJI_0033_frame1,Near Duplicate,pHash < 5,Flagged,Temporal static scene
Part 5,heinola_DJI_0033_frame2,Near Duplicate,pHash < 5,Flagged,Temporal static scene
Part 5,heinola_DJI_0033_frame3,Near Duplicate,pHash < 5,Flagged,Temporal static scene
Part 5,heinola_DJI_0033_frame4,Near Duplicate,pHash < 5,Flagged,Temporal static scene
Part 5,heinola_DJI_0033_frame5,Near Duplicate,pHash < 5,Flagged,Temporal static scene
Part 5,heinola_DJI_0033_frame6,Near Duplicate,pHash < 5,Flagged,Temporal static scene
Part 5,heinola_DJI_0033_frame7,Near Duplicate,pHash < 5,Flagged,Temporal static scene
Part 5,heinola_DJI_0033_frame8,Near Duplicate,pHash < 5,Flagged,Temporal static scene
Part 5,heinola_DJI_0033_frame11,Near Duplicate,pHash < 5,Flagged,Temporal static scene
Part 5,heinola_DJI_0033_frame12,Near Duplicate,pHash < 5,Flagged,Temporal static scene
Part 5,heinola_DJI_0033_frame13,Near Duplicate,pHash < 5,Flagged,Temporal static scene
Part 5,heinola_DJI_0033_frame14,Near Duplicate,pHash < 5,Flagged,Temporal static scene
Part 5,heinola_DJI_0033_frame15,Near Duplicate,pHash < 5,Flagged,Temporal static scene
Part 5,heinola_DJI_0033_frame16,Near Duplicate,pHash < 5,Flagged,Temporal static scene
Part 5,heinola_DJI_0033_frame17,Near Duplicate,pHash < 5,Flagged,Temporal static scene
Part 5,heinola_DJI_0033_frame18,Near Duplicate,pHash < 5,Flagged,Temporal static scene
Part 5,heinola_DJI_0033_frame19,Near Duplicate,pHash < 5,Flagged,Temporal static scene
Part 5,heinola_DJI_0033_frame21,Near Duplicate,pHash < 5,Flagged,Temporal static scene
Part 5,heinola_DJI_0033_frame22,Near Duplicate,pHash < 5,Flagged,Temporal static scene
Part 5,heinola_DJI_0033_frame23,Near Duplicate,pHash < 5,Flagged,Temporal static scene
Part 5,heinola_DJI_0033_frame24,Near Duplicate,pHash < 5,Flagged,Temporal static scene
Part 5,heinola_DJI_0033_frame25,Near Duplicate,pHash < 5,Flagged,Temporal static scene
Part 5,heinola_DJI_0033_frame26,Near Duplicate,pHash < 5,Flagged,Temporal static scene
Part 5,heinola_DJI_0033_frame27,Near Duplicate,pHash < 5,Flagged,Temporal static scene
Part 5,heinola_DJI_0033_frame28,Near Duplicate,pHash < 5,Flagged,Temporal static scene
Part 5,heinola_DJI_0033_frame29,Near Duplicate,pHash < 5,Flagged,Temporal static scene
Part 5,heinola_DJI_0033_frame30,Near Duplicate,pHash < 5,Flagged,Temporal static scene
Part 5,heinola_DJI_0033_frame31,Near Duplicate,pHash < 5,Flagged,Temporal static scene
Part 5,heinola_DJI_0033_frame32,Near Duplicate,pHash < 5,Flagged,Temporal static scene
Part 5,heinola_DJI_0033_frame33,Near Duplicate,pHash < 5,Flagged,Temporal static scene
Part 5,heinola_DJI_0033_frame34,Near Duplicate,pHash < 5,Flagged,Temporal static scene
Part 5,heinola_DJI_0033_frame35,Near Duplicate,pHash < 5,Flagged,Temporal static scene
Part 5,heinola_DJI_0033_frame36,Near Duplicate,pHash < 5,Flagged,Temporal static scene
Part 5,heinola_DJI_0033_frame37,Near Duplicate,pHash < 5,Flagged,Temporal static scene
Part 5,heinola_DJI_0033_frame38,Near Duplicate,pHash < 5,Flagged,Temporal static scene
Part 5,heinola_DJI_0033_frame39,Near Duplicate,pHash < 5,Flagged,Temporal static scene
Part 5,heinola_DJI_0033_frame40,Near Duplicate,pHash < 5,Flagged,Temporal static scene
Part 5,heinola_DJI_0033_frame41,Near Duplicate,pHash < 5,Flagged,Temporal static scene
Part 5,heinola_DJI_0033_frame42,Near Duplicate,pHash < 5,Flagged,Temporal static scene
Part 5,heinola_DJI_0033_frame43,Near Duplicate,pHash < 5,Flagged,Temporal static scene
Part 5,heinola_DJI_0033_frame44,Near Duplicate,pHash < 5,Flagged,Temporal static scene
Part 5,heinola_DJI_0033_frame45,Near Duplicate,pHash < 5,Flagged,Temporal static scene
Part 5,heinola_DJI_0033_frame46,Near Duplicate,pHash < 5,Flagged,Temporal static scene
Part 5,heinola_DJI_0033_frame47,Near Duplicate,pHash < 5,Flagged,Temporal static scene
Part 5,heinola_DJI_0033_frame48,Near Duplicate,pHash < 5,Flagged,Temporal static scene
Part 5,heinola_DJI_0033_frame49,Near Duplicate,pHash < 5,Flagged,Temporal static scene
Part 5,heinola_DJI_0033_frame50,Near Duplicate,pHash < 5,Flagged,Temporal static scene
Part 5,heinola_DJI_0033_frame51,Near Duplicate,pHash < 5,Flagged,Temporal static scene
Part 5,heinola_DJI_0033_frame52,Near Duplicate,pHash < 5,Flagged,Temporal static scene
Part 5,heinola_DJI_0033_frame53,Near Duplicate,pHash < 5,Flagged,Temporal static scene
Part 5,heinola_DJI_0033_frame54,Near Duplicate,pHash < 5,Flagged,Temporal static scene
Part 5,heinola_DJI_0033_frame55,Near Duplicate,pHash < 5,Flagged,Temporal static scene
Part 5,heinola_DJI_0033_frame56,Near Duplicate,pHash < 5,Flagged,Temporal static scene
Part 5,heinola_DJI_0033_frame57,Near Duplicate,pHash < 5,Flagged,Temporal static scene
Part 5,heinola_DJI_0033_frame58,Near Duplicate,pHash < 5,Flagged,Temporal static scene
Part 5,heinola_DJI_0033_frame59,Near Duplicate,pHash < 5,Flagged,Temporal static scene
Part 5,heinola_DJI_0033_frame60,Near Duplicate,pHash < 5,Flagged,Temporal static scene
Part 5,heinola_DJI_0033_frame61,Near Duplicate,pHash < 5,Flagged,Temporal static scene
Part 5,heinola_DJI_0033_frame62,Near Duplicate,pHash < 5,Flagged,Temporal static scene
Part 5,heinola_DJI_0033_frame63,Near Duplicate,pHash < 5,Flagged,Temporal static scene
Part 5,heinola_DJI_0033_frame64,Near Duplicate,pHash < 5,Flagged,Temporal static scene
Part 5,heinola_DJI_0033_frame65,Near Duplicate,pHash < 5,Flagged,Temporal static scene
Part 5,heinola_DJI_0033_frame66,Near Duplicate,pHash < 5,Flagged,Temporal static scene
Part 5,heinola_DJI_0033_frame67,Near Duplicate,pHash < 5,Flagged,Temporal static scene
Part 5,heinola_DJI_0033_frame68,Near Duplicate,pHash < 5,Flagged,Temporal static scene
Part 5,heinola_DJI_0033_frame69,Near Duplicate,pHash < 5,Flagged,Temporal static scene
Part 5,heinola_DJI_0033_frame70,Near Duplicate,pHash < 5,Flagged,Temporal static scene
Part 5,heinola_DJI_0033_frame71,Near Duplicate,pHash < 5,Flagged,Temporal static scene
Part 5,heinola_DJI_0033_frame84,Near Duplicate,pHash < 5,Flagged,Temporal static scene
Part 5,heinola_DJI_0033_frame85,Near Duplicate,pHash < 5,Flagged,Temporal static scene
Part 5,heinola_DJI_0033_frame86,Near Duplicate,pHash < 5,Flagged,Temporal static scene
Part 5,heinola_DJI_0033_frame87,Near Duplicate,pHash < 5,Flagged,Temporal static scene
Part 5,heinola_DJI_0033_frame88,Near Duplicate,pHash < 5,Flagged,Temporal static scene
Part 5,heinola_DJI_0033_frame89,Near Duplicate,pHash < 5,Flagged,Temporal static scene
Part 5,heinola_DJI_0033_frame90,Near Duplicate,pHash < 5,Flagged,Temporal static scene
Part 5,heinola_DJI_0033_frame91,Near Duplicate,pHash < 5,Flagged,Temporal static scene
Part 5,heinola_DJI_0033_frame92,Near Duplicate,pHash < 5,Flagged,Temporal static scene
Part 5,heinola_DJI_0033_frame93,Near Duplicate,pHash < 5,Flagged,Temporal static scene
Part 5,heinola_DJI_0033_frame94,Near Duplicate,pHash < 5,Flagged,Temporal static scene
Part 5,heinola_DJI_0033_frame107,Near Duplicate,pHash < 5,Flagged,Temporal static scene
Part 5,heinola_DJI_0033_frame108,Near Duplicate,pHash < 5,Flagged,Temporal static scene
Part 5,heinola_DJI_0033_frame109,Near Duplicate,pHash < 5,Flagged,Temporal static scene
Part 5,heinola_DJI_0033_frame110,Near Duplicate,pHash < 5,Flagged,Temporal static scene
Part 5,heinola_DJI_0033_frame111,Near Duplicate,pHash < 5,Flagged,Temporal static scene
Part 5,heinola_DJI_0033_frame112,Near Duplicate,pHash < 5,Flagged,Temporal static scene
Part 5,heinola_DJI_0033_frame113,Near Duplicate,pHash < 5,Flagged,Temporal static scene
Part 5,heinola_DJI_0033_frame114,Near Duplicate,pHash < 5,Flagged,Temporal static scene
Part 5,heinola_DJI_0033_frame115,Near Duplicate,pHash < 5,Flagged,Temporal static scene
Part 5,heinola_DJI_0033_frame116,Near Duplicate,pHash < 5,Flagged,Temporal static scene
Part 5,heinola_DJI_0033_frame117,Near Duplicate,pHash < 5,Flagged,Temporal static scene
Part 5,heinola_DJI_0033_frame118,Near Duplicate,pHash < 5,Flagged,Temporal static scene
Part 5,heinola_DJI_0033_frame119,Near Duplicate,pHash < 5,Flagged,Temporal static scene
Part 5,heinola_DJI_0033_frame120,Near Duplicate,pHash < 5,Flagged,Temporal static scene
Part 5,heinola_DJI_0033_frame122,Near Duplicate,pHash < 5,Flagged,Temporal static scene
Part 5,heinola_DJI_0033_frame123,Near Duplicate,pHash < 5,Flagged,Temporal static scene
Part 5,heinola_DJI_0033_frame124,Near Duplicate,pHash < 5,Flagged,Temporal static scene
Part 5,heinola_DJI_0033_frame125,Near Duplicate,pHash < 5,Flagged,Temporal static scene
Part 5,heinola_DJI_0033_frame126,Near Duplicate,pHash < 5,Flagged,Temporal static scene
Part 5,heinola_DJI_0033_frame127,Near Duplicate,pHash < 5,Flagged,Temporal static scene
Part 5,heinola_DJI_0033_frame131,Near Duplicate,pHash < 5,Flagged,Temporal static scene
Part 5,heinola_DJI_0033_frame132,Near Duplicate,pHash < 5,Flagged,Temporal static scene
Part 5,heinola_DJI_0033_frame133,Near Duplicate,pHash < 5,Flagged,Temporal static scene
Part 5,heinola_DJI_0033_frame134,Near Duplicate,pHash < 5,Flagged,Temporal static scene
Part 5,heinola_DJI_0033_frame135,Near Duplicate,pHash < 5,Flagged,Temporal static scene
Part 5,heinola_DJI_0033_frame136,Near Duplicate,pHash < 5,Flagged,Temporal static scene
Part 5,heinola_DJI_0033_frame137,Near Duplicate,pHash < 5,Flagged,Temporal static scene
Part 5,heinola_DJI_0033_frame138,Near Duplicate,pHash < 5,Flagged,Temporal static scene
Part 5,heinola_DJI_0033_frame139,Near Duplicate,pHash < 5,Flagged,Temporal static scene
Part 5,heinola_DJI_0033_frame140,Near Duplicate,pHash < 5,Flagged,Temporal static scene
Part 5,heinola_DJI_0033_frame141,Near Duplicate,pHash < 5,Flagged,Temporal static scene
Part 5,heinola_DJI_0033_frame142,Near Duplicate,pHash < 5,Flagged,Temporal static scene
Part 5,heinola_DJI_0033_frame143,Near Duplicate,pHash < 5,Flagged,Temporal static scene
Part 5,heinola_DJI_0033_frame144,Near Duplicate,pHash < 5,Flagged,Temporal static scene
Part 5,heinola_DJI_0033_frame145,Near Duplicate,pHash < 5,Flagged,Temporal static scene
Part 5,heinola_DJI_0033_frame146,Near Duplicate,pHash < 5,Flagged,Temporal static scene
Part 5,heinola_DJI_0033_frame147,Near Duplicate,pHash < 5,Flagged,Temporal static scene
Part 5,heinola_DJI_0033_frame148,Near Duplicate,pHash < 5,Flagged,Temporal static scene
Part 5,heinola_DJI_0033_frame151,Near Duplicate,pHash < 5,Flagged,Temporal static scene
Part 5,heinola_DJI_0033_frame152,Near Duplicate,pHash < 5,Flagged,Temporal static scene
Part 5,heinola_DJI_0033_frame153,Near Duplicate,pHash < 5,Flagged,Temporal static scene
Part 5,heinola_DJI_0033_frame154,Near Duplicate,pHash < 5,Flagged,Temporal static scene
Part 5,heinola_DJI_0033_frame155,Near Duplicate,pHash < 5,Flagged,Temporal static scene
Part 5,heinola_DJI_0033_frame156,Near Duplicate,pHash < 5,Flagged,Temporal static scene
Part 5,heinola_DJI_0033_frame157,Near Duplicate,pHash < 5,Flagged,Temporal static scene
Part 5,heinola_DJI_0033_frame158,Near Duplicate,pHash < 5,Flagged,Temporal static scene
Part 5,heinola_DJI_0033_frame159,Near Duplicate,pHash < 5,Flagged,Temporal static scene
Part 5,heinola_DJI_0033_frame160,Near Duplicate,pHash < 5,Flagged,Temporal static scene
Part 5,heinola_DJI_0033_frame161,Near Duplicate,pHash < 5,Flagged,Temporal static scene
Part 5,heinola_DJI_0033_frame162,Near Duplicate,pHash < 5,Flagged,Temporal static scene
Part 5,heinola_DJI_0033_frame163,Near Duplicate,pHash < 5,Flagged,Temporal static scene
Part 5,heinola_DJI_0033_frame164,Near Duplicate,pHash < 5,Flagged,Temporal static scene
Part 5,heinola_DJI_0033_frame165,Near Duplicate,pHash < 5,Flagged,Temporal static scene
Part 5,heinola_DJI_0033_frame166,Near Duplicate,pHash < 5,Flagged,Temporal static scene
Part 5,heinola_DJI_0033_frame167,Near Duplicate,pHash < 5,Flagged,Temporal static scene
Part 5,heinola_DJI_0033_frame168,Near Duplicate,pHash < 5,Flagged,Temporal static scene
Part 5,heinola_DJI_0033_frame169,Near Duplicate,pHash < 5,Flagged,Temporal static scene
Part 5,heinola_DJI_0033_frame170,Near Duplicate,pHash < 5,Flagged,Temporal static scene
Part 5,heinola_DJI_0033_frame171,Near Duplicate,pHash < 5,Flagged,Temporal static scene
Part 5,heinola_DJI_0033_frame172,Near Duplicate,pHash < 5,Flagged,Temporal static scene
Part 5,heinola_DJI_0033_frame173,Near Duplicate,pHash < 5,Flagged,Temporal static scene
Part 5,heinola_DJI_0033_frame174,Near Duplicate,pHash < 5,Flagged,Temporal static scene
Part 5,heinola_DJI_0033_frame175,Near Duplicate,pHash < 5,Flagged,Temporal static scene
Part 5,heinola_DJI_0033_frame176,Near Duplicate,pHash < 5,Flagged,Temporal static scene
Part 5,heinola_DJI_0033_frame177,Near Duplicate,pHash < 5,Flagged,Temporal static scene
Part 5,heinola_DJI_0033_frame178,Near Duplicate,pHash < 5,Flagged,Temporal static scene
Part 5,heinola_DJI_0033_frame179,Near Duplicate,pHash < 5,Flagged,Temporal static scene
Part 5,heinola_DJI_0033_frame180,Near Duplicate,pHash < 5,Flagged,Temporal static scene
Part 5,heinola_DJI_0033_frame183,Near Duplicate,pHash < 5,Flagged,Temporal static scene
Part 5,heinola_DJI_0033_frame184,Near Duplicate,pHash < 5,Flagged,Temporal static scene
Part 5,heinola_DJI_0033_frame185,Near Duplicate,pHash < 5,Flagged,Temporal static scene
Part 5,heinola_DJI_0033_frame186,Near Duplicate,pHash < 5,Flagged,Temporal static scene
Part 5,heinola_DJI_0033_frame188,Near Duplicate,pHash < 5,Flagged,Temporal static scene
Part 5,heinola_DJI_0033_frame189,Near Duplicate,pHash < 5,Flagged,Temporal static scene
Part 5,heinola_DJI_0033_frame190,Near Duplicate,pHash < 5,Flagged,Temporal static scene
Part 5,heinola_DJI_0033_frame191,Near Duplicate,pHash < 5,Flagged,Temporal static scene
Part 5,heinola_DJI_0033_frame192,Near Duplicate,pHash < 5,Flagged,Temporal static scene
Part 5,heinola_DJI_0033_frame193,Near Duplicate,pHash < 5,Flagged,Temporal static scene
Part 5,heinola_DJI_0033_frame194,Near Duplicate,pHash < 5,Flagged,Temporal static scene
Part 5,heinola_DJI_0033_frame195,Near Duplicate,pHash < 5,Flagged,Temporal static scene
Part 5,heinola_DJI_0033_frame196,Near Duplicate,pHash < 5,Flagged,Temporal static scene
Part 5,heinola_DJI_0033_frame197,Near Duplicate,pHash < 5,Flagged,Temporal static scene
Part 5,heinola_DJI_0033_frame198,Near Duplicate,pHash < 5,Flagged,Temporal static scene
Part 5,heinola_DJI_0033_frame199,Near Duplicate,pHash < 5,Flagged,Temporal static scene
Part 5,heinola_DJI_0033_frame200,Near Duplicate,pHash < 5,Flagged,Temporal static scene
Part 5,heinola_DJI_0033_frame201,Near Duplicate,pHash < 5,Flagged,Temporal static scene
Part 5,heinola_DJI_0033_frame202,Near Duplicate,pHash < 5,Flagged,Temporal static scene
Part 5,heinola_DJI_0033_frame203,Near Duplicate,pHash < 5,Flagged,Temporal static scene
Part 5,heinola_DJI_0033_frame204,Near Duplicate,pHash < 5,Flagged,Temporal static scene
Part 5,heinola_DJI_0033_frame205,Near Duplicate,pHash < 5,Flagged,Temporal static scene
Part 5,heinola_DJI_0033_frame206,Near Duplicate,pHash < 5,Flagged,Temporal static scene
Part 5,heinola_DJI_0033_frame207,Near Duplicate,pHash < 5,Flagged,Temporal static scene
Part 5,heinola_DJI_0033_frame208,Near Duplicate,pHash < 5,Flagged,Temporal static scene
Part 5,heinola_DJI_0033_frame209,Near Duplicate,pHash < 5,Flagged,Temporal static scene
Part 5,heinola_DJI_0033_frame210,Near Duplicate,pHash < 5,Flagged,Temporal static scene
Part 5,heinola_DJI_0033_frame211,Near Duplicate,pHash < 5,Flagged,Temporal static scene
Part 5,heinola_DJI_0033_frame212,Near Duplicate,pHash < 5,Flagged,Temporal static scene
Part 5,heinola_DJI_0033_frame213,Near Duplicate,pHash < 5,Flagged,Temporal static scene
Part 5,heinola_DJI_0033_frame214,Near Duplicate,pHash < 5,Flagged,Temporal static scene
Part 5,heinola_DJI_0033_frame217,Near Duplicate,pHash < 5,Flagged,Temporal static scene
Part 5,heinola_DJI_0033_frame218,Near Duplicate,pHash < 5,Flagged,Temporal static scene
Part 5,heinola_DJI_0033_frame219,Near Duplicate,pHash < 5,Flagged,Temporal static scene
Part 5,heinola_DJI_0033_frame220,Near Duplicate,pHash < 5,Flagged,Temporal static scene
Part 5,heinola_DJI_0033_frame221,Near Duplicate,pHash < 5,Flagged,Temporal static scene
Part 5,heinola_DJI_0033_frame222,Near Duplicate,pHash < 5,Flagged,Temporal static scene
Part 5,heinola_DJI_0033_frame223,Near Duplicate,pHash < 5,Flagged,Temporal static scene
Part 5,heinola_DJI_0033_frame224,Near Duplicate,pHash < 5,Flagged,Temporal static scene
Part 5,heinola_DJI_0033_frame225,Near Duplicate,pHash < 5,Flagged,Temporal static scene
Part 5,heinola_DJI_0033_frame226,Near Duplicate,pHash < 5,Flagged,Temporal static scene
Part 5,heinola_DJI_0033_frame227,Near Duplicate,pHash < 5,Flagged,Temporal static scene
Part 5,heinola_DJI_0033_frame228,Near Duplicate,pHash < 5,Flagged,Temporal static scene
Part 5,heinola_DJI_0033_frame229,Near Duplicate,pHash < 5,Flagged,Temporal static scene
Part 5,heinola_DJI_0033_frame230,Near Duplicate,pHash < 5,Flagged,Temporal static scene
Part 5,heinola_DJI_0033_frame231,Near Duplicate,pHash < 5,Flagged,Temporal static scene
Part 5,heinola_DJI_0033_frame232,Near Duplicate,pHash < 5,Flagged,Temporal static scene
Part 5,heinola_DJI_0033_frame233,Near Duplicate,pHash < 5,Flagged,Temporal static scene
Part 5,heinola_DJI_0033_frame234,Near Duplicate,pHash < 5,Flagged,Temporal static scene
Part 5,heinola_DJI_0033_frame237,Near Duplicate,pHash < 5,Flagged,Temporal static scene
Part 5,heinola_DJI_0033_frame238,Near Duplicate,pHash < 5,Flagged,Temporal static scene
Part 5,heinola_DJI_0033_frame239,Near Duplicate,pHash < 5,Flagged,Temporal static scene
Part 5,heinola_DJI_0033_frame240,Near Duplicate,pHash < 5,Flagged,Temporal static scene
Part 5,heinola_DJI_0033_frame241,Near Duplicate,pHash < 5,Flagged,Temporal static scene
Part 5,heinola_DJI_0033_frame242,Near Duplicate,pHash < 5,Flagged,Temporal static scene
Part 5,heinola_DJI_0033_frame244,Near Duplicate,pHash < 5,Flagged,Temporal static scene
Part 5,heinola_DJI_0033_frame245,Near Duplicate,pHash < 5,Flagged,Temporal static scene
Part 5,heinola_DJI_0033_frame246,Near Duplicate,pHash < 5,Flagged,Temporal static scene
Part 5,heinola_DJI_0033_frame247,Near Duplicate,pHash < 5,Flagged,Temporal static scene
Part 5,heinola_DJI_0033_frame248,Near Duplicate,pHash < 5,Flagged,Temporal static scene
Part 5,heinola_DJI_0033_frame249,Near Duplicate,pHash < 5,Flagged,Temporal static scene
Part 5,karkkila_DJI_0006_frame1,Near Duplicate,pHash < 5,Flagged,Temporal static scene
Part 5,karkkila_DJI_0006_frame3,Near Duplicate,pHash < 5,Flagged,Temporal static scene
Part 5,karkkila_DJI_0006_frame4,Near Duplicate,pHash < 5,Flagged,Temporal static scene
Part 5,karkkila_DJI_0006_frame5,Near Duplicate,pHash < 5,Flagged,Temporal static scene
Part 5,karkkila_DJI_0006_frame8,Near Duplicate,pHash < 5,Flagged,Temporal static scene
Part 5,karkkila_DJI_0006_frame10,Near Duplicate,pHash < 5,Flagged,Temporal static scene
Part 5,karkkila_DJI_0006_frame15,Near Duplicate,pHash < 5,Flagged,Temporal static scene
Part 5,karkkila_DJI_0006_frame16,Near Duplicate,pHash < 5,Flagged,Temporal static scene
Part 5,karkkila_DJI_0006_frame18,Near Duplicate,pHash < 5,Flagged,Temporal static scene
Part 5,karkkila_DJI_0006_frame20,Near Duplicate,pHash < 5,Flagged,Temporal static scene
Part 5,karkkila_DJI_0006_frame22,Near Duplicate,pHash < 5,Flagged,Temporal static scene
Part 5,karkkila_DJI_0006_frame23,Near Duplicate,pHash < 5,Flagged,Temporal static scene
Part 5,karkkila_DJI_0006_frame27,Near Duplicate,pHash < 5,Flagged,Temporal static scene
Part 5,karkkila_DJI_0006_frame28,Near Duplicate,pHash < 5,Flagged,Temporal static scene
Part 5,karkkila_DJI_0006_frame29,Near Duplicate,pHash < 5,Flagged,Temporal static scene
Part 5,karkkila_DJI_0006_frame30,Near Duplicate,pHash < 5,Flagged,Temporal static scene
Part 5,karkkila_DJI_0006_frame31,Near Duplicate,pHash < 5,Flagged,Temporal static scene
Part 5,karkkila_DJI_0006_frame32,Near Duplicate,pHash < 5,Flagged,Temporal static scene
Part 5,karkkila_DJI_0006_frame33,Near Duplicate,pHash < 5,Flagged,Temporal static scene
Part 5,karkkila_DJI_0006_frame34,Near Duplicate,pHash < 5,Flagged,Temporal static scene
Part 5,karkkila_DJI_0006_frame35,Near Duplicate,pHash < 5,Flagged,Temporal static scene
Part 5,karkkila_DJI_0006_frame36,Near Duplicate,pHash < 5,Flagged,Temporal static scene
Part 5,karkkila_DJI_0006_frame37,Near Duplicate,pHash < 5,Flagged,Temporal static scene
Part 5,karkkila_DJI_0006_frame38,Near Duplicate,pHash < 5,Flagged,Temporal static scene
Part 5,karkkila_DJI_0006_frame39,Near Duplicate,pHash < 5,Flagged,Temporal static scene
Part 5,karkkila_DJI_0006_frame40,Near Duplicate,pHash < 5,Flagged,Temporal static scene
Part 5,karkkila_DJI_0006_frame41,Near Duplicate,pHash < 5,Flagged,Temporal static scene
Part 5,karkkila_DJI_0006_frame42,Near Duplicate,pHash < 5,Flagged,Temporal static scene
Part 5,karkkila_DJI_0006_frame45,Near Duplicate,pHash < 5,Flagged,Temporal static scene
Part 5,karkkila_DJI_0006_frame46,Near Duplicate,pHash < 5,Flagged,Temporal static scene
Part 5,karkkila_DJI_0006_frame47,Near Duplicate,pHash < 5,Flagged,Temporal static scene
Part 5,karkkila_DJI_0006_frame49,Near Duplicate,pHash < 5,Flagged,Temporal static scene
Part 5,karkkila_DJI_0006_frame50,Near Duplicate,pHash < 5,Flagged,Temporal static scene
Part 5,karkkila_DJI_0006_frame51,Near Duplicate,pHash < 5,Flagged,Temporal static scene
Part 5,karkkila_DJI_0006_frame52,Near Duplicate,pHash < 5,Flagged,Temporal static scene
Part 5,karkkila_DJI_0006_frame54,Near Duplicate,pHash < 5,Flagged,Temporal static scene
Part 5,karkkila_DJI_0006_frame60,Near Duplicate,pHash < 5,Flagged,Temporal static scene
Part 5,karkkila_DJI_0006_frame61,Near Duplicate,pHash < 5,Flagged,Temporal static scene
Part 5,karkkila_DJI_0006_frame62,Near Duplicate,pHash < 5,Flagged,Temporal static scene
Part 5,karkkila_DJI_0006_frame63,Near Duplicate,pHash < 5,Flagged,Temporal static scene
Part 5,karkkila_DJI_0006_frame64,Near Duplicate,pHash < 5,Flagged,Temporal static scene
Part 5,karkkila_DJI_0006_frame65,Near Duplicate,pHash < 5,Flagged,Temporal static scene
Part 5,karkkila_DJI_0006_frame66,Near Duplicate,pHash < 5,Flagged,Temporal static scene
Part 5,karkkila_DJI_0006_frame67,Near Duplicate,pHash < 5,Flagged,Temporal static scene
Part 5,karkkila_DJI_0006_frame68,Near Duplicate,pHash < 5,Flagged,Temporal static scene
Part 5,karkkila_DJI_0006_frame69,Near Duplicate,pHash < 5,Flagged,Temporal static scene
Part 5,karkkila_DJI_0006_frame70,Near Duplicate,pHash < 5,Flagged,Temporal static scene
Part 5,karkkila_DJI_0006_frame71,Near Duplicate,pHash < 5,Flagged,Temporal static scene
Part 5,karkkila_DJI_0006_frame72,Near Duplicate,pHash < 5,Flagged,Temporal static scene
Part 5,karkkila_DJI_0006_frame74,Near Duplicate,pHash < 5,Flagged,Temporal static scene
Part 5,karkkila_DJI_0006_frame75,Near Duplicate,pHash < 5,Flagged,Temporal static scene
Part 5,karkkila_DJI_0006_frame76,Near Duplicate,pHash < 5,Flagged,Temporal static scene
Part 5,karkkila_DJI_0006_frame77,Near Duplicate,pHash < 5,Flagged,Temporal static scene
Part 5,karkkila_DJI_0006_frame78,Near Duplicate,pHash < 5,Flagged,Temporal static scene
Part 5,karkkila_DJI_0006_frame79,Near Duplicate,pHash < 5,Flagged,Temporal static scene
Part 5,karkkila_DJI_0006_frame80,Near Duplicate,pHash < 5,Flagged,Temporal static scene
Part 5,karkkila_DJI_0006_frame81,Near Duplicate,pHash < 5,Flagged,Temporal static scene
Part 5,karkkila_DJI_0006_frame86,Near Duplicate,pHash < 5,Flagged,Temporal static scene
Part 5,karkkila_DJI_0006_frame87,Near Duplicate,pHash < 5,Flagged,Temporal static scene
Part 5,karkkila_DJI_0006_frame88,Near Duplicate,pHash < 5,Flagged,Temporal static scene
Part 5,karkkila_DJI_0006_frame90,Near Duplicate,pHash < 5,Flagged,Temporal static scene
Part 5,karkkila_DJI_0006_frame93,Near Duplicate,pHash < 5,Flagged,Temporal static scene
Part 5,karkkila_DJI_0006_frame97,Near Duplicate,pHash < 5,Flagged,Temporal static scene
Part 5,karkkila_DJI_0006_frame98,Near Duplicate,pHash < 5,Flagged,Temporal static scene
Part 5,karkkila_DJI_0006_frame99,Near Duplicate,pHash < 5,Flagged,Temporal static scene
Part 5,karkkila_DJI_0006_frame100,Near Duplicate,pHash < 5,Flagged,Temporal static scene
Part 5,karkkila_DJI_0006_frame102,Near Duplicate,pHash < 5,Flagged,Temporal static scene
Part 5,karkkila_DJI_0006_frame103,Near Duplicate,pHash < 5,Flagged,Temporal static scene
Part 5,karkkila_DJI_0007_frame1,Near Duplicate,pHash < 5,Flagged,Temporal static scene
Part 5,karkkila_DJI_0007_frame2,Near Duplicate,pHash < 5,Flagged,Temporal static scene
Part 5,karkkila_DJI_0007_frame3,Near Duplicate,pHash < 5,Flagged,Temporal static scene
Part 5,karkkila_DJI_0007_frame4,Near Duplicate,pHash < 5,Flagged,Temporal static scene
Part 5,karkkila_DJI_0007_frame5,Near Duplicate,pHash < 5,Flagged,Temporal static scene
Part 5,karkkila_DJI_0007_frame6,Near Duplicate,pHash < 5,Flagged,Temporal static scene
Part 5,karkkila_DJI_0007_frame7,Near Duplicate,pHash < 5,Flagged,Temporal static scene
Part 5,karkkila_DJI_0007_frame8,Near Duplicate,pHash < 5,Flagged,Temporal static scene
Part 5,karkkila_DJI_0007_frame9,Near Duplicate,pHash < 5,Flagged,Temporal static scene
Part 5,karkkila_DJI_0007_frame10,Near Duplicate,pHash < 5,Flagged,Temporal static scene
Part 5,karkkila_DJI_0007_frame11,Near Duplicate,pHash < 5,Flagged,Temporal static scene
Part 5,karkkila_DJI_0007_frame12,Near Duplicate,pHash < 5,Flagged,Temporal static scene
Part 5,karkkila_DJI_0007_frame13,Near Duplicate,pHash < 5,Flagged,Temporal static scene
Part 5,karkkila_DJI_0007_frame14,Near Duplicate,pHash < 5,Flagged,Temporal static scene
Part 5,karkkila_DJI_0007_frame15,Near Duplicate,pHash < 5,Flagged,Temporal static scene
Part 5,karkkila_DJI_0007_frame16,Near Duplicate,pHash < 5,Flagged,Temporal static scene
Part 5,karkkila_DJI_0007_frame17,Near Duplicate,pHash < 5,Flagged,Temporal static scene
Part 5,karkkila_DJI_0007_frame18,Near Duplicate,pHash < 5,Flagged,Temporal static scene
Part 5,karkkila_DJI_0007_frame19,Near Duplicate,pHash < 5,Flagged,Temporal static scene
Part 5,karkkila_DJI_0007_frame20,Near Duplicate,pHash < 5,Flagged,Temporal static scene
Part 5,karkkila_DJI_0007_frame21,Near Duplicate,pHash < 5,Flagged,Temporal static scene
Part 5,karkkila_DJI_0007_frame22,Near Duplicate,pHash < 5,Flagged,Temporal static scene
Part 5,karkkila_DJI_0007_frame23,Near Duplicate,pHash < 5,Flagged,Temporal static scene
Part 5,karkkila_DJI_0007_frame24,Near Duplicate,pHash < 5,Flagged,Temporal static scene
Part 5,karkkila_DJI_0007_frame25,Near Duplicate,pHash < 5,Flagged,Temporal static scene
Part 5,karkkila_DJI_0007_frame26,Near Duplicate,pHash < 5,Flagged,Temporal static scene
Part 5,karkkila_DJI_0007_frame27,Near Duplicate,pHash < 5,Flagged,Temporal static scene
Part 5,karkkila_DJI_0007_frame28,Near Duplicate,pHash < 5,Flagged,Temporal static scene
Part 5,karkkila_DJI_0007_frame29,Near Duplicate,pHash < 5,Flagged,Temporal static scene
Part 5,karkkila_DJI_0007_frame30,Near Duplicate,pHash < 5,Flagged,Temporal static scene
Part 5,karkkila_DJI_0007_frame31,Near Duplicate,pHash < 5,Flagged,Temporal static scene
Part 5,karkkila_DJI_0007_frame32,Near Duplicate,pHash < 5,Flagged,Temporal static scene
Part 5,karkkila_DJI_0007_frame33,Near Duplicate,pHash < 5,Flagged,Temporal static scene
Part 5,karkkila_DJI_0007_frame34,Near Duplicate,pHash < 5,Flagged,Temporal static scene
Part 5,karkkila_DJI_0007_frame35,Near Duplicate,pHash < 5,Flagged,Temporal static scene
Part 5,karkkila_DJI_0007_frame36,Near Duplicate,pHash < 5,Flagged,Temporal static scene
Part 5,karkkila_DJI_0007_frame37,Near Duplicate,pHash < 5,Flagged,Temporal static scene
Part 5,karkkila_DJI_0007_frame38,Near Duplicate,pHash < 5,Flagged,Temporal static scene
Part 5,karkkila_DJI_0007_frame39,Near Duplicate,pHash < 5,Flagged,Temporal static scene
Part 5,karkkila_DJI_0007_frame40,Near Duplicate,pHash < 5,Flagged,Temporal static scene
Part 5,karkkila_DJI_0007_frame41,Near Duplicate,pHash < 5,Flagged,Temporal static scene
Part 5,karkkila_DJI_0007_frame42,Near Duplicate,pHash < 5,Flagged,Temporal static scene
Part 5,karkkila_DJI_0007_frame43,Near Duplicate,pHash < 5,Flagged,Temporal static scene
Part 5,karkkila_DJI_0007_frame44,Near Duplicate,pHash < 5,Flagged,Temporal static scene
Part 5,karkkila_DJI_0007_frame45,Near Duplicate,pHash < 5,Flagged,Temporal static scene
Part 5,karkkila_DJI_0007_frame46,Near Duplicate,pHash < 5,Flagged,Temporal static scene
Part 5,karkkila_DJI_0007_frame47,Near Duplicate,pHash < 5,Flagged,Temporal static scene
Part 5,karkkila_DJI_0007_frame48,Near Duplicate,pHash < 5,Flagged,Temporal static scene
Part 5,karkkila_DJI_0007_frame49,Near Duplicate,pHash < 5,Flagged,Temporal static scene
Part 5,karkkila_DJI_0007_frame50,Near Duplicate,pHash < 5,Flagged,Temporal static scene
Part 5,karkkila_DJI_0007_frame51,Near Duplicate,pHash < 5,Flagged,Temporal static scene
Part 5,karkkila_DJI_0007_frame52,Near Duplicate,pHash < 5,Flagged,Temporal static scene
Part 5,karkkila_DJI_0007_frame53,Near Duplicate,pHash < 5,Flagged,Temporal static scene
Part 5,karkkila_DJI_0007_frame54,Near Duplicate,pHash < 5,Flagged,Temporal static scene
Part 5,karkkila_DJI_0007_frame55,Near Duplicate,pHash < 5,Flagged,Temporal static scene
Part 5,karkkila_DJI_0007_frame56,Near Duplicate,pHash < 5,Flagged,Temporal static scene
Part 5,karkkila_DJI_0007_frame57,Near Duplicate,pHash < 5,Flagged,Temporal static scene
Part 5,karkkila_DJI_0007_frame58,Near Duplicate,pHash < 5,Flagged,Temporal static scene
Part 5,karkkila_DJI_0007_frame59,Near Duplicate,pHash < 5,Flagged,Temporal static scene
Part 5,karkkila_DJI_0007_frame60,Near Duplicate,pHash < 5,Flagged,Temporal static scene
Part 5,karkkila_DJI_0007_frame61,Near Duplicate,pHash < 5,Flagged,Temporal static scene
Part 5,karkkila_DJI_0007_frame62,Near Duplicate,pHash < 5,Flagged,Temporal static scene
Part 5,karkkila_DJI_0007_frame63,Near Duplicate,pHash < 5,Flagged,Temporal static scene
Part 5,karkkila_DJI_0007_frame64,Near Duplicate,pHash < 5,Flagged,Temporal static scene
Part 5,karkkila_DJI_0007_frame65,Near Duplicate,pHash < 5,Flagged,Temporal static scene
Part 5,karkkila_DJI_0007_frame66,Near Duplicate,pHash < 5,Flagged,Temporal static scene
Part 5,karkkila_DJI_0007_frame67,Near Duplicate,pHash < 5,Flagged,Temporal static scene
Part 5,karkkila_DJI_0007_frame68,Near Duplicate,pHash < 5,Flagged,Temporal static scene
Part 5,karkkila_DJI_0007_frame69,Near Duplicate,pHash < 5,Flagged,Temporal static scene
Part 5,karkkila_DJI_0007_frame70,Near Duplicate,pHash < 5,Flagged,Temporal static scene
Part 5,karkkila_DJI_0007_frame71,Near Duplicate,pHash < 5,Flagged,Temporal static scene
Part 5,karkkila_DJI_0007_frame72,Near Duplicate,pHash < 5,Flagged,Temporal static scene
Part 5,karkkila_DJI_0007_frame73,Near Duplicate,pHash < 5,Flagged,Temporal static scene
Part 5,karkkila_DJI_0007_frame74,Near Duplicate,pHash < 5,Flagged,Temporal static scene
Part 5,karkkila_DJI_0007_frame75,Near Duplicate,pHash < 5,Flagged,Temporal static scene
Part 5,karkkila_DJI_0007_frame76,Near Duplicate,pHash < 5,Flagged,Temporal static scene
Part 5,karkkila_DJI_0007_frame77,Near Duplicate,pHash < 5,Flagged,Temporal static scene
Part 5,karkkila_DJI_0007_frame78,Near Duplicate,pHash < 5,Flagged,Temporal static scene
Part 5,karkkila_DJI_0007_frame79,Near Duplicate,pHash < 5,Flagged,Temporal static scene
Part 5,karkkila_DJI_0007_frame80,Near Duplicate,pHash < 5,Flagged,Temporal static scene
Part 5,karkkila_DJI_0007_frame81,Near Duplicate,pHash < 5,Flagged,Temporal static scene
Part 5,karkkila_DJI_0007_frame82,Near Duplicate,pHash < 5,Flagged,Temporal static scene
Part 5,karkkila_DJI_0007_frame83,Near Duplicate,pHash < 5,Flagged,Temporal static scene
Part 5,karkkila_DJI_0007_frame84,Near Duplicate,pHash < 5,Flagged,Temporal static scene
Part 5,karkkila_DJI_0007_frame85,Near Duplicate,pHash < 5,Flagged,Temporal static scene
Part 5,karkkila_DJI_0007_frame86,Near Duplicate,pHash < 5,Flagged,Temporal static scene
Part 5,karkkila_DJI_0007_frame87,Near Duplicate,pHash < 5,Flagged,Temporal static scene
Part 5,karkkila_DJI_0007_frame88,Near Duplicate,pHash < 5,Flagged,Temporal static scene
Part 5,karkkila_DJI_0007_frame89,Near Duplicate,pHash < 5,Flagged,Temporal static scene
Part 5,karkkila_DJI_0007_frame90,Near Duplicate,pHash < 5,Flagged,Temporal static scene
Part 5,karkkila_DJI_0007_frame91,Near Duplicate,pHash < 5,Flagged,Temporal static scene
Part 5,karkkila_DJI_0007_frame92,Near Duplicate,pHash < 5,Flagged,Temporal static scene
Part 5,karkkila_DJI_0007_frame93,Near Duplicate,pHash < 5,Flagged,Temporal static scene
Part 5,karkkila_DJI_0007_frame94,Near Duplicate,pHash < 5,Flagged,Temporal static scene
Part 5,karkkila_DJI_0007_frame95,Near Duplicate,pHash < 5,Flagged,Temporal static scene
Part 5,karkkila_DJI_0007_frame96,Near Duplicate,pHash < 5,Flagged,Temporal static scene
Part 5,karkkila_DJI_0007_frame97,Near Duplicate,pHash < 5,Flagged,Temporal static scene
Part 5,karkkila_DJI_0007_frame98,Near Duplicate,pHash < 5,Flagged,Temporal static scene
Part 5,karkkila_DJI_0007_frame99,Near Duplicate,pHash < 5,Flagged,Temporal static scene
Part 5,karkkila_DJI_0007_frame100,Near Duplicate,pHash < 5,Flagged,Temporal static scene
Part 5,karkkila_DJI_0007_frame101,Near Duplicate,pHash < 5,Flagged,Temporal static scene
Part 5,karkkila_DJI_0007_frame102,Near Duplicate,pHash < 5,Flagged,Temporal static scene
Part 5,karkkila_DJI_0007_frame103,Near Duplicate,pHash < 5,Flagged,Temporal static scene
Part 5,karkkila_DJI_0007_frame104,Near Duplicate,pHash < 5,Flagged,Temporal static scene
Part 5,karkkila_DJI_0007_frame105,Near Duplicate,pHash < 5,Flagged,Temporal static scene
Part 5,karkkila_DJI_0007_frame106,Near Duplicate,pHash < 5,Flagged,Temporal static scene
Part 5,karkkila_DJI_0007_frame107,Near Duplicate,pHash < 5,Flagged,Temporal static scene
Part 5,karkkila_DJI_0007_frame108,Near Duplicate,pHash < 5,Flagged,Temporal static scene
Part 5,karkkila_DJI_0007_frame109,Near Duplicate,pHash < 5,Flagged,Temporal static scene
Part 5,karkkila_DJI_0007_frame110,Near Duplicate,pHash < 5,Flagged,Temporal static scene
Part 5,karkkila_DJI_0007_frame111,Near Duplicate,pHash < 5,Flagged,Temporal static scene
Part 5,karkkila_DJI_0007_frame112,Near Duplicate,pHash < 5,Flagged,Temporal static scene
Part 5,karkkila_DJI_0007_frame113,Near Duplicate,pHash < 5,Flagged,Temporal static scene
Part 5,karkkila_DJI_0007_frame114,Near Duplicate,pHash < 5,Flagged,Temporal static scene
Part 5,karkkila_DJI_0007_frame115,Near Duplicate,pHash < 5,Flagged,Temporal static scene
Part 5,karkkila_DJI_0007_frame116,Near Duplicate,pHash < 5,Flagged,Temporal static scene
Part 5,karkkila_DJI_0007_frame117,Near Duplicate,pHash < 5,Flagged,Temporal static scene
Part 5,karkkila_DJI_0007_frame118,Near Duplicate,pHash < 5,Flagged,Temporal static scene
Part 5,karkkila_DJI_0007_frame119,Near Duplicate,pHash < 5,Flagged,Temporal static scene
Part 5,karkkila_DJI_0007_frame120,Near Duplicate,pHash < 5,Flagged,Temporal static scene
Part 5,karkkila_DJI_0007_frame121,Near Duplicate,pHash < 5,Flagged,Temporal static scene
Part 5,karkkila_DJI_0007_frame122,Near Duplicate,pHash < 5,Flagged,Temporal static scene
Part 5,karkkila_DJI_0007_frame123,Near Duplicate,pHash < 5,Flagged,Temporal static scene
Part 5,karkkila_DJI_0007_frame124,Near Duplicate,pHash < 5,Flagged,Temporal static scene
Part 5,karkkila_DJI_0007_frame125,Near Duplicate,pHash < 5,Flagged,Temporal static scene
Part 5,karkkila_DJI_0007_frame126,Near Duplicate,pHash < 5,Flagged,Temporal static scene
Part 5,karkkila_DJI_0007_frame127,Near Duplicate,pHash < 5,Flagged,Temporal static scene
Part 5,karkkila_DJI_0007_frame128,Near Duplicate,pHash < 5,Flagged,Temporal static scene
Part 5,karkkila_DJI_0007_frame129,Near Duplicate,pHash < 5,Flagged,Temporal static scene
Part 5,karkkila_DJI_0007_frame130,Near Duplicate,pHash < 5,Flagged,Temporal static scene
Part 5,karkkila_DJI_0007_frame131,Near Duplicate,pHash < 5,Flagged,Temporal static scene
Part 5,karkkila_DJI_0007_frame132,Near Duplicate,pHash < 5,Flagged,Temporal static scene
Part 5,karkkila_DJI_0007_frame133,Near Duplicate,pHash < 5,Flagged,Temporal static scene
Part 5,karkkila_DJI_0007_frame134,Near Duplicate,pHash < 5,Flagged,Temporal static scene
Part 5,karkkila_DJI_0007_frame135,Near Duplicate,pHash < 5,Flagged,Temporal static scene
Part 5,karkkila_DJI_0007_frame136,Near Duplicate,pHash < 5,Flagged,Temporal static scene
Part 5,karkkila_DJI_0007_frame137,Near Duplicate,pHash < 5,Flagged,Temporal static scene
Part 5,karkkila_DJI_0007_frame138,Near Duplicate,pHash < 5,Flagged,Temporal static scene
Part 5,karkkila_DJI_0007_frame139,Near Duplicate,pHash < 5,Flagged,Temporal static scene
Part 5,karkkila_DJI_0007_frame140,Near Duplicate,pHash < 5,Flagged,Temporal static scene
Part 5,karkkila_DJI_0007_frame141,Near Duplicate,pHash < 5,Flagged,Temporal static scene
Part 5,karkkila_DJI_0007_frame142,Near Duplicate,pHash < 5,Flagged,Temporal static scene
Part 5,karkkila_DJI_0007_frame143,Near Duplicate,pHash < 5,Flagged,Temporal static scene
Part 5,karkkila_DJI_0007_frame144,Near Duplicate,pHash < 5,Flagged,Temporal static scene
Part 5,karkkila_DJI_0007_frame145,Near Duplicate,pHash < 5,Flagged,Temporal static scene
Part 5,karkkila_DJI_0007_frame146,Near Duplicate,pHash < 5,Flagged,Temporal static scene
Part 5,karkkila_DJI_0007_frame147,Near Duplicate,pHash < 5,Flagged,Temporal static scene
Part 5,karkkila_DJI_0007_frame148,Near Duplicate,pHash < 5,Flagged,Temporal static scene
Part 5,karkkila_DJI_0007_frame149,Near Duplicate,pHash < 5,Flagged,Temporal static scene
Part 5,karkkila_DJI_0007_frame150,Near Duplicate,pHash < 5,Flagged,Temporal static scene
Part 5,karkkila_DJI_0007_frame151,Near Duplicate,pHash < 5,Flagged,Temporal static scene
Part 5,karkkila_DJI_0007_frame152,Near Duplicate,pHash < 5,Flagged,Temporal static scene
Part 5,karkkila_DJI_0007_frame153,Near Duplicate,pHash < 5,Flagged,Temporal static scene
Part 5,karkkila_DJI_0007_frame154,Near Duplicate,pHash < 5,Flagged,Temporal static scene
Part 5,karkkila_DJI_0007_frame155,Near Duplicate,pHash < 5,Flagged,Temporal static scene
Part 5,karkkila_DJI_0007_frame156,Near Duplicate,pHash < 5,Flagged,Temporal static scene
Part 5,karkkila_DJI_0007_frame157,Near Duplicate,pHash < 5,Flagged,Temporal static scene
Part 5,karkkila_DJI_0007_frame158,Near Duplicate,pHash < 5,Flagged,Temporal static scene
Part 5,karkkila_DJI_0007_frame159,Near Duplicate,pHash < 5,Flagged,Temporal static scene
Part 5,karkkila_DJI_0007_frame160,Near Duplicate,pHash < 5,Flagged,Temporal static scene
Part 5,karkkila_DJI_0007_frame161,Near Duplicate,pHash < 5,Flagged,Temporal static scene
Part 5,karkkila_DJI_0007_frame162,Near Duplicate,pHash < 5,Flagged,Temporal static scene
Part 5,karkkila_DJI_0007_frame163,Near Duplicate,pHash < 5,Flagged,Temporal static scene
Part 5,karkkila_DJI_0007_frame164,Near Duplicate,pHash < 5,Flagged,Temporal static scene
Part 5,karkkila_DJI_0007_frame165,Near Duplicate,pHash < 5,Flagged,Temporal static scene
Part 5,karkkila_DJI_0007_frame166,Near Duplicate,pHash < 5,Flagged,Temporal static scene
Part 5,karkkila_DJI_0007_frame167,Near Duplicate,pHash < 5,Flagged,Temporal static scene
Part 5,karkkila_DJI_0007_frame168,Near Duplicate,pHash < 5,Flagged,Temporal static scene
Part 5,karkkila_DJI_0007_frame169,Near Duplicate,pHash < 5,Flagged,Temporal static scene
Part 5,karkkila_DJI_0007_frame170,Near Duplicate,pHash < 5,Flagged,Temporal static scene
Part 5,heinola_DJI_0025_frame2,Near Duplicate,pHash < 5,Flagged,Temporal static scene
Part 5,heinola_DJI_0025_frame3,Near Duplicate,pHash < 5,Flagged,Temporal static scene
Part 5,heinola_DJI_0025_frame4,Near Duplicate,pHash < 5,Flagged,Temporal static scene
Part 5,heinola_DJI_0025_frame5,Near Duplicate,pHash < 5,Flagged,Temporal static scene
Part 5,heinola_DJI_0025_frame6,Near Duplicate,pHash < 5,Flagged,Temporal static scene
Part 5,heinola_DJI_0025_frame7,Near Duplicate,pHash < 5,Flagged,Temporal static scene
Part 5,heinola_DJI_0025_frame8,Near Duplicate,pHash < 5,Flagged,Temporal static scene
Part 5,heinola_DJI_0025_frame9,Near Duplicate,pHash < 5,Flagged,Temporal static scene
Part 5,heinola_DJI_0025_frame10,Near Duplicate,pHash < 5,Flagged,Temporal static scene
Part 5,heinola_DJI_0025_frame11,Near Duplicate,pHash < 5,Flagged,Temporal static scene
Part 5,heinola_DJI_0025_frame12,Near Duplicate,pHash < 5,Flagged,Temporal static scene
Part 5,heinola_DJI_0025_frame13,Near Duplicate,pHash < 5,Flagged,Temporal static scene
Part 5,heinola_DJI_0025_frame14,Near Duplicate,pHash < 5,Flagged,Temporal static scene
Part 5,heinola_DJI_0025_frame15,Near Duplicate,pHash < 5,Flagged,Temporal static scene
Part 5,heinola_DJI_0025_frame16,Near Duplicate,pHash < 5,Flagged,Temporal static scene
Part 5,heinola_DJI_0025_frame17,Near Duplicate,pHash < 5,Flagged,Temporal static scene
Part 5,heinola_DJI_0025_frame18,Near Duplicate,pHash < 5,Flagged,Temporal static scene
Part 5,heinola_DJI_0025_frame19,Near Duplicate,pHash < 5,Flagged,Temporal static scene
Part 5,heinola_DJI_0025_frame20,Near Duplicate,pHash < 5,Flagged,Temporal static scene
Part 5,heinola_DJI_0025_frame21,Near Duplicate,pHash < 5,Flagged,Temporal static scene
Part 5,heinola_DJI_0025_frame22,Near Duplicate,pHash < 5,Flagged,Temporal static scene
Part 5,heinola_DJI_0025_frame23,Near Duplicate,pHash < 5,Flagged,Temporal static scene
Part 5,heinola_DJI_0025_frame24,Near Duplicate,pHash < 5,Flagged,Temporal static scene
Part 5,heinola_DJI_0025_frame25,Near Duplicate,pHash < 5,Flagged,Temporal static scene
Part 5,heinola_DJI_0025_frame26,Near Duplicate,pHash < 5,Flagged,Temporal static scene
Part 5,heinola_DJI_0025_frame27,Near Duplicate,pHash < 5,Flagged,Temporal static scene
Part 5,heinola_DJI_0025_frame28,Near Duplicate,pHash < 5,Flagged,Temporal static scene
Part 5,heinola_DJI_0025_frame29,Near Duplicate,pHash < 5,Flagged,Temporal static scene
Part 5,heinola_DJI_0025_frame30,Near Duplicate,pHash < 5,Flagged,Temporal static scene
Part 5,heinola_DJI_0025_frame31,Near Duplicate,pHash < 5,Flagged,Temporal static scene
Part 5,heinola_DJI_0025_frame32,Near Duplicate,pHash < 5,Flagged,Temporal static scene
Part 5,heinola_DJI_0025_frame33,Near Duplicate,pHash < 5,Flagged,Temporal static scene
Part 5,heinola_DJI_0025_frame34,Near Duplicate,pHash < 5,Flagged,Temporal static scene
Part 5,heinola_DJI_0025_frame35,Near Duplicate,pHash < 5,Flagged,Temporal static scene
Part 5,heinola_DJI_0025_frame37,Near Duplicate,pHash < 5,Flagged,Temporal static scene
Part 5,heinola_DJI_0025_frame38,Near Duplicate,pHash < 5,Flagged,Temporal static scene
Part 5,heinola_DJI_0025_frame39,Near Duplicate,pHash < 5,Flagged,Temporal static scene
Part 5,heinola_DJI_0025_frame40,Near Duplicate,pHash < 5,Flagged,Temporal static scene
Part 5,heinola_DJI_0025_frame41,Near Duplicate,pHash < 5,Flagged,Temporal static scene
Part 5,heinola_DJI_0025_frame42,Near Duplicate,pHash < 5,Flagged,Temporal static scene
Part 5,heinola_DJI_0025_frame43,Near Duplicate,pHash < 5,Flagged,Temporal static scene
Part 5,heinola_DJI_0025_frame44,Near Duplicate,pHash < 5,Flagged,Temporal static scene
Part 5,heinola_DJI_0025_frame45,Near Duplicate,pHash < 5,Flagged,Temporal static scene
Part 5,heinola_DJI_0025_frame46,Near Duplicate,pHash < 5,Flagged,Temporal static scene
Part 5,heinola_DJI_0025_frame47,Near Duplicate,pHash < 5,Flagged,Temporal static scene
Part 5,heinola_DJI_0025_frame48,Near Duplicate,pHash < 5,Flagged,Temporal static scene
Part 5,heinola_DJI_0025_frame49,Near Duplicate,pHash < 5,Flagged,Temporal static scene
Part 5,heinola_DJI_0025_frame50,Near Duplicate,pHash < 5,Flagged,Temporal static scene
Part 5,heinola_DJI_0025_frame51,Near Duplicate,pHash < 5,Flagged,Temporal static scene
Part 5,heinola_DJI_0025_frame52,Near Duplicate,pHash < 5,Flagged,Temporal static scene
Part 5,heinola_DJI_0025_frame53,Near Duplicate,pHash < 5,Flagged,Temporal static scene
Part 5,heinola_DJI_0025_frame54,Near Duplicate,pHash < 5,Flagged,Temporal static scene
Part 5,heinola_DJI_0025_frame55,Near Duplicate,pHash < 5,Flagged,Temporal static scene
Part 5,heinola_DJI_0025_frame56,Near Duplicate,pHash < 5,Flagged,Temporal static scene
Part 5,heinola_DJI_0025_frame57,Near Duplicate,pHash < 5,Flagged,Temporal static scene
Part 5,heinola_DJI_0025_frame58,Near Duplicate,pHash < 5,Flagged,Temporal static scene
Part 5,heinola_DJI_0025_frame59,Near Duplicate,pHash < 5,Flagged,Temporal static scene
Part 5,heinola_DJI_0025_frame60,Near Duplicate,pHash < 5,Flagged,Temporal static scene
Part 5,heinola_DJI_0025_frame61,Near Duplicate,pHash < 5,Flagged,Temporal static scene
Part 5,heinola_DJI_0025_frame62,Near Duplicate,pHash < 5,Flagged,Temporal static scene
Part 5,heinola_DJI_0025_frame63,Near Duplicate,pHash < 5,Flagged,Temporal static scene
Part 5,heinola_DJI_0025_frame64,Near Duplicate,pHash < 5,Flagged,Temporal static scene
Part 5,heinola_DJI_0025_frame65,Near Duplicate,pHash < 5,Flagged,Temporal static scene
Part 5,heinola_DJI_0025_frame66,Near Duplicate,pHash < 5,Flagged,Temporal static scene
Part 5,heinola_DJI_0025_frame67,Near Duplicate,pHash < 5,Flagged,Temporal static scene
Part 5,heinola_DJI_0025_frame68,Near Duplicate,pHash < 5,Flagged,Temporal static scene
Part 5,heinola_DJI_0025_frame69,Near Duplicate,pHash < 5,Flagged,Temporal static scene
Part 5,heinola_DJI_0025_frame70,Near Duplicate,pHash < 5,Flagged,Temporal static scene
Part 5,heinola_DJI_0025_frame71,Near Duplicate,pHash < 5,Flagged,Temporal static scene
Part 5,heinola_DJI_0025_frame72,Near Duplicate,pHash < 5,Flagged,Temporal static scene
Part 5,heinola_DJI_0025_frame73,Near Duplicate,pHash < 5,Flagged,Temporal static scene
Part 5,heinola_DJI_0025_frame74,Near Duplicate,pHash < 5,Flagged,Temporal static scene
Part 5,heinola_DJI_0025_frame75,Near Duplicate,pHash < 5,Flagged,Temporal static scene
Part 5,heinola_DJI_0025_frame76,Near Duplicate,pHash < 5,Flagged,Temporal static scene
Part 5,heinola_DJI_0025_frame77,Near Duplicate,pHash < 5,Flagged,Temporal static scene
Part 5,heinola_DJI_0025_frame78,Near Duplicate,pHash < 5,Flagged,Temporal static scene
Part 5,heinola_DJI_0025_frame79,Near Duplicate,pHash < 5,Flagged,Temporal static scene
Part 5,heinola_DJI_0025_frame80,Near Duplicate,pHash < 5,Flagged,Temporal static scene
Part 5,heinola_DJI_0025_frame81,Near Duplicate,pHash < 5,Flagged,Temporal static scene
Part 5,heinola_DJI_0025_frame82,Near Duplicate,pHash < 5,Flagged,Temporal static scene
Part 5,heinola_DJI_0025_frame83,Near Duplicate,pHash < 5,Flagged,Temporal static scene
Part 5,heinola_DJI_0025_frame84,Near Duplicate,pHash < 5,Flagged,Temporal static scene
Part 5,heinola_DJI_0025_frame85,Near Duplicate,pHash < 5,Flagged,Temporal static scene
Part 5,heinola_DJI_0025_frame86,Near Duplicate,pHash < 5,Flagged,Temporal static scene
Part 5,heinola_DJI_0025_frame87,Near Duplicate,pHash < 5,Flagged,Temporal static scene
Part 5,heinola_DJI_0025_frame88,Near Duplicate,pHash < 5,Flagged,Temporal static scene
Part 5,heinola_DJI_0025_frame89,Near Duplicate,pHash < 5,Flagged,Temporal static scene
Part 5,heinola_DJI_0025_frame90,Near Duplicate,pHash < 5,Flagged,Temporal static scene
Part 5,heinola_DJI_0025_frame91,Near Duplicate,pHash < 5,Flagged,Temporal static scene
Part 5,heinola_DJI_0025_frame92,Near Duplicate,pHash < 5,Flagged,Temporal static scene
Part 5,heinola_DJI_0025_frame93,Near Duplicate,pHash < 5,Flagged,Temporal static scene
Part 5,heinola_DJI_0025_frame94,Near Duplicate,pHash < 5,Flagged,Temporal static scene
Part 5,heinola_DJI_0025_frame95,Near Duplicate,pHash < 5,Flagged,Temporal static scene
Part 5,heinola_DJI_0025_frame96,Near Duplicate,pHash < 5,Flagged,Temporal static scene
Part 5,heinola_DJI_0025_frame97,Near Duplicate,pHash < 5,Flagged,Temporal static scene
Part 5,heinola_DJI_0025_frame98,Near Duplicate,pHash < 5,Flagged,Temporal static scene
Part 5,heinola_DJI_0025_frame99,Near Duplicate,pHash < 5,Flagged,Temporal static scene
Part 5,heinola_DJI_0025_frame100,Near Duplicate,pHash < 5,Flagged,Temporal static scene
Part 5,heinola_DJI_0025_frame101,Near Duplicate,pHash < 5,Flagged,Temporal static scene
Part 5,heinola_DJI_0025_frame102,Near Duplicate,pHash < 5,Flagged,Temporal static scene
Part 5,heinola_DJI_0025_frame103,Near Duplicate,pHash < 5,Flagged,Temporal static scene
Part 5,heinola_DJI_0025_frame104,Near Duplicate,pHash < 5,Flagged,Temporal static scene
Part 5,heinola_DJI_0025_frame105,Near Duplicate,pHash < 5,Flagged,Temporal static scene
Part 5,heinola_DJI_0025_frame106,Near Duplicate,pHash < 5,Flagged,Temporal static scene
Part 5,heinola_DJI_0025_frame107,Near Duplicate,pHash < 5,Flagged,Temporal static scene
Part 5,heinola_DJI_0025_frame108,Near Duplicate,pHash < 5,Flagged,Temporal static scene
Part 5,heinola_DJI_0025_frame109,Near Duplicate,pHash < 5,Flagged,Temporal static scene
Part 5,heinola_DJI_0025_frame110,Near Duplicate,pHash < 5,Flagged,Temporal static scene
Part 5,heinola_DJI_0025_frame111,Near Duplicate,pHash < 5,Flagged,Temporal static scene
Part 5,heinola_DJI_0025_frame112,Near Duplicate,pHash < 5,Flagged,Temporal static scene
Part 5,heinola_DJI_0025_frame113,Near Duplicate,pHash < 5,Flagged,Temporal static scene
Part 5,heinola_DJI_0025_frame114,Near Duplicate,pHash < 5,Flagged,Temporal static scene
Part 5,heinola_DJI_0025_frame115,Near Duplicate,pHash < 5,Flagged,Temporal static scene
Part 5,heinola_DJI_0025_frame116,Near Duplicate,pHash < 5,Flagged,Temporal static scene
Part 5,heinola_DJI_0025_frame117,Near Duplicate,pHash < 5,Flagged,Temporal static scene
Part 5,heinola_DJI_0025_frame118,Near Duplicate,pHash < 5,Flagged,Temporal static scene
Part 5,heinola_DJI_0025_frame120,Near Duplicate,pHash < 5,Flagged,Temporal static scene
Part 5,heinola_DJI_0025_frame121,Near Duplicate,pHash < 5,Flagged,Temporal static scene
Part 5,heinola_DJI_0025_frame122,Near Duplicate,pHash < 5,Flagged,Temporal static scene
Part 5,heinola_DJI_0025_frame123,Near Duplicate,pHash < 5,Flagged,Temporal static scene
Part 5,heinola_DJI_0025_frame124,Near Duplicate,pHash < 5,Flagged,Temporal static scene
Part 5,heinola_DJI_0025_frame125,Near Duplicate,pHash < 5,Flagged,Temporal static scene
Part 5,heinola_DJI_0025_frame126,Near Duplicate,pHash < 5,Flagged,Temporal static scene
Part 5,heinola_DJI_0025_frame127,Near Duplicate,pHash < 5,Flagged,Temporal static scene
Part 5,heinola_DJI_0025_frame128,Near Duplicate,pHash < 5,Flagged,Temporal static scene
Part 5,heinola_DJI_0025_frame129,Near Duplicate,pHash < 5,Flagged,Temporal static scene
Part 5,heinola_DJI_0025_frame130,Near Duplicate,pHash < 5,Flagged,Temporal static scene
Part 5,heinola_DJI_0025_frame131,Near Duplicate,pHash < 5,Flagged,Temporal static scene
Part 5,heinola_DJI_0025_frame132,Near Duplicate,pHash < 5,Flagged,Temporal static scene
Part 5,heinola_DJI_0025_frame133,Near Duplicate,pHash < 5,Flagged,Temporal static scene
Part 5,heinola_DJI_0025_frame134,Near Duplicate,pHash < 5,Flagged,Temporal static scene
Part 5,heinola_DJI_0025_frame135,Near Duplicate,pHash < 5,Flagged,Temporal static scene
Part 5,heinola_DJI_0025_frame136,Near Duplicate,pHash < 5,Flagged,Temporal static scene
Part 5,heinola_DJI_0025_frame137,Near Duplicate,pHash < 5,Flagged,Temporal static scene
Part 5,heinola_DJI_0025_frame138,Near Duplicate,pHash < 5,Flagged,Temporal static scene
Part 5,heinola_DJI_0025_frame139,Near Duplicate,pHash < 5,Flagged,Temporal static scene
Part 5,heinola_DJI_0025_frame140,Near Duplicate,pHash < 5,Flagged,Temporal static scene
Part 5,heinola_DJI_0025_frame141,Near Duplicate,pHash < 5,Flagged,Temporal static scene
Part 5,heinola_DJI_0025_frame142,Near Duplicate,pHash < 5,Flagged,Temporal static scene
Part 5,heinola_DJI_0025_frame143,Near Duplicate,pHash < 5,Flagged,Temporal static scene
Part 5,heinola_DJI_0025_frame144,Near Duplicate,pHash < 5,Flagged,Temporal static scene
Part 5,heinola_DJI_0025_frame145,Near Duplicate,pHash < 5,Flagged,Temporal static scene
Part 5,heinola_DJI_0025_frame146,Near Duplicate,pHash < 5,Flagged,Temporal static scene
Part 5,heinola_DJI_0025_frame147,Near Duplicate,pHash < 5,Flagged,Temporal static scene
Part 5,heinola_DJI_0025_frame148,Near Duplicate,pHash < 5,Flagged,Temporal static scene
Part 5,heinola_DJI_0025_frame149,Near Duplicate,pHash < 5,Flagged,Temporal static scene
Part 5,heinola_DJI_0025_frame150,Near Duplicate,pHash < 5,Flagged,Temporal static scene
Part 5,heinola_DJI_0025_frame151,Near Duplicate,pHash < 5,Flagged,Temporal static scene
Part 5,heinola_DJI_0025_frame152,Near Duplicate,pHash < 5,Flagged,Temporal static scene
Part 5,heinola_DJI_0025_frame153,Near Duplicate,pHash < 5,Flagged,Temporal static scene
Part 5,heinola_DJI_0025_frame154,Near Duplicate,pHash < 5,Flagged,Temporal static scene
Part 5,heinola_DJI_0025_frame155,Near Duplicate,pHash < 5,Flagged,Temporal static scene
Part 5,heinola_DJI_0025_frame156,Near Duplicate,pHash < 5,Flagged,Temporal static scene
Part 5,heinola_DJI_0025_frame157,Near Duplicate,pHash < 5,Flagged,Temporal static scene
Part 5,heinola_DJI_0025_frame158,Near Duplicate,pHash < 5,Flagged,Temporal static scene
Part 5,heinola_DJI_0025_frame159,Near Duplicate,pHash < 5,Flagged,Temporal static scene
Part 5,heinola_DJI_0025_frame160,Near Duplicate,pHash < 5,Flagged,Temporal static scene
Part 5,heinola_DJI_0025_frame161,Near Duplicate,pHash < 5,Flagged,Temporal static scene
Part 5,heinola_DJI_0025_frame162,Near Duplicate,pHash < 5,Flagged,Temporal static scene
Part 5,heinola_DJI_0025_frame163,Near Duplicate,pHash < 5,Flagged,Temporal static scene
Part 5,heinola_DJI_0025_frame164,Near Duplicate,pHash < 5,Flagged,Temporal static scene
Part 5,heinola_DJI_0025_frame165,Near Duplicate,pHash < 5,Flagged,Temporal static scene
Part 5,heinola_DJI_0025_frame166,Near Duplicate,pHash < 5,Flagged,Temporal static scene
Part 5,heinola_DJI_0025_frame167,Near Duplicate,pHash < 5,Flagged,Temporal static scene
Part 5,heinola_DJI_0025_frame168,Near Duplicate,pHash < 5,Flagged,Temporal static scene
Part 5,heinola_DJI_0025_frame169,Near Duplicate,pHash < 5,Flagged,Temporal static scene
Part 5,heinola_DJI_0025_frame170,Near Duplicate,pHash < 5,Flagged,Temporal static scene
Part 5,heinola_DJI_0025_frame171,Near Duplicate,pHash < 5,Flagged,Temporal static scene
Part 5,heinola_DJI_0025_frame172,Near Duplicate,pHash < 5,Flagged,Temporal static scene
Part 5,heinola_DJI_0025_frame173,Near Duplicate,pHash < 5,Flagged,Temporal static scene
Part 5,heinola_DJI_0025_frame174,Near Duplicate,pHash < 5,Flagged,Temporal static scene
Part 5,heinola_DJI_0025_frame175,Near Duplicate,pHash < 5,Flagged,Temporal static scene
Part 5,heinola_DJI_0025_frame176,Near Duplicate,pHash < 5,Flagged,Temporal static scene
Part 5,heinola_DJI_0025_frame177,Near Duplicate,pHash < 5,Flagged,Temporal static scene
Part 5,heinola_DJI_0025_frame178,Near Duplicate,pHash < 5,Flagged,Temporal static scene
Part 5,heinola_DJI_0025_frame179,Near Duplicate,pHash < 5,Flagged,Temporal static scene
Part 5,heinola_DJI_0025_frame180,Near Duplicate,pHash < 5,Flagged,Temporal static scene
Part 5,heinola_DJI_0025_frame181,Near Duplicate,pHash < 5,Flagged,Temporal static scene
Part 5,heinola_DJI_0025_frame182,Near Duplicate,pHash < 5,Flagged,Temporal static scene
Part 5,heinola_DJI_0025_frame183,Near Duplicate,pHash < 5,Flagged,Temporal static scene
Part 5,heinola_DJI_0025_frame184,Near Duplicate,pHash < 5,Flagged,Temporal static scene
Part 5,heinola_DJI_0025_frame185,Near Duplicate,pHash < 5,Flagged,Temporal static scene
Part 5,heinola_DJI_0025_frame186,Near Duplicate,pHash < 5,Flagged,Temporal static scene
Part 5,heinola_DJI_0025_frame187,Near Duplicate,pHash < 5,Flagged,Temporal static scene
Part 5,heinola_DJI_0025_frame188,Near Duplicate,pHash < 5,Flagged,Temporal static scene
Part 5,heinola_DJI_0025_frame189,Near Duplicate,pHash < 5,Flagged,Temporal static scene
Part 5,heinola_DJI_0025_frame190,Near Duplicate,pHash < 5,Flagged,Temporal static scene
Part 5,heinola_DJI_0025_frame191,Near Duplicate,pHash < 5,Flagged,Temporal static scene
Part 5,heinola_DJI_0025_frame192,Near Duplicate,pHash < 5,Flagged,Temporal static scene
Part 5,heinola_DJI_0025_frame193,Near Duplicate,pHash < 5,Flagged,Temporal static scene
Part 5,heinola_DJI_0025_frame194,Near Duplicate,pHash < 5,Flagged,Temporal static scene
Part 5,heinola_DJI_0025_frame195,Near Duplicate,pHash < 5,Flagged,Temporal static scene
Part 5,heinola_DJI_0025_frame196,Near Duplicate,pHash < 5,Flagged,Temporal static scene
Part 5,heinola_DJI_0025_frame197,Near Duplicate,pHash < 5,Flagged,Temporal static scene
Part 5,heinola_DJI_0025_frame198,Near Duplicate,pHash < 5,Flagged,Temporal static scene
Part 5,heinola_DJI_0025_frame199,Near Duplicate,pHash < 5,Flagged,Temporal static scene
Part 5,heinola_DJI_0025_frame200,Near Duplicate,pHash < 5,Flagged,Temporal static scene
Part 5,heinola_DJI_0025_frame201,Near Duplicate,pHash < 5,Flagged,Temporal static scene
Part 5,ruokolahti_DJI_0089_frame1,Near Duplicate,pHash < 5,Flagged,Temporal static scene
Part 5,ruokolahti_DJI_0089_frame2,Near Duplicate,pHash < 5,Flagged,Temporal static scene
Part 5,ruokolahti_DJI_0089_frame4,Near Duplicate,pHash < 5,Flagged,Temporal static scene
Part 5,ruokolahti_DJI_0089_frame5,Near Duplicate,pHash < 5,Flagged,Temporal static scene
Part 5,ruokolahti_DJI_0089_frame6,Near Duplicate,pHash < 5,Flagged,Temporal static scene
Part 5,ruokolahti_DJI_0089_frame7,Near Duplicate,pHash < 5,Flagged,Temporal static scene
Part 5,ruokolahti_DJI_0089_frame8,Near Duplicate,pHash < 5,Flagged,Temporal static scene
Part 5,ruokolahti_DJI_0089_frame9,Near Duplicate,pHash < 5,Flagged,Temporal static scene
Part 5,ruokolahti_DJI_0089_frame10,Near Duplicate,pHash < 5,Flagged,Temporal static scene
Part 5,ruokolahti_DJI_0089_frame11,Near Duplicate,pHash < 5,Flagged,Temporal static scene
Part 5,ruokolahti_DJI_0089_frame12,Near Duplicate,pHash < 5,Flagged,Temporal static scene
Part 5,ruokolahti_DJI_0089_frame13,Near Duplicate,pHash < 5,Flagged,Temporal static scene
Part 5,ruokolahti_DJI_0089_frame14,Near Duplicate,pHash < 5,Flagged,Temporal static scene
Part 5,ruokolahti_DJI_0089_frame15,Near Duplicate,pHash < 5,Flagged,Temporal static scene
Part 5,ruokolahti_DJI_0089_frame16,Near Duplicate,pHash < 5,Flagged,Temporal static scene
Part 5,ruokolahti_DJI_0089_frame17,Near Duplicate,pHash < 5,Flagged,Temporal static scene
Part 5,ruokolahti_DJI_0089_frame18,Near Duplicate,pHash < 5,Flagged,Temporal static scene
Part 5,ruokolahti_DJI_0089_frame19,Near Duplicate,pHash < 5,Flagged,Temporal static scene
Part 5,ruokolahti_DJI_0089_frame21,Near Duplicate,pHash < 5,Flagged,Temporal static scene
Part 5,ruokolahti_DJI_0089_frame22,Near Duplicate,pHash < 5,Flagged,Temporal static scene
Part 5,ruokolahti_DJI_0089_frame23,Near Duplicate,pHash < 5,Flagged,Temporal static scene
Part 5,ruokolahti_DJI_0089_frame24,Near Duplicate,pHash < 5,Flagged,Temporal static scene
Part 5,ruokolahti_DJI_0089_frame25,Near Duplicate,pHash < 5,Flagged,Temporal static scene
Part 5,ruokolahti_DJI_0089_frame26,Near Duplicate,pHash < 5,Flagged,Temporal static scene
Part 5,ruokolahti_DJI_0089_frame27,Near Duplicate,pHash < 5,Flagged,Temporal static scene
Part 5,ruokolahti_DJI_0089_frame29,Near Duplicate,pHash < 5,Flagged,Temporal static scene
Part 5,ruokolahti_DJI_0089_frame30,Near Duplicate,pHash < 5,Flagged,Temporal static scene
Part 5,ruokolahti_DJI_0089_frame31,Near Duplicate,pHash < 5,Flagged,Temporal static scene
Part 5,ruokolahti_DJI_0089_frame32,Near Duplicate,pHash < 5,Flagged,Temporal static scene
Part 5,ruokolahti_DJI_0089_frame33,Near Duplicate,pHash < 5,Flagged,Temporal static scene
Part 5,ruokolahti_DJI_0089_frame34,Near Duplicate,pHash < 5,Flagged,Temporal static scene
Part 5,ruokolahti_DJI_0089_frame35,Near Duplicate,pHash < 5,Flagged,Temporal static scene
Part 5,ruokolahti_DJI_0089_frame36,Near Duplicate,pHash < 5,Flagged,Temporal static scene
Part 5,ruokolahti_DJI_0089_frame37,Near Duplicate,pHash < 5,Flagged,Temporal static scene
Part 5,ruokolahti_DJI_0089_frame38,Near Duplicate,pHash < 5,Flagged,Temporal static scene
Part 5,ruokolahti_DJI_0089_frame49,Near Duplicate,pHash < 5,Flagged,Temporal static scene
Part 5,ruokolahti_DJI_0089_frame55,Near Duplicate,pHash < 5,Flagged,Temporal static scene
Part 5,ruokolahti_DJI_0089_frame73,Near Duplicate,pHash < 5,Flagged,Temporal static scene
Part 5,ruokolahti_DJI_0089_frame77,Near Duplicate,pHash < 5,Flagged,Temporal static scene
Part 5,ruokolahti_DJI_0089_frame80,Near Duplicate,pHash < 5,Flagged,Temporal static scene
Part 5,ruokolahti_DJI_0089_frame81,Near Duplicate,pHash < 5,Flagged,Temporal static scene
Part 5,karkkila_DJI_0008_frame1,Near Duplicate,pHash < 5,Flagged,Temporal static scene
Part 5,karkkila_DJI_0008_frame2,Near Duplicate,pHash < 5,Flagged,Temporal static scene
Part 5,karkkila_DJI_0008_frame3,Near Duplicate,pHash < 5,Flagged,Temporal static scene
Part 5,karkkila_DJI_0008_frame4,Near Duplicate,pHash < 5,Flagged,Temporal static scene
Part 5,karkkila_DJI_0008_frame5,Near Duplicate,pHash < 5,Flagged,Temporal static scene
Part 5,karkkila_DJI_0008_frame6,Near Duplicate,pHash < 5,Flagged,Temporal static scene
Part 5,karkkila_DJI_0008_frame7,Near Duplicate,pHash < 5,Flagged,Temporal static scene
Part 5,karkkila_DJI_0008_frame8,Near Duplicate,pHash < 5,Flagged,Temporal static scene
Part 5,karkkila_DJI_0008_frame9,Near Duplicate,pHash < 5,Flagged,Temporal static scene
Part 5,karkkila_DJI_0008_frame10,Near Duplicate,pHash < 5,Flagged,Temporal static scene
Part 5,karkkila_DJI_0008_frame11,Near Duplicate,pHash < 5,Flagged,Temporal static scene
Part 5,karkkila_DJI_0008_frame12,Near Duplicate,pHash < 5,Flagged,Temporal static scene
Part 5,karkkila_DJI_0008_frame13,Near Duplicate,pHash < 5,Flagged,Temporal static scene
Part 5,karkkila_DJI_0008_frame14,Near Duplicate,pHash < 5,Flagged,Temporal static scene
Part 5,karkkila_DJI_0008_frame15,Near Duplicate,pHash < 5,Flagged,Temporal static scene
Part 5,karkkila_DJI_0008_frame16,Near Duplicate,pHash < 5,Flagged,Temporal static scene
Part 5,karkkila_DJI_0008_frame17,Near Duplicate,pHash < 5,Flagged,Temporal static scene
Part 5,karkkila_DJI_0008_frame18,Near Duplicate,pHash < 5,Flagged,Temporal static scene
Part 5,karkkila_DJI_0008_frame19,Near Duplicate,pHash < 5,Flagged,Temporal static scene
Part 5,karkkila_DJI_0008_frame20,Near Duplicate,pHash < 5,Flagged,Temporal static scene
Part 5,karkkila_DJI_0008_frame21,Near Duplicate,pHash < 5,Flagged,Temporal static scene
Part 5,karkkila_DJI_0008_frame22,Near Duplicate,pHash < 5,Flagged,Temporal static scene
Part 5,karkkila_DJI_0008_frame23,Near Duplicate,pHash < 5,Flagged,Temporal static scene
Part 5,karkkila_DJI_0008_frame24,Near Duplicate,pHash < 5,Flagged,Temporal static scene
Part 5,karkkila_DJI_0008_frame25,Near Duplicate,pHash < 5,Flagged,Temporal static scene
Part 5,karkkila_DJI_0008_frame26,Near Duplicate,pHash < 5,Flagged,Temporal static scene
Part 5,karkkila_DJI_0008_frame27,Near Duplicate,pHash < 5,Flagged,Temporal static scene
Part 5,karkkila_DJI_0008_frame28,Near Duplicate,pHash < 5,Flagged,Temporal static scene
Part 5,karkkila_DJI_0008_frame29,Near Duplicate,pHash < 5,Flagged,Temporal static scene
Part 5,karkkila_DJI_0008_frame30,Near Duplicate,pHash < 5,Flagged,Temporal static scene
Part 5,karkkila_DJI_0008_frame31,Near Duplicate,pHash < 5,Flagged,Temporal static scene
Part 5,karkkila_DJI_0008_frame32,Near Duplicate,pHash < 5,Flagged,Temporal static scene
Part 5,karkkila_DJI_0008_frame33,Near Duplicate,pHash < 5,Flagged,Temporal static scene
Part 5,karkkila_DJI_0008_frame34,Near Duplicate,pHash < 5,Flagged,Temporal static scene
Part 5,karkkila_DJI_0008_frame35,Near Duplicate,pHash < 5,Flagged,Temporal static scene
Part 5,karkkila_DJI_0008_frame36,Near Duplicate,pHash < 5,Flagged,Temporal static scene
Part 5,karkkila_DJI_0008_frame37,Near Duplicate,pHash < 5,Flagged,Temporal static scene
Part 5,karkkila_DJI_0008_frame38,Near Duplicate,pHash < 5,Flagged,Temporal static scene
Part 5,karkkila_DJI_0008_frame39,Near Duplicate,pHash < 5,Flagged,Temporal static scene
Part 5,karkkila_DJI_0008_frame40,Near Duplicate,pHash < 5,Flagged,Temporal static scene
Part 5,karkkila_DJI_0008_frame41,Near Duplicate,pHash < 5,Flagged,Temporal static scene
Part 5,karkkila_DJI_0008_frame42,Near Duplicate,pHash < 5,Flagged,Temporal static scene
Part 5,karkkila_DJI_0008_frame43,Near Duplicate,pHash < 5,Flagged,Temporal static scene
Part 5,karkkila_DJI_0008_frame44,Near Duplicate,pHash < 5,Flagged,Temporal static scene
Part 5,karkkila_DJI_0008_frame45,Near Duplicate,pHash < 5,Flagged,Temporal static scene
Part 5,karkkila_DJI_0008_frame46,Near Duplicate,pHash < 5,Flagged,Temporal static scene
Part 5,karkkila_DJI_0008_frame47,Near Duplicate,pHash < 5,Flagged,Temporal static scene
Part 5,karkkila_DJI_0008_frame48,Near Duplicate,pHash < 5,Flagged,Temporal static scene
Part 5,karkkila_DJI_0008_frame49,Near Duplicate,pHash < 5,Flagged,Temporal static scene
Part 5,karkkila_DJI_0008_frame50,Near Duplicate,pHash < 5,Flagged,Temporal static scene
Part 5,karkkila_DJI_0008_frame51,Near Duplicate,pHash < 5,Flagged,Temporal static scene
Part 5,karkkila_DJI_0008_frame52,Near Duplicate,pHash < 5,Flagged,Temporal static scene
Part 5,karkkila_DJI_0008_frame53,Near Duplicate,pHash < 5,Flagged,Temporal static scene
Part 5,karkkila_DJI_0008_frame54,Near Duplicate,pHash < 5,Flagged,Temporal static scene
Part 5,karkkila_DJI_0008_frame55,Near Duplicate,pHash < 5,Flagged,Temporal static scene
Part 5,karkkila_DJI_0008_frame56,Near Duplicate,pHash < 5,Flagged,Temporal static scene
Part 5,karkkila_DJI_0008_frame57,Near Duplicate,pHash < 5,Flagged,Temporal static scene
Part 5,karkkila_DJI_0008_frame58,Near Duplicate,pHash < 5,Flagged,Temporal static scene
Part 5,karkkila_DJI_0008_frame59,Near Duplicate,pHash < 5,Flagged,Temporal static scene
Part 5,karkkila_DJI_0008_frame60,Near Duplicate,pHash < 5,Flagged,Temporal static scene
Part 5,karkkila_DJI_0008_frame61,Near Duplicate,pHash < 5,Flagged,Temporal static scene
Part 5,karkkila_DJI_0008_frame62,Near Duplicate,pHash < 5,Flagged,Temporal static scene
Part 5,karkkila_DJI_0008_frame63,Near Duplicate,pHash < 5,Flagged,Temporal static scene
Part 5,karkkila_DJI_0008_frame64,Near Duplicate,pHash < 5,Flagged,Temporal static scene
Part 5,karkkila_DJI_0008_frame65,Near Duplicate,pHash < 5,Flagged,Temporal static scene
Part 5,karkkila_DJI_0008_frame66,Near Duplicate,pHash < 5,Flagged,Temporal static scene
Part 5,karkkila_DJI_0008_frame67,Near Duplicate,pHash < 5,Flagged,Temporal static scene
Part 5,karkkila_DJI_0008_frame68,Near Duplicate,pHash < 5,Flagged,Temporal static scene
Part 5,karkkila_DJI_0008_frame69,Near Duplicate,pHash < 5,Flagged,Temporal static scene
Part 5,karkkila_DJI_0008_frame70,Near Duplicate,pHash < 5,Flagged,Temporal static scene
Part 5,karkkila_DJI_0008_frame71,Near Duplicate,pHash < 5,Flagged,Temporal static scene
Part 5,karkkila_DJI_0008_frame72,Near Duplicate,pHash < 5,Flagged,Temporal static scene
Part 5,karkkila_DJI_0008_frame73,Near Duplicate,pHash < 5,Flagged,Temporal static scene
Part 5,karkkila_DJI_0008_frame74,Near Duplicate,pHash < 5,Flagged,Temporal static scene
Part 5,karkkila_DJI_0008_frame75,Near Duplicate,pHash < 5,Flagged,Temporal static scene
Part 5,karkkila_DJI_0008_frame76,Near Duplicate,pHash < 5,Flagged,Temporal static scene
Part 5,karkkila_DJI_0008_frame77,Near Duplicate,pHash < 5,Flagged,Temporal static scene
Part 5,karkkila_DJI_0008_frame78,Near Duplicate,pHash < 5,Flagged,Temporal static scene
Part 5,karkkila_DJI_0008_frame79,Near Duplicate,pHash < 5,Flagged,Temporal static scene
Part 5,karkkila_DJI_0008_frame80,Near Duplicate,pHash < 5,Flagged,Temporal static scene
Part 5,karkkila_DJI_0008_frame81,Near Duplicate,pHash < 5,Flagged,Temporal static scene
Part 5,karkkila_DJI_0008_frame82,Near Duplicate,pHash < 5,Flagged,Temporal static scene
Part 5,karkkila_DJI_0008_frame83,Near Duplicate,pHash < 5,Flagged,Temporal static scene
Part 5,karkkila_DJI_0008_frame84,Near Duplicate,pHash < 5,Flagged,Temporal static scene
Part 5,karkkila_DJI_0008_frame85,Near Duplicate,pHash < 5,Flagged,Temporal static scene
Part 5,karkkila_DJI_0008_frame86,Near Duplicate,pHash < 5,Flagged,Temporal static scene
Part 5,karkkila_DJI_0008_frame87,Near Duplicate,pHash < 5,Flagged,Temporal static scene
Part 5,karkkila_DJI_0008_frame88,Near Duplicate,pHash < 5,Flagged,Temporal static scene
Part 5,karkkila_DJI_0008_frame89,Near Duplicate,pHash < 5,Flagged,Temporal static scene
Part 5,karkkila_DJI_0008_frame90,Near Duplicate,pHash < 5,Flagged,Temporal static scene
Part 5,karkkila_DJI_0008_frame91,Near Duplicate,pHash < 5,Flagged,Temporal static scene
Part 5,karkkila_DJI_0008_frame92,Near Duplicate,pHash < 5,Flagged,Temporal static scene
Part 5,karkkila_DJI_0008_frame93,Near Duplicate,pHash < 5,Flagged,Temporal static scene
Part 5,karkkila_DJI_0008_frame94,Near Duplicate,pHash < 5,Flagged,Temporal static scene
Part 5,karkkila_DJI_0008_frame95,Near Duplicate,pHash < 5,Flagged,Temporal static scene
Part 5,karkkila_DJI_0008_frame96,Near Duplicate,pHash < 5,Flagged,Temporal static scene
Part 5,karkkila_DJI_0008_frame97,Near Duplicate,pHash < 5,Flagged,Temporal static scene
Part 5,karkkila_DJI_0008_frame98,Near Duplicate,pHash < 5,Flagged,Temporal static scene
Part 5,karkkila_DJI_0008_frame99,Near Duplicate,pHash < 5,Flagged,Temporal static scene
Part 5,karkkila_DJI_0008_frame100,Near Duplicate,pHash < 5,Flagged,Temporal static scene
Part 5,karkkila_DJI_0008_frame101,Near Duplicate,pHash < 5,Flagged,Temporal static scene
Part 5,karkkila_DJI_0008_frame102,Near Duplicate,pHash < 5,Flagged,Temporal static scene
Part 5,karkkila_DJI_0008_frame103,Near Duplicate,pHash < 5,Flagged,Temporal static scene
Part 5,karkkila_DJI_0008_frame104,Near Duplicate,pHash < 5,Flagged,Temporal static scene
Part 5,karkkila_DJI_0008_frame105,Near Duplicate,pHash < 5,Flagged,Temporal static scene
Part 5,karkkila_DJI_0008_frame106,Near Duplicate,pHash < 5,Flagged,Temporal static scene
Part 5,karkkila_DJI_0008_frame107,Near Duplicate,pHash < 5,Flagged,Temporal static scene
Part 5,karkkila_DJI_0008_frame108,Near Duplicate,pHash < 5,Flagged,Temporal static scene
Part 5,karkkila_DJI_0008_frame109,Near Duplicate,pHash < 5,Flagged,Temporal static scene
Part 5,karkkila_DJI_0008_frame110,Near Duplicate,pHash < 5,Flagged,Temporal static scene
Part 5,karkkila_DJI_0008_frame111,Near Duplicate,pHash < 5,Flagged,Temporal static scene
Part 5,karkkila_DJI_0008_frame112,Near Duplicate,pHash < 5,Flagged,Temporal static scene
Part 5,karkkila_DJI_0008_frame113,Near Duplicate,pHash < 5,Flagged,Temporal static scene
Part 5,karkkila_DJI_0008_frame114,Near Duplicate,pHash < 5,Flagged,Temporal static scene
Part 5,karkkila_DJI_0008_frame115,Near Duplicate,pHash < 5,Flagged,Temporal static scene
Part 5,karkkila_DJI_0008_frame116,Near Duplicate,pHash < 5,Flagged,Temporal static scene
Part 5,karkkila_DJI_0008_frame117,Near Duplicate,pHash < 5,Flagged,Temporal static scene
Part 5,karkkila_DJI_0008_frame118,Near Duplicate,pHash < 5,Flagged,Temporal static scene
Part 5,karkkila_DJI_0008_frame119,Near Duplicate,pHash < 5,Flagged,Temporal static scene
Part 5,karkkila_DJI_0008_frame120,Near Duplicate,pHash < 5,Flagged,Temporal static scene
Part 5,karkkila_DJI_0008_frame121,Near Duplicate,pHash < 5,Flagged,Temporal static scene
Part 5,karkkila_DJI_0008_frame122,Near Duplicate,pHash < 5,Flagged,Temporal static scene
Part 5,karkkila_DJI_0008_frame123,Near Duplicate,pHash < 5,Flagged,Temporal static scene
Part 5,karkkila_DJI_0008_frame124,Near Duplicate,pHash < 5,Flagged,Temporal static scene
Part 5,karkkila_DJI_0008_frame125,Near Duplicate,pHash < 5,Flagged,Temporal static scene
Part 5,karkkila_DJI_0008_frame126,Near Duplicate,pHash < 5,Flagged,Temporal static scene
Part 5,karkkila_DJI_0008_frame127,Near Duplicate,pHash < 5,Flagged,Temporal static scene
Part 5,karkkila_DJI_0008_frame128,Near Duplicate,pHash < 5,Flagged,Temporal static scene
Part 5,karkkila_DJI_0008_frame129,Near Duplicate,pHash < 5,Flagged,Temporal static scene
Part 5,karkkila_DJI_0008_frame130,Near Duplicate,pHash < 5,Flagged,Temporal static scene
Part 5,karkkila_DJI_0008_frame131,Near Duplicate,pHash < 5,Flagged,Temporal static scene
Part 5,karkkila_DJI_0008_frame132,Near Duplicate,pHash < 5,Flagged,Temporal static scene
Part 5,karkkila_DJI_0008_frame133,Near Duplicate,pHash < 5,Flagged,Temporal static scene
Part 5,karkkila_DJI_0008_frame134,Near Duplicate,pHash < 5,Flagged,Temporal static scene
Part 5,karkkila_DJI_0008_frame135,Near Duplicate,pHash < 5,Flagged,Temporal static scene
Part 5,karkkila_DJI_0008_frame136,Near Duplicate,pHash < 5,Flagged,Temporal static scene
Part 5,karkkila_DJI_0008_frame137,Near Duplicate,pHash < 5,Flagged,Temporal static scene
Part 5,karkkila_DJI_0008_frame138,Near Duplicate,pHash < 5,Flagged,Temporal static scene
Part 5,karkkila_DJI_0008_frame139,Near Duplicate,pHash < 5,Flagged,Temporal static scene
Part 5,karkkila_DJI_0008_frame140,Near Duplicate,pHash < 5,Flagged,Temporal static scene
Part 5,karkkila_DJI_0008_frame141,Near Duplicate,pHash < 5,Flagged,Temporal static scene
Part 5,karkkila_DJI_0008_frame142,Near Duplicate,pHash < 5,Flagged,Temporal static scene
Part 5,karkkila_DJI_0008_frame143,Near Duplicate,pHash < 5,Flagged,Temporal static scene
Part 5,karkkila_DJI_0008_frame144,Near Duplicate,pHash < 5,Flagged,Temporal static scene
Part 5,karkkila_DJI_0008_frame145,Near Duplicate,pHash < 5,Flagged,Temporal static scene
Part 5,karkkila_DJI_0008_frame146,Near Duplicate,pHash < 5,Flagged,Temporal static scene
Part 5,karkkila_DJI_0008_frame147,Near Duplicate,pHash < 5,Flagged,Temporal static scene
Part 5,karkkila_DJI_0008_frame148,Near Duplicate,pHash < 5,Flagged,Temporal static scene
Part 5,karkkila_DJI_0008_frame149,Near Duplicate,pHash < 5,Flagged,Temporal static scene
Part 5,karkkila_DJI_0008_frame150,Near Duplicate,pHash < 5,Flagged,Temporal static scene
Part 5,karkkila_DJI_0008_frame151,Near Duplicate,pHash < 5,Flagged,Temporal static scene
Part 5,karkkila_DJI_0008_frame152,Near Duplicate,pHash < 5,Flagged,Temporal static scene
Part 5,karkkila_DJI_0008_frame153,Near Duplicate,pHash < 5,Flagged,Temporal static scene
Part 5,karkkila_DJI_0008_frame154,Near Duplicate,pHash < 5,Flagged,Temporal static scene
Part 5,karkkila_DJI_0008_frame155,Near Duplicate,pHash < 5,Flagged,Temporal static scene
Part 5,karkkila_DJI_0008_frame156,Near Duplicate,pHash < 5,Flagged,Temporal static scene
Part 5,karkkila_DJI_0008_frame157,Near Duplicate,pHash < 5,Flagged,Temporal static scene
Part 5,karkkila_DJI_0008_frame158,Near Duplicate,pHash < 5,Flagged,Temporal static scene
Part 5,karkkila_DJI_0008_frame159,Near Duplicate,pHash < 5,Flagged,Temporal static scene
Part 5,karkkila_DJI_0008_frame160,Near Duplicate,pHash < 5,Flagged,Temporal static scene
Part 5,karkkila_DJI_0008_frame161,Near Duplicate,pHash < 5,Flagged,Temporal static scene
Part 5,karkkila_DJI_0008_frame162,Near Duplicate,pHash < 5,Flagged,Temporal static scene
Part 5,karkkila_DJI_0008_frame163,Near Duplicate,pHash < 5,Flagged,Temporal static scene
Part 5,karkkila_DJI_0008_frame164,Near Duplicate,pHash < 5,Flagged,Temporal static scene
Part 5,karkkila_DJI_0008_frame165,Near Duplicate,pHash < 5,Flagged,Temporal static scene
Part 5,karkkila_DJI_0008_frame166,Near Duplicate,pHash < 5,Flagged,Temporal static scene
Part 5,karkkila_DJI_0008_frame167,Near Duplicate,pHash < 5,Flagged,Temporal static scene
Part 5,karkkila_DJI_0008_frame168,Near Duplicate,pHash < 5,Flagged,Temporal static scene
Part 5,karkkila_DJI_0008_frame169,Near Duplicate,pHash < 5,Flagged,Temporal static scene
Part 5,karkkila_DJI_0008_frame170,Near Duplicate,pHash < 5,Flagged,Temporal static scene
Part 5,heinola_DJI_0036_frame98,Near Duplicate,pHash < 5,Flagged,Temporal static scene
Part 5,heinola_DJI_0036_frame99,Near Duplicate,pHash < 5,Flagged,Temporal static scene
Part 5,heinola_DJI_0036_frame100,Near Duplicate,pHash < 5,Flagged,Temporal static scene
Part 5,heinola_DJI_0036_frame101,Near Duplicate,pHash < 5,Flagged,Temporal static scene
Part 5,heinola_DJI_0036_frame102,Near Duplicate,pHash < 5,Flagged,Temporal static scene
Part 5,heinola_DJI_0036_frame103,Near Duplicate,pHash < 5,Flagged,Temporal static scene
Part 5,heinola_DJI_0036_frame104,Near Duplicate,pHash < 5,Flagged,Temporal static scene
Part 5,heinola_DJI_0036_frame105,Near Duplicate,pHash < 5,Flagged,Temporal static scene
Part 5,heinola_DJI_0036_frame106,Near Duplicate,pHash < 5,Flagged,Temporal static scene
Part 5,heinola_DJI_0036_frame107,Near Duplicate,pHash < 5,Flagged,Temporal static scene
Part 5,heinola_DJI_0036_frame108,Near Duplicate,pHash < 5,Flagged,Temporal static scene
Part 5,heinola_DJI_0036_frame109,Near Duplicate,pHash < 5,Flagged,Temporal static scene
Part 5,heinola_DJI_0036_frame110,Near Duplicate,pHash < 5,Flagged,Temporal static scene
Part 5,heinola_DJI_0036_frame111,Near Duplicate,pHash < 5,Flagged,Temporal static scene
Part 5,heinola_DJI_0036_frame112,Near Duplicate,pHash < 5,Flagged,Temporal static scene
Part 5,heinola_DJI_0036_frame113,Near Duplicate,pHash < 5,Flagged,Temporal static scene
Part 5,heinola_DJI_0036_frame114,Near Duplicate,pHash < 5,Flagged,Temporal static scene
Part 5,heinola_DJI_0036_frame115,Near Duplicate,pHash < 5,Flagged,Temporal static scene
Part 5,heinola_DJI_0036_frame116,Near Duplicate,pHash < 5,Flagged,Temporal static scene
Part 5,heinola_DJI_0036_frame117,Near Duplicate,pHash < 5,Flagged,Temporal static scene
Part 5,heinola_DJI_0036_frame119,Near Duplicate,pHash < 5,Flagged,Temporal static scene
Part 5,heinola_DJI_0036_frame120,Near Duplicate,pHash < 5,Flagged,Temporal static scene
Part 5,heinola_DJI_0036_frame121,Near Duplicate,pHash < 5,Flagged,Temporal static scene
Part 5,heinola_DJI_0036_frame122,Near Duplicate,pHash < 5,Flagged,Temporal static scene
Part 5,heinola_DJI_0036_frame123,Near Duplicate,pHash < 5,Flagged,Temporal static scene
Part 5,heinola_DJI_0036_frame124,Near Duplicate,pHash < 5,Flagged,Temporal static scene
Part 5,heinola_DJI_0036_frame230,Near Duplicate,pHash < 5,Flagged,Temporal static scene
Part 5,heinola_DJI_0036_frame231,Near Duplicate,pHash < 5,Flagged,Temporal static scene
Part 5,heinola_DJI_0036_frame232,Near Duplicate,pHash < 5,Flagged,Temporal static scene
Part 5,heinola_DJI_0036_frame233,Near Duplicate,pHash < 5,Flagged,Temporal static scene
Part 5,heinola_DJI_0036_frame234,Near Duplicate,pHash < 5,Flagged,Temporal static scene
Part 5,heinola_DJI_0036_frame235,Near Duplicate,pHash < 5,Flagged,Temporal static scene
Part 5,heinola_DJI_0036_frame236,Near Duplicate,pHash < 5,Flagged,Temporal static scene
Part 5,heinola_DJI_0036_frame237,Near Duplicate,pHash < 5,Flagged,Temporal static scene
Part 5,heinola_DJI_0036_frame238,Near Duplicate,pHash < 5,Flagged,Temporal static scene
Part 5,heinola_DJI_0036_frame239,Near Duplicate,pHash < 5,Flagged,Temporal static scene
Part 5,heinola_DJI_0036_frame240,Near Duplicate,pHash < 5,Flagged,Temporal static scene
Part 5,heinola_DJI_0036_frame241,Near Duplicate,pHash < 5,Flagged,Temporal static scene
Part 5,heinola_DJI_0036_frame242,Near Duplicate,pHash < 5,Flagged,Temporal static scene
Part 5,heinola_DJI_0030_frame27,Near Duplicate,pHash < 5,Flagged,Temporal static scene
Part 5,heinola_DJI_0030_frame28,Near Duplicate,pHash < 5,Flagged,Temporal static scene
Part 5,heinola_DJI_0030_frame29,Near Duplicate,pHash < 5,Flagged,Temporal static scene
Part 5,heinola_DJI_0030_frame30,Near Duplicate,pHash < 5,Flagged,Temporal static scene
Part 5,heinola_DJI_0030_frame32,Near Duplicate,pHash < 5,Flagged,Temporal static scene
Part 5,heinola_DJI_0030_frame33,Near Duplicate,pHash < 5,Flagged,Temporal static scene
Part 5,heinola_DJI_0030_frame34,Near Duplicate,pHash < 5,Flagged,Temporal static scene
Part 5,heinola_DJI_0030_frame35,Near Duplicate,pHash < 5,Flagged,Temporal static scene
Part 5,heinola_DJI_0030_frame36,Near Duplicate,pHash < 5,Flagged,Temporal static scene
Part 5,heinola_DJI_0030_frame38,Near Duplicate,pHash < 5,Flagged,Temporal static scene
Part 5,heinola_DJI_0030_frame39,Near Duplicate,pHash < 5,Flagged,Temporal static scene
Part 5,heinola_DJI_0030_frame40,Near Duplicate,pHash < 5,Flagged,Temporal static scene
Part 5,heinola_DJI_0030_frame41,Near Duplicate,pHash < 5,Flagged,Temporal static scene
Part 5,heinola_DJI_0030_frame42,Near Duplicate,pHash < 5,Flagged,Temporal static scene
Part 5,heinola_DJI_0030_frame43,Near Duplicate,pHash < 5,Flagged,Temporal static scene
Part 5,heinola_DJI_0030_frame44,Near Duplicate,pHash < 5,Flagged,Temporal static scene
Part 5,heinola_DJI_0030_frame45,Near Duplicate,pHash < 5,Flagged,Temporal static scene
Part 5,heinola_DJI_0030_frame46,Near Duplicate,pHash < 5,Flagged,Temporal static scene
Part 5,heinola_DJI_0030_frame47,Near Duplicate,pHash < 5,Flagged,Temporal static scene
Part 5,heinola_DJI_0030_frame48,Near Duplicate,pHash < 5,Flagged,Temporal static scene
Part 5,heinola_DJI_0030_frame49,Near Duplicate,pHash < 5,Flagged,Temporal static scene
Part 5,heinola_DJI_0030_frame50,Near Duplicate,pHash < 5,Flagged,Temporal static scene
Part 5,heinola_DJI_0030_frame51,Near Duplicate,pHash < 5,Flagged,Temporal static scene
Part 5,heinola_DJI_0030_frame52,Near Duplicate,pHash < 5,Flagged,Temporal static scene
Part 5,heinola_DJI_0030_frame53,Near Duplicate,pHash < 5,Flagged,Temporal static scene
Part 5,heinola_DJI_0030_frame54,Near Duplicate,pHash < 5,Flagged,Temporal static scene
Part 5,heinola_DJI_0030_frame55,Near Duplicate,pHash < 5,Flagged,Temporal static scene
Part 5,heinola_DJI_0030_frame56,Near Duplicate,pHash < 5,Flagged,Temporal static scene
Part 5,heinola_DJI_0030_frame57,Near Duplicate,pHash < 5,Flagged,Temporal static scene
Part 5,heinola_DJI_0030_frame58,Near Duplicate,pHash < 5,Flagged,Temporal static scene
Part 5,heinola_DJI_0030_frame59,Near Duplicate,pHash < 5,Flagged,Temporal static scene
Part 5,heinola_DJI_0030_frame60,Near Duplicate,pHash < 5,Flagged,Temporal static scene
Part 5,heinola_DJI_0030_frame61,Near Duplicate,pHash < 5,Flagged,Temporal static scene
Part 5,heinola_DJI_0030_frame62,Near Duplicate,pHash < 5,Flagged,Temporal static scene
Part 5,heinola_DJI_0030_frame63,Near Duplicate,pHash < 5,Flagged,Temporal static scene
Part 5,heinola_DJI_0030_frame64,Near Duplicate,pHash < 5,Flagged,Temporal static scene
Part 5,heinola_DJI_0030_frame65,Near Duplicate,pHash < 5,Flagged,Temporal static scene
Part 5,heinola_DJI_0030_frame66,Near Duplicate,pHash < 5,Flagged,Temporal static scene
Part 5,heinola_DJI_0030_frame67,Near Duplicate,pHash < 5,Flagged,Temporal static scene
Part 5,heinola_DJI_0030_frame68,Near Duplicate,pHash < 5,Flagged,Temporal static scene
Part 5,heinola_DJI_0030_frame74,Near Duplicate,pHash < 5,Flagged,Temporal static scene
Part 5,heinola_DJI_0030_frame75,Near Duplicate,pHash < 5,Flagged,Temporal static scene
Part 5,heinola_DJI_0030_frame76,Near Duplicate,pHash < 5,Flagged,Temporal static scene
Part 5,heinola_DJI_0030_frame77,Near Duplicate,pHash < 5,Flagged,Temporal static scene
Part 5,heinola_DJI_0030_frame78,Near Duplicate,pHash < 5,Flagged,Temporal static scene
Part 5,heinola_DJI_0030_frame79,Near Duplicate,pHash < 5,Flagged,Temporal static scene
Part 5,heinola_DJI_0030_frame83,Near Duplicate,pHash < 5,Flagged,Temporal static scene
Part 5,heinola_DJI_0030_frame84,Near Duplicate,pHash < 5,Flagged,Temporal static scene
Part 5,heinola_DJI_0030_frame85,Near Duplicate,pHash < 5,Flagged,Temporal static scene
Part 5,heinola_DJI_0030_frame86,Near Duplicate,pHash < 5,Flagged,Temporal static scene
Part 5,heinola_DJI_0030_frame87,Near Duplicate,pHash < 5,Flagged,Temporal static scene
Part 5,heinola_DJI_0030_frame88,Near Duplicate,pHash < 5,Flagged,Temporal static scene
Part 5,heinola_DJI_0030_frame89,Near Duplicate,pHash < 5,Flagged,Temporal static scene
Part 5,heinola_DJI_0030_frame90,Near Duplicate,pHash < 5,Flagged,Temporal static scene
Part 5,heinola_DJI_0030_frame91,Near Duplicate,pHash < 5,Flagged,Temporal static scene
Part 5,heinola_DJI_0030_frame92,Near Duplicate,pHash < 5,Flagged,Temporal static scene
Part 5,heinola_DJI_0030_frame94,Near Duplicate,pHash < 5,Flagged,Temporal static scene
Part 5,heinola_DJI_0030_frame95,Near Duplicate,pHash < 5,Flagged,Temporal static scene
Part 5,heinola_DJI_0030_frame98,Near Duplicate,pHash < 5,Flagged,Temporal static scene
Part 5,heinola_DJI_0030_frame99,Near Duplicate,pHash < 5,Flagged,Temporal static scene
Part 5,heinola_DJI_0030_frame100,Near Duplicate,pHash < 5,Flagged,Temporal static scene
Part 5,heinola_DJI_0030_frame101,Near Duplicate,pHash < 5,Flagged,Temporal static scene
Part 5,heinola_DJI_0030_frame102,Near Duplicate,pHash < 5,Flagged,Temporal static scene
Part 5,heinola_DJI_0030_frame103,Near Duplicate,pHash < 5,Flagged,Temporal static scene
Part 5,heinola_DJI_0030_frame104,Near Duplicate,pHash < 5,Flagged,Temporal static scene
Part 5,heinola_DJI_0030_frame105,Near Duplicate,pHash < 5,Flagged,Temporal static scene
Part 5,heinola_DJI_0030_frame106,Near Duplicate,pHash < 5,Flagged,Temporal static scene
Part 5,heinola_DJI_0030_frame107,Near Duplicate,pHash < 5,Flagged,Temporal static scene
Part 5,heinola_DJI_0030_frame108,Near Duplicate,pHash < 5,Flagged,Temporal static scene
Part 5,heinola_DJI_0030_frame109,Near Duplicate,pHash < 5,Flagged,Temporal static scene
Part 5,heinola_DJI_0030_frame110,Near Duplicate,pHash < 5,Flagged,Temporal static scene
Part 5,heinola_DJI_0030_frame220,Near Duplicate,pHash < 5,Flagged,Temporal static scene
Part 5,heinola_DJI_0030_frame221,Near Duplicate,pHash < 5,Flagged,Temporal static scene
Part 5,heinola_DJI_0030_frame226,Near Duplicate,pHash < 5,Flagged,Temporal static scene
Part 5,heinola_DJI_0030_frame227,Near Duplicate,pHash < 5,Flagged,Temporal static scene
Part 5,heinola_DJI_0030_frame228,Near Duplicate,pHash < 5,Flagged,Temporal static scene
Part 5,heinola_DJI_0030_frame229,Near Duplicate,pHash < 5,Flagged,Temporal static scene
Part 5,heinola_DJI_0030_frame230,Near Duplicate,pHash < 5,Flagged,Temporal static scene
Part 5,heinola_DJI_0030_frame231,Near Duplicate,pHash < 5,Flagged,Temporal static scene
Part 5,heinola_DJI_0030_frame233,Near Duplicate,pHash < 5,Flagged,Temporal static scene
Part 5,heinola_DJI_0030_frame238,Near Duplicate,pHash < 5,Flagged,Temporal static scene
Part 5,heinola_DJI_0030_frame240,Near Duplicate,pHash < 5,Flagged,Temporal static scene
Part 5,heinola_DJI_0030_frame241,Near Duplicate,pHash < 5,Flagged,Temporal static scene
Part 5,heinola_DJI_0030_frame242,Near Duplicate,pHash < 5,Flagged,Temporal static scene
Part 5,heinola_DJI_0030_frame243,Near Duplicate,pHash < 5,Flagged,Temporal static scene
Part 5,heinola_DJI_0030_frame244,Near Duplicate,pHash < 5,Flagged,Temporal static scene
Part 5,heinola_DJI_0030_frame245,Near Duplicate,pHash < 5,Flagged,Temporal static scene
Part 5,heinola_DJI_0030_frame335,Near Duplicate,pHash < 5,Flagged,Temporal static scene
Part 5,heinola_DJI_0024_frame2,Near Duplicate,pHash < 5,Flagged,Temporal static scene
Part 5,heinola_DJI_0024_frame4,Near Duplicate,pHash < 5,Flagged,Temporal static scene
Part 5,heinola_DJI_0024_frame6,Near Duplicate,pHash < 5,Flagged,Temporal static scene
Part 5,heinola_DJI_0024_frame7,Near Duplicate,pHash < 5,Flagged,Temporal static scene
Part 5,heinola_DJI_0024_frame9,Near Duplicate,pHash < 5,Flagged,Temporal static scene
Part 5,heinola_DJI_0024_frame10,Near Duplicate,pHash < 5,Flagged,Temporal static scene
Part 5,heinola_DJI_0024_frame12,Near Duplicate,pHash < 5,Flagged,Temporal static scene
Part 5,heinola_DJI_0024_frame13,Near Duplicate,pHash < 5,Flagged,Temporal static scene
Part 5,heinola_DJI_0024_frame16,Near Duplicate,pHash < 5,Flagged,Temporal static scene
Part 5,heinola_DJI_0024_frame17,Near Duplicate,pHash < 5,Flagged,Temporal static scene
Part 5,heinola_DJI_0024_frame20,Near Duplicate,pHash < 5,Flagged,Temporal static scene
Part 5,heinola_DJI_0024_frame21,Near Duplicate,pHash < 5,Flagged,Temporal static scene
Part 5,heinola_DJI_0024_frame23,Near Duplicate,pHash < 5,Flagged,Temporal static scene
Part 5,heinola_DJI_0024_frame24,Near Duplicate,pHash < 5,Flagged,Temporal static scene
Part 5,heinola_DJI_0024_frame25,Near Duplicate,pHash < 5,Flagged,Temporal static scene
Part 5,heinola_DJI_0024_frame27,Near Duplicate,pHash < 5,Flagged,Temporal static scene
Part 5,heinola_DJI_0024_frame28,Near Duplicate,pHash < 5,Flagged,Temporal static scene
Part 5,heinola_DJI_0024_frame30,Near Duplicate,pHash < 5,Flagged,Temporal static scene
Part 5,heinola_DJI_0024_frame31,Near Duplicate,pHash < 5,Flagged,Temporal static scene
Part 5,heinola_DJI_0024_frame33,Near Duplicate,pHash < 5,Flagged,Temporal static scene
Part 5,heinola_DJI_0024_frame34,Near Duplicate,pHash < 5,Flagged,Temporal static scene
Part 5,heinola_DJI_0024_frame35,Near Duplicate,pHash < 5,Flagged,Temporal static scene
Part 5,heinola_DJI_0024_frame37,Near Duplicate,pHash < 5,Flagged,Temporal static scene
Part 5,heinola_DJI_0024_frame38,Near Duplicate,pHash < 5,Flagged,Temporal static scene
Part 5,heinola_DJI_0024_frame40,Near Duplicate,pHash < 5,Flagged,Temporal static scene
Part 5,heinola_DJI_0024_frame41,Near Duplicate,pHash < 5,Flagged,Temporal static scene
Part 5,heinola_DJI_0024_frame43,Near Duplicate,pHash < 5,Flagged,Temporal static scene
Part 5,heinola_DJI_0024_frame44,Near Duplicate,pHash < 5,Flagged,Temporal static scene
Part 5,heinola_DJI_0024_frame45,Near Duplicate,pHash < 5,Flagged,Temporal static scene
Part 5,heinola_DJI_0024_frame47,Near Duplicate,pHash < 5,Flagged,Temporal static scene
Part 5,heinola_DJI_0024_frame48,Near Duplicate,pHash < 5,Flagged,Temporal static scene
Part 5,heinola_DJI_0024_frame49,Near Duplicate,pHash < 5,Flagged,Temporal static scene
Part 5,heinola_DJI_0024_frame50,Near Duplicate,pHash < 5,Flagged,Temporal static scene
Part 5,heinola_DJI_0024_frame51,Near Duplicate,pHash < 5,Flagged,Temporal static scene
Part 5,heinola_DJI_0024_frame53,Near Duplicate,pHash < 5,Flagged,Temporal static scene
Part 5,heinola_DJI_0024_frame54,Near Duplicate,pHash < 5,Flagged,Temporal static scene
Part 5,heinola_DJI_0024_frame56,Near Duplicate,pHash < 5,Flagged,Temporal static scene
Part 5,heinola_DJI_0024_frame57,Near Duplicate,pHash < 5,Flagged,Temporal static scene
Part 5,heinola_DJI_0024_frame59,Near Duplicate,pHash < 5,Flagged,Temporal static scene
Part 5,heinola_DJI_0024_frame60,Near Duplicate,pHash < 5,Flagged,Temporal static scene
Part 5,heinola_DJI_0024_frame62,Near Duplicate,pHash < 5,Flagged,Temporal static scene
Part 5,heinola_DJI_0024_frame63,Near Duplicate,pHash < 5,Flagged,Temporal static scene
Part 5,heinola_DJI_0024_frame65,Near Duplicate,pHash < 5,Flagged,Temporal static scene
Part 5,heinola_DJI_0024_frame66,Near Duplicate,pHash < 5,Flagged,Temporal static scene
Part 5,heinola_DJI_0024_frame68,Near Duplicate,pHash < 5,Flagged,Temporal static scene
Part 5,heinola_DJI_0024_frame69,Near Duplicate,pHash < 5,Flagged,Temporal static scene
Part 5,heinola_DJI_0024_frame71,Near Duplicate,pHash < 5,Flagged,Temporal static scene
Part 5,heinola_DJI_0024_frame72,Near Duplicate,pHash < 5,Flagged,Temporal static scene
Part 5,heinola_DJI_0024_frame73,Near Duplicate,pHash < 5,Flagged,Temporal static scene
Part 5,heinola_DJI_0024_frame74,Near Duplicate,pHash < 5,Flagged,Temporal static scene
Part 5,heinola_DJI_0024_frame77,Near Duplicate,pHash < 5,Flagged,Temporal static scene
Part 5,heinola_DJI_0024_frame78,Near Duplicate,pHash < 5,Flagged,Temporal static scene
Part 5,heinola_DJI_0024_frame82,Near Duplicate,pHash < 5,Flagged,Temporal static scene
Part 5,heinola_DJI_0024_frame83,Near Duplicate,pHash < 5,Flagged,Temporal static scene
Part 5,heinola_DJI_0024_frame85,Near Duplicate,pHash < 5,Flagged,Temporal static scene
Part 5,heinola_DJI_0024_frame86,Near Duplicate,pHash < 5,Flagged,Temporal static scene
Part 5,heinola_DJI_0048_frame2,Near Duplicate,pHash < 5,Flagged,Temporal static scene
Part 5,heinola_DJI_0048_frame3,Near Duplicate,pHash < 5,Flagged,Temporal static scene
Part 5,heinola_DJI_0048_frame4,Near Duplicate,pHash < 5,Flagged,Temporal static scene
Part 5,heinola_DJI_0048_frame5,Near Duplicate,pHash < 5,Flagged,Temporal static scene
Part 5,heinola_DJI_0048_frame218,Near Duplicate,pHash < 5,Flagged,Temporal static scene
Part 5,heinola_DJI_0048_frame219,Near Duplicate,pHash < 5,Flagged,Temporal static scene
Part 5,heinola_DJI_0048_frame220,Near Duplicate,pHash < 5,Flagged,Temporal static scene
Part 5,heinola_DJI_0048_frame221,Near Duplicate,pHash < 5,Flagged,Temporal static scene
Part 5,heinola_DJI_0048_frame224,Near Duplicate,pHash < 5,Flagged,Temporal static scene
Part 5,heinola_DJI_0048_frame227,Near Duplicate,pHash < 5,Flagged,Temporal static scene
Part 5,heinola_DJI_0048_frame228,Near Duplicate,pHash < 5,Flagged,Temporal static scene
Part 5,heinola_DJI_0048_frame229,Near Duplicate,pHash < 5,Flagged,Temporal static scene
Part 5,heinola_DJI_0048_frame231,Near Duplicate,pHash < 5,Flagged,Temporal static scene
Part 5,heinola_DJI_0048_frame239,Near Duplicate,pHash < 5,Flagged,Temporal static scene
Part 5,heinola_DJI_0048_frame240,Near Duplicate,pHash < 5,Flagged,Temporal static scene
Part 5,karkkila_DJI_0003_frame1,Near Duplicate,pHash < 5,Flagged,Temporal static scene
Part 5,karkkila_DJI_0003_frame2,Near Duplicate,pHash < 5,Flagged,Temporal static scene
Part 5,karkkila_DJI_0003_frame5,Near Duplicate,pHash < 5,Flagged,Temporal static scene
Part 5,karkkila_DJI_0003_frame6,Near Duplicate,pHash < 5,Flagged,Temporal static scene
Part 5,karkkila_DJI_0003_frame7,Near Duplicate,pHash < 5,Flagged,Temporal static scene
Part 5,karkkila_DJI_0003_frame9,Near Duplicate,pHash < 5,Flagged,Temporal static scene
Part 5,karkkila_DJI_0003_frame10,Near Duplicate,pHash < 5,Flagged,Temporal static scene
Part 5,karkkila_DJI_0003_frame11,Near Duplicate,pHash < 5,Flagged,Temporal static scene
Part 5,karkkila_DJI_0003_frame12,Near Duplicate,pHash < 5,Flagged,Temporal static scene
Part 5,karkkila_DJI_0003_frame13,Near Duplicate,pHash < 5,Flagged,Temporal static scene
Part 5,karkkila_DJI_0003_frame14,Near Duplicate,pHash < 5,Flagged,Temporal static scene
Part 5,karkkila_DJI_0003_frame15,Near Duplicate,pHash < 5,Flagged,Temporal static scene
Part 5,karkkila_DJI_0003_frame16,Near Duplicate,pHash < 5,Flagged,Temporal static scene
Part 5,karkkila_DJI_0003_frame17,Near Duplicate,pHash < 5,Flagged,Temporal static scene
Part 5,karkkila_DJI_0003_frame18,Near Duplicate,pHash < 5,Flagged,Temporal static scene
Part 5,karkkila_DJI_0003_frame21,Near Duplicate,pHash < 5,Flagged,Temporal static scene
Part 5,karkkila_DJI_0003_frame22,Near Duplicate,pHash < 5,Flagged,Temporal static scene
Part 5,karkkila_DJI_0003_frame26,Near Duplicate,pHash < 5,Flagged,Temporal static scene
Part 5,karkkila_DJI_0003_frame33,Near Duplicate,pHash < 5,Flagged,Temporal static scene
Part 5,karkkila_DJI_0003_frame34,Near Duplicate,pHash < 5,Flagged,Temporal static scene
Part 5,karkkila_DJI_0003_frame35,Near Duplicate,pHash < 5,Flagged,Temporal static scene
Part 5,karkkila_DJI_0003_frame36,Near Duplicate,pHash < 5,Flagged,Temporal static scene
Part 5,ruokolahti_DJI_0084_frame1,Near Duplicate,pHash < 5,Flagged,Temporal static scene
Part 5,ruokolahti_DJI_0084_frame3,Near Duplicate,pHash < 5,Flagged,Temporal static scene
Part 5,ruokolahti_DJI_0084_frame8,Near Duplicate,pHash < 5,Flagged,Temporal static scene
Part 5,ruokolahti_DJI_0084_frame9,Near Duplicate,pHash < 5,Flagged,Temporal static scene
Part 5,ruokolahti_DJI_0084_frame10,Near Duplicate,pHash < 5,Flagged,Temporal static scene
Part 5,ruokolahti_DJI_0084_frame12,Near Duplicate,pHash < 5,Flagged,Temporal static scene
Part 5,ruokolahti_DJI_0084_frame13,Near Duplicate,pHash < 5,Flagged,Temporal static scene
Part 5,ruokolahti_DJI_0084_frame14,Near Duplicate,pHash < 5,Flagged,Temporal static scene
Part 5,ruokolahti_DJI_0084_frame15,Near Duplicate,pHash < 5,Flagged,Temporal static scene
Part 5,ruokolahti_DJI_0084_frame16,Near Duplicate,pHash < 5,Flagged,Temporal static scene
Part 5,ruokolahti_DJI_0084_frame17,Near Duplicate,pHash < 5,Flagged,Temporal static scene
Part 5,ruokolahti_DJI_0084_frame18,Near Duplicate,pHash < 5,Flagged,Temporal static scene
Part 5,ruokolahti_DJI_0084_frame19,Near Duplicate,pHash < 5,Flagged,Temporal static scene
Part 5,ruokolahti_DJI_0084_frame22,Near Duplicate,pHash < 5,Flagged,Temporal static scene
Part 5,ruokolahti_DJI_0080_frame1,Near Duplicate,pHash < 5,Flagged,Temporal static scene
Part 5,ruokolahti_DJI_0080_frame28,Near Duplicate,pHash < 5,Flagged,Temporal static scene
Part 5,ruokolahti_DJI_0080_frame32,Near Duplicate,pHash < 5,Flagged,Temporal static scene
Part 5,ruokolahti_DJI_0080_frame37,Near Duplicate,pHash < 5,Flagged,Temporal static scene
Part 5,ruokolahti_DJI_0080_frame45,Near Duplicate,pHash < 5,Flagged,Temporal static scene
Part 5,ruokolahti_DJI_0080_frame55,Near Duplicate,pHash < 5,Flagged,Temporal static scene
Part 5,ruokolahti_DJI_0080_frame60,Near Duplicate,pHash < 5,Flagged,Temporal static scene
Part 5,ruokolahti_DJI_0080_frame68,Near Duplicate,pHash < 5,Flagged,Temporal static scene
Part 5,ruokolahti_DJI_0080_frame71,Near Duplicate,pHash < 5,Flagged,Temporal static scene
Part 5,ruokolahti_DJI_0080_frame76,Near Duplicate,pHash < 5,Flagged,Temporal static scene
Part 5,ruokolahti_DJI_0080_frame79,Near Duplicate,pHash < 5,Flagged,Temporal static scene
Part 5,ruokolahti_DJI_0080_frame81,Near Duplicate,pHash < 5,Flagged,Temporal static scene
Part 5,ruokolahti_DJI_0080_frame82,Near Duplicate,pHash < 5,Flagged,Temporal static scene
Part 5,ruokolahti_DJI_0080_frame83,Near Duplicate,pHash < 5,Flagged,Temporal static scene
Part 5,ruokolahti_DJI_0080_frame89,Near Duplicate,pHash < 5,Flagged,Temporal static scene
Part 5,ruokolahti_DJI_0080_frame90,Near Duplicate,pHash < 5,Flagged,Temporal static scene
Part 5,ruokolahti_DJI_0080_frame91,Near Duplicate,pHash < 5,Flagged,Temporal static scene
Part 5,ruokolahti_DJI_0080_frame92,Near Duplicate,pHash < 5,Flagged,Temporal static scene
Part 5,ruokolahti_DJI_0080_frame94,Near Duplicate,pHash < 5,Flagged,Temporal static scene
Part 5,ruokolahti_DJI_0080_frame95,Near Duplicate,pHash < 5,Flagged,Temporal static scene
Part 5,ruokolahti_DJI_0080_frame96,Near Duplicate,pHash < 5,Flagged,Temporal static scene
Part 5,ruokolahti_DJI_0080_frame97,Near Duplicate,pHash < 5,Flagged,Temporal static scene
Part 5,ruokolahti_DJI_0080_frame98,Near Duplicate,pHash < 5,Flagged,Temporal static scene
Part 5,ruokolahti_DJI_0080_frame99,Near Duplicate,pHash < 5,Flagged,Temporal static scene
Part 5,ruokolahti_DJI_0080_frame100,Near Duplicate,pHash < 5,Flagged,Temporal static scene
Part 5,ruokolahti_DJI_0080_frame103,Near Duplicate,pHash < 5,Flagged,Temporal static scene
Part 5,ruokolahti_DJI_0080_frame104,Near Duplicate,pHash < 5,Flagged,Temporal static scene
Part 5,ruokolahti_DJI_0080_frame105,Near Duplicate,pHash < 5,Flagged,Temporal static scene
Part 5,ruokolahti_DJI_0080_frame106,Near Duplicate,pHash < 5,Flagged,Temporal static scene
Part 5,ruokolahti_DJI_0080_frame107,Near Duplicate,pHash < 5,Flagged,Temporal static scene
Part 5,ruokolahti_DJI_0080_frame108,Near Duplicate,pHash < 5,Flagged,Temporal static scene
Part 5,ruokolahti_DJI_0080_frame109,Near Duplicate,pHash < 5,Flagged,Temporal static scene
Part 5,ruokolahti_DJI_0080_frame110,Near Duplicate,pHash < 5,Flagged,Temporal static scene
Part 5,ruokolahti_DJI_0080_frame111,Near Duplicate,pHash < 5,Flagged,Temporal static scene
Part 5,ruokolahti_DJI_0080_frame112,Near Duplicate,pHash < 5,Flagged,Temporal static scene
Part 5,ruokolahti_DJI_0080_frame115,Near Duplicate,pHash < 5,Flagged,Temporal static scene
Part 5,ruokolahti_DJI_0080_frame116,Near Duplicate,pHash < 5,Flagged,Temporal static scene
Part 5,ruokolahti_DJI_0080_frame117,Near Duplicate,pHash < 5,Flagged,Temporal static scene
Part 5,ruokolahti_DJI_0080_frame118,Near Duplicate,pHash < 5,Flagged,Temporal static scene
Part 5,ruokolahti_DJI_0080_frame119,Near Duplicate,pHash < 5,Flagged,Temporal static scene
Part 5,ruokolahti_DJI_0080_frame120,Near Duplicate,pHash < 5,Flagged,Temporal static scene
Part 5,ruokolahti_DJI_0080_frame121,Near Duplicate,pHash < 5,Flagged,Temporal static scene
Part 5,ruokolahti_DJI_0080_frame122,Near Duplicate,pHash < 5,Flagged,Temporal static scene
Part 5,ruokolahti_DJI_0080_frame123,Near Duplicate,pHash < 5,Flagged,Temporal static scene
Part 5,ruokolahti_DJI_0080_frame124,Near Duplicate,pHash < 5,Flagged,Temporal static scene
Part 5,ruokolahti_DJI_0080_frame125,Near Duplicate,pHash < 5,Flagged,Temporal static scene
Part 5,ruokolahti_DJI_0080_frame126,Near Duplicate,pHash < 5,Flagged,Temporal static scene
Part 5,ruokolahti_DJI_0080_frame127,Near Duplicate,pHash < 5,Flagged,Temporal static scene
Part 5,ruokolahti_DJI_0080_frame128,Near Duplicate,pHash < 5,Flagged,Temporal static scene
Part 5,ruokolahti_DJI_0080_frame130,Near Duplicate,pHash < 5,Flagged,Temporal static scene
Part 5,ruokolahti_DJI_0080_frame131,Near Duplicate,pHash < 5,Flagged,Temporal static scene
Part 5,ruokolahti_DJI_0080_frame132,Near Duplicate,pHash < 5,Flagged,Temporal static scene
Part 5,ruokolahti_DJI_0080_frame133,Near Duplicate,pHash < 5,Flagged,Temporal static scene
Part 5,ruokolahti_DJI_0080_frame134,Near Duplicate,pHash < 5,Flagged,Temporal static scene
Part 5,ruokolahti_DJI_0080_frame135,Near Duplicate,pHash < 5,Flagged,Temporal static scene
Part 5,ruokolahti_DJI_0080_frame136,Near Duplicate,pHash < 5,Flagged,Temporal static scene
Part 5,ruokolahti_DJI_0080_frame137,Near Duplicate,pHash < 5,Flagged,Temporal static scene
Part 5,ruokolahti_DJI_0080_frame138,Near Duplicate,pHash < 5,Flagged,Temporal static scene
Part 5,ruokolahti_DJI_0080_frame139,Near Duplicate,pHash < 5,Flagged,Temporal static scene
Part 5,ruokolahti_DJI_0080_frame140,Near Duplicate,pHash < 5,Flagged,Temporal static scene
Part 5,ruokolahti_DJI_0080_frame141,Near Duplicate,pHash < 5,Flagged,Temporal static scene
Part 5,ruokolahti_DJI_0080_frame142,Near Duplicate,pHash < 5,Flagged,Temporal static scene
Part 5,ruokolahti_DJI_0080_frame143,Near Duplicate,pHash < 5,Flagged,Temporal static scene
Part 5,ruokolahti_DJI_0080_frame144,Near Duplicate,pHash < 5,Flagged,Temporal static scene
Part 5,ruokolahti_DJI_0080_frame145,Near Duplicate,pHash < 5,Flagged,Temporal static scene
Part 5,ruokolahti_DJI_0080_frame146,Near Duplicate,pHash < 5,Flagged,Temporal static scene
Part 5,ruokolahti_DJI_0080_frame147,Near Duplicate,pHash < 5,Flagged,Temporal static scene
Part 5,ruokolahti_DJI_0080_frame148,Near Duplicate,pHash < 5,Flagged,Temporal static scene
Part 5,ruokolahti_DJI_0080_frame149,Near Duplicate,pHash < 5,Flagged,Temporal static scene
Part 5,ruokolahti_DJI_0080_frame150,Near Duplicate,pHash < 5,Flagged,Temporal static scene
Part 5,ruokolahti_DJI_0080_frame151,Near Duplicate,pHash < 5,Flagged,Temporal static scene
Part 5,ruokolahti_DJI_0080_frame152,Near Duplicate,pHash < 5,Flagged,Temporal static scene
Part 5,ruokolahti_DJI_0080_frame156,Near Duplicate,pHash < 5,Flagged,Temporal static scene
Part 5,ruokolahti_DJI_0080_frame157,Near Duplicate,pHash < 5,Flagged,Temporal static scene
Part 5,ruokolahti_DJI_0080_frame159,Near Duplicate,pHash < 5,Flagged,Temporal static scene
Part 5,ruokolahti_DJI_0080_frame161,Near Duplicate,pHash < 5,Flagged,Temporal static scene
Part 5,ruokolahti_DJI_0080_frame162,Near Duplicate,pHash < 5,Flagged,Temporal static scene
Part 5,ruokolahti_DJI_0080_frame163,Near Duplicate,pHash < 5,Flagged,Temporal static scene
Part 5,ruokolahti_DJI_0080_frame164,Near Duplicate,pHash < 5,Flagged,Temporal static scene
Part 5,ruokolahti_DJI_0080_frame166,Near Duplicate,pHash < 5,Flagged,Temporal static scene
Part 5,ruokolahti_DJI_0080_frame167,Near Duplicate,pHash < 5,Flagged,Temporal static scene
Part 5,ruokolahti_DJI_0080_frame169,Near Duplicate,pHash < 5,Flagged,Temporal static scene
Part 5,ruokolahti_DJI_0080_frame171,Near Duplicate,pHash < 5,Flagged,Temporal static scene
Part 5,ruokolahti_DJI_0080_frame172,Near Duplicate,pHash < 5,Flagged,Temporal static scene
Part 5,ruokolahti_DJI_0080_frame173,Near Duplicate,pHash < 5,Flagged,Temporal static scene
Part 5,ruokolahti_DJI_0080_frame174,Near Duplicate,pHash < 5,Flagged,Temporal static scene
Part 5,ruokolahti_DJI_0080_frame175,Near Duplicate,pHash < 5,Flagged,Temporal static scene
Part 5,ruokolahti_DJI_0080_frame176,Near Duplicate,pHash < 5,Flagged,Temporal static scene
Part 5,ruokolahti_DJI_0080_frame177,Near Duplicate,pHash < 5,Flagged,Temporal static scene
Part 5,ruokolahti_DJI_0080_frame179,Near Duplicate,pHash < 5,Flagged,Temporal static scene
Part 5,ruokolahti_DJI_0080_frame180,Near Duplicate,pHash < 5,Flagged,Temporal static scene
Part 5,ruokolahti_DJI_0080_frame181,Near Duplicate,pHash < 5,Flagged,Temporal static scene
Part 5,ruokolahti_DJI_0080_frame182,Near Duplicate,pHash < 5,Flagged,Temporal static scene
Part 5,ruokolahti_DJI_0080_frame183,Near Duplicate,pHash < 5,Flagged,Temporal static scene
Part 5,ruokolahti_DJI_0080_frame184,Near Duplicate,pHash < 5,Flagged,Temporal static scene
Part 5,ruokolahti_DJI_0080_frame185,Near Duplicate,pHash < 5,Flagged,Temporal static scene
Part 5,ruokolahti_DJI_0080_frame186,Near Duplicate,pHash < 5,Flagged,Temporal static scene
Part 5,ruokolahti_DJI_0080_frame187,Near Duplicate,pHash < 5,Flagged,Temporal static scene
Part 5,ruokolahti_DJI_0080_frame188,Near Duplicate,pHash < 5,Flagged,Temporal static scene
Part 5,ruokolahti_DJI_0080_frame189,Near Duplicate,pHash < 5,Flagged,Temporal static scene
Part 5,ruokolahti_DJI_0080_frame190,Near Duplicate,pHash < 5,Flagged,Temporal static scene
Part 5,ruokolahti_DJI_0080_frame191,Near Duplicate,pHash < 5,Flagged,Temporal static scene
Part 5,ruokolahti_DJI_0080_frame192,Near Duplicate,pHash < 5,Flagged,Temporal static scene
Part 5,ruokolahti_DJI_0080_frame193,Near Duplicate,pHash < 5,Flagged,Temporal static scene
Part 5,ruokolahti_DJI_0080_frame194,Near Duplicate,pHash < 5,Flagged,Temporal static scene
Part 5,ruokolahti_DJI_0080_frame195,Near Duplicate,pHash < 5,Flagged,Temporal static scene
Part 5,ruokolahti_DJI_0080_frame196,Near Duplicate,pHash < 5,Flagged,Temporal static scene
Part 5,ruokolahti_DJI_0080_frame198,Near Duplicate,pHash < 5,Flagged,Temporal static scene
Part 5,ruokolahti_DJI_0080_frame200,Near Duplicate,pHash < 5,Flagged,Temporal static scene
Part 5,ruokolahti_DJI_0080_frame201,Near Duplicate,pHash < 5,Flagged,Temporal static scene
Part 5,ruokolahti_DJI_0080_frame203,Near Duplicate,pHash < 5,Flagged,Temporal static scene
Part 5,ruokolahti_DJI_0080_frame205,Near Duplicate,pHash < 5,Flagged,Temporal static scene
Part 5,ruokolahti_DJI_0080_frame206,Near Duplicate,pHash < 5,Flagged,Temporal static scene
Part 5,ruokolahti_DJI_0080_frame207,Near Duplicate,pHash < 5,Flagged,Temporal static scene
Part 5,ruokolahti_DJI_0080_frame210,Near Duplicate,pHash < 5,Flagged,Temporal static scene
Part 5,ruokolahti_DJI_0080_frame212,Near Duplicate,pHash < 5,Flagged,Temporal static scene
Part 5,ruokolahti_DJI_0080_frame214,Near Duplicate,pHash < 5,Flagged,Temporal static scene
Part 5,ruokolahti_DJI_0080_frame215,Near Duplicate,pHash < 5,Flagged,Temporal static scene
Part 5,ruokolahti_DJI_0080_frame216,Near Duplicate,pHash < 5,Flagged,Temporal static scene
Part 5,ruokolahti_DJI_0080_frame217,Near Duplicate,pHash < 5,Flagged,Temporal static scene
Part 5,ruokolahti_DJI_0080_frame218,Near Duplicate,pHash < 5,Flagged,Temporal static scene
Part 5,ruokolahti_DJI_0080_frame219,Near Duplicate,pHash < 5,Flagged,Temporal static scene
Part 5,ruokolahti_DJI_0080_frame220,Near Duplicate,pHash < 5,Flagged,Temporal static scene
Part 5,ruokolahti_DJI_0080_frame221,Near Duplicate,pHash < 5,Flagged,Temporal static scene
Part 5,ruokolahti_DJI_0080_frame222,Near Duplicate,pHash < 5,Flagged,Temporal static scene
Part 5,ruokolahti_DJI_0080_frame223,Near Duplicate,pHash < 5,Flagged,Temporal static scene
Part 5,ruokolahti_DJI_0080_frame224,Near Duplicate,pHash < 5,Flagged,Temporal static scene
Part 5,ruokolahti_DJI_0080_frame225,Near Duplicate,pHash < 5,Flagged,Temporal static scene
Part 5,ruokolahti_DJI_0080_frame226,Near Duplicate,pHash < 5,Flagged,Temporal static scene
Part 5,ruokolahti_DJI_0080_frame227,Near Duplicate,pHash < 5,Flagged,Temporal static scene
Part 5,ruokolahti_DJI_0080_frame228,Near Duplicate,pHash < 5,Flagged,Temporal static scene
Part 5,ruokolahti_DJI_0080_frame229,Near Duplicate,pHash < 5,Flagged,Temporal static scene
Part 5,ruokolahti_DJI_0080_frame230,Near Duplicate,pHash < 5,Flagged,Temporal static scene
Part 5,ruokolahti_DJI_0080_frame232,Near Duplicate,pHash < 5,Flagged,Temporal static scene
Part 5,ruokolahti_DJI_0080_frame233,Near Duplicate,pHash < 5,Flagged,Temporal static scene
Part 5,ruokolahti_DJI_0080_frame234,Near Duplicate,pHash < 5,Flagged,Temporal static scene
Part 5,ruokolahti_DJI_0080_frame235,Near Duplicate,pHash < 5,Flagged,Temporal static scene
Part 5,ruokolahti_DJI_0080_frame237,Near Duplicate,pHash < 5,Flagged,Temporal static scene
Part 5,ruokolahti_DJI_0080_frame240,Near Duplicate,pHash < 5,Flagged,Temporal static scene
Part 5,ruokolahti_DJI_0080_frame241,Near Duplicate,pHash < 5,Flagged,Temporal static scene
Part 5,ruokolahti_DJI_0080_frame244,Near Duplicate,pHash < 5,Flagged,Temporal static scene
Part 5,ruokolahti_DJI_0080_frame245,Near Duplicate,pHash < 5,Flagged,Temporal static scene
Part 5,ruokolahti_DJI_0080_frame246,Near Duplicate,pHash < 5,Flagged,Temporal static scene
Part 5,ruokolahti_DJI_0080_frame247,Near Duplicate,pHash < 5,Flagged,Temporal static scene
Part 5,ruokolahti_DJI_0080_frame248,Near Duplicate,pHash < 5,Flagged,Temporal static scene
Part 5,ruokolahti_DJI_0080_frame249,Near Duplicate,pHash < 5,Flagged,Temporal static scene
Part 5,ruokolahti_DJI_0080_frame250,Near Duplicate,pHash < 5,Flagged,Temporal static scene
Part 5,ruokolahti_DJI_0080_frame251,Near Duplicate,pHash < 5,Flagged,Temporal static scene
Part 5,ruokolahti_DJI_0080_frame252,Near Duplicate,pHash < 5,Flagged,Temporal static scene
Part 5,ruokolahti_DJI_0080_frame253,Near Duplicate,pHash < 5,Flagged,Temporal static scene
Part 5,ruokolahti_DJI_0080_frame254,Near Duplicate,pHash < 5,Flagged,Temporal static scene
Part 5,ruokolahti_DJI_0080_frame255,Near Duplicate,pHash < 5,Flagged,Temporal static scene
Part 5,ruokolahti_DJI_0080_frame256,Near Duplicate,pHash < 5,Flagged,Temporal static scene
Part 5,ruokolahti_DJI_0080_frame257,Near Duplicate,pHash < 5,Flagged,Temporal static scene
Part 5,ruokolahti_DJI_0080_frame258,Near Duplicate,pHash < 5,Flagged,Temporal static scene
Part 5,ruokolahti_DJI_0080_frame259,Near Duplicate,pHash < 5,Flagged,Temporal static scene
Part 5,ruokolahti_DJI_0080_frame260,Near Duplicate,pHash < 5,Flagged,Temporal static scene
Part 5,ruokolahti_DJI_0080_frame261,Near Duplicate,pHash < 5,Flagged,Temporal static scene
Part 5,ruokolahti_DJI_0080_frame262,Near Duplicate,pHash < 5,Flagged,Temporal static scene
Part 5,ruokolahti_DJI_0080_frame263,Near Duplicate,pHash < 5,Flagged,Temporal static scene
Part 5,ruokolahti_DJI_0080_frame264,Near Duplicate,pHash < 5,Flagged,Temporal static scene
Part 5,ruokolahti_DJI_0080_frame265,Near Duplicate,pHash < 5,Flagged,Temporal static scene
Part 5,ruokolahti_DJI_0080_frame266,Near Duplicate,pHash < 5,Flagged,Temporal static scene
Part 5,ruokolahti_DJI_0080_frame267,Near Duplicate,pHash < 5,Flagged,Temporal static scene
Part 5,ruokolahti_DJI_0080_frame268,Near Duplicate,pHash < 5,Flagged,Temporal static scene
Part 5,ruokolahti_DJI_0080_frame271,Near Duplicate,pHash < 5,Flagged,Temporal static scene
Part 5,ruokolahti_DJI_0080_frame272,Near Duplicate,pHash < 5,Flagged,Temporal static scene
Part 5,ruokolahti_DJI_0080_frame274,Near Duplicate,pHash < 5,Flagged,Temporal static scene
Part 5,ruokolahti_DJI_0080_frame275,Near Duplicate,pHash < 5,Flagged,Temporal static scene
Part 5,ruokolahti_DJI_0080_frame276,Near Duplicate,pHash < 5,Flagged,Temporal static scene
Part 5,ruokolahti_DJI_0080_frame277,Near Duplicate,pHash < 5,Flagged,Temporal static scene
Part 5,ruokolahti_DJI_0080_frame278,Near Duplicate,pHash < 5,Flagged,Temporal static scene
Part 5,ruokolahti_DJI_0080_frame279,Near Duplicate,pHash < 5,Flagged,Temporal static scene
Part 5,ruokolahti_DJI_0080_frame280,Near Duplicate,pHash < 5,Flagged,Temporal static scene
Part 5,ruokolahti_DJI_0080_frame281,Near Duplicate,pHash < 5,Flagged,Temporal static scene
Part 5,ruokolahti_DJI_0080_frame282,Near Duplicate,pHash < 5,Flagged,Temporal static scene
Part 5,ruokolahti_DJI_0080_frame283,Near Duplicate,pHash < 5,Flagged,Temporal static scene
Part 5,ruokolahti_DJI_0080_frame284,Near Duplicate,pHash < 5,Flagged,Temporal static scene
Part 5,ruokolahti_DJI_0080_frame285,Near Duplicate,pHash < 5,Flagged,Temporal static scene
Part 5,ruokolahti_DJI_0080_frame286,Near Duplicate,pHash < 5,Flagged,Temporal static scene
Part 5,ruokolahti_DJI_0080_frame287,Near Duplicate,pHash < 5,Flagged,Temporal static scene
Part 5,ruokolahti_DJI_0080_frame289,Near Duplicate,pHash < 5,Flagged,Temporal static scene
Part 5,ruokolahti_DJI_0080_frame294,Near Duplicate,pHash < 5,Flagged,Temporal static scene
Part 5,ruokolahti_DJI_0080_frame295,Near Duplicate,pHash < 5,Flagged,Temporal static scene
Part 5,ruokolahti_DJI_0080_frame296,Near Duplicate,pHash < 5,Flagged,Temporal static scene
Part 5,ruokolahti_DJI_0080_frame297,Near Duplicate,pHash < 5,Flagged,Temporal static scene
Part 5,ruokolahti_DJI_0080_frame298,Near Duplicate,pHash < 5,Flagged,Temporal static scene
Part 5,ruokolahti_DJI_0080_frame299,Near Duplicate,pHash < 5,Flagged,Temporal static scene
Part 5,ruokolahti_DJI_0080_frame300,Near Duplicate,pHash < 5,Flagged,Temporal static scene
Part 5,ruokolahti_DJI_0080_frame302,Near Duplicate,pHash < 5,Flagged,Temporal static scene
Part 5,ruokolahti_DJI_0080_frame303,Near Duplicate,pHash < 5,Flagged,Temporal static scene
Part 5,ruokolahti_DJI_0080_frame305,Near Duplicate,pHash < 5,Flagged,Temporal static scene
Part 5,ruokolahti_DJI_0080_frame306,Near Duplicate,pHash < 5,Flagged,Temporal static scene
Part 5,ruokolahti_DJI_0080_frame308,Near Duplicate,pHash < 5,Flagged,Temporal static scene
Part 5,ruokolahti_DJI_0080_frame309,Near Duplicate,pHash < 5,Flagged,Temporal static scene
Part 5,ruokolahti_DJI_0080_frame310,Near Duplicate,pHash < 5,Flagged,Temporal static scene
Part 5,ruokolahti_DJI_0080_frame311,Near Duplicate,pHash < 5,Flagged,Temporal static scene
Part 5,ruokolahti_DJI_0080_frame312,Near Duplicate,pHash < 5,Flagged,Temporal static scene
Part 5,ruokolahti_DJI_0080_frame313,Near Duplicate,pHash < 5,Flagged,Temporal static scene
Part 5,ruokolahti_DJI_0080_frame314,Near Duplicate,pHash < 5,Flagged,Temporal static scene
Part 5,ruokolahti_DJI_0080_frame315,Near Duplicate,pHash < 5,Flagged,Temporal static scene
Part 5,ruokolahti_DJI_0080_frame316,Near Duplicate,pHash < 5,Flagged,Temporal static scene
Part 5,ruokolahti_DJI_0080_frame317,Near Duplicate,pHash < 5,Flagged,Temporal static scene
Part 5,ruokolahti_DJI_0080_frame318,Near Duplicate,pHash < 5,Flagged,Temporal static scene
Part 5,ruokolahti_DJI_0080_frame319,Near Duplicate,pHash < 5,Flagged,Temporal static scene
Part 5,ruokolahti_DJI_0080_frame320,Near Duplicate,pHash < 5,Flagged,Temporal static scene
Part 5,ruokolahti_DJI_0080_frame321,Near Duplicate,pHash < 5,Flagged,Temporal static scene
Part 5,ruokolahti_DJI_0080_frame322,Near Duplicate,pHash < 5,Flagged,Temporal static scene
Part 5,ruokolahti_DJI_0080_frame323,Near Duplicate,pHash < 5,Flagged,Temporal static scene
Part 5,ruokolahti_DJI_0080_frame325,Near Duplicate,pHash < 5,Flagged,Temporal static scene
Part 5,ruokolahti_DJI_0080_frame328,Near Duplicate,pHash < 5,Flagged,Temporal static scene
Part 5,ruokolahti_DJI_0080_frame330,Near Duplicate,pHash < 5,Flagged,Temporal static scene
Part 5,ruokolahti_DJI_0080_frame332,Near Duplicate,pHash < 5,Flagged,Temporal static scene
Part 5,ruokolahti_DJI_0080_frame334,Near Duplicate,pHash < 5,Flagged,Temporal static scene
Part 5,ruokolahti_DJI_0080_frame335,Near Duplicate,pHash < 5,Flagged,Temporal static scene
Part 5,ruokolahti_DJI_0080_frame336,Near Duplicate,pHash < 5,Flagged,Temporal static scene
Part 5,ruokolahti_DJI_0080_frame337,Near Duplicate,pHash < 5,Flagged,Temporal static scene
Part 5,ruokolahti_DJI_0080_frame338,Near Duplicate,pHash < 5,Flagged,Temporal static scene
Part 5,ruokolahti_DJI_0080_frame339,Near Duplicate,pHash < 5,Flagged,Temporal static scene
Part 5,ruokolahti_DJI_0080_frame340,Near Duplicate,pHash < 5,Flagged,Temporal static scene
Part 5,heinola_DJI_0038_frame39,Near Duplicate,pHash < 5,Flagged,Temporal static scene
Part 5,heinola_DJI_0038_frame40,Near Duplicate,pHash < 5,Flagged,Temporal static scene
Part 5,heinola_DJI_0038_frame41,Near Duplicate,pHash < 5,Flagged,Temporal static scene
Part 5,ruokolahti_DJI_0082_frame7,Near Duplicate,pHash < 5,Flagged,Temporal static scene
Part 5,ruokolahti_DJI_0082_frame8,Near Duplicate,pHash < 5,Flagged,Temporal static scene
Part 5,ruokolahti_DJI_0082_frame14,Near Duplicate,pHash < 5,Flagged,Temporal static scene
Part 5,ruokolahti_DJI_0082_frame16,Near Duplicate,pHash < 5,Flagged,Temporal static scene
Part 5,ruokolahti_DJI_0082_frame30,Near Duplicate,pHash < 5,Flagged,Temporal static scene
Part 5,ruokolahti_DJI_0082_frame33,Near Duplicate,pHash < 5,Flagged,Temporal static scene
Part 5,ruokolahti_DJI_0082_frame35,Near Duplicate,pHash < 5,Flagged,Temporal static scene
Part 5,ruokolahti_DJI_0082_frame38,Near Duplicate,pHash < 5,Flagged,Temporal static scene
Part 5,ruokolahti_DJI_0082_frame39,Near Duplicate,pHash < 5,Flagged,Temporal static scene
Part 5,ruokolahti_DJI_0082_frame51,Near Duplicate,pHash < 5,Flagged,Temporal static scene
Part 5,ruokolahti_DJI_0082_frame52,Near Duplicate,pHash < 5,Flagged,Temporal static scene
Part 5,ruokolahti_DJI_0082_frame63,Near Duplicate,pHash < 5,Flagged,Temporal static scene
Part 5,ruokolahti_DJI_0082_frame64,Near Duplicate,pHash < 5,Flagged,Temporal static scene
Part 5,ruokolahti_DJI_0082_frame65,Near Duplicate,pHash < 5,Flagged,Temporal static scene
Part 5,ruokolahti_DJI_0082_frame66,Near Duplicate,pHash < 5,Flagged,Temporal static scene
